null,n,rho_target,align,nullB_strength,levels,kernel,n_seeds,n_finite,mean,sd,mcse,p2.5,p97.5,min,max,mean_is_zero,rho_realized_mean,rho_prim_ordinal_mean,seconds,cell_id
A,3000,0.0,1,,2,kendalltau,200,200,0.012069678384870839,0.009788407806512772,0.0006921449537004521,0.0005347404248294884,0.03785605452241167,0.00033003817550093334,0.051096196008982596,0,4.711942079104636e-05,0.00312152908183148,4.9,96
A,3000,0.0,1,,2,weightedtau_rankFalse,200,200,0.006250624616693889,0.060309611453791344,0.004264533522970173,-0.09852082941461511,0.12508306827545748,-0.1494698270155104,0.1679379882560132,1,4.711942079104636e-05,0.00312152908183148,4.9,96
A,3000,0.0,1,,2,weightedtau_rankTrue,200,200,0.26188141199204545,0.052812995711408225,0.003734442740231281,0.16138499222575925,0.34389388162834045,0.1370910888858038,0.3760314388262711,0,4.711942079104636e-05,0.00312152908183148,4.9,96
A,3000,0.0,0,,2,kendalltau,200,200,0.0011710571704160073,0.014586548653738885,0.001031424746716627,-0.027083058410435356,0.03227949376759397,-0.03852582770933181,0.043360101175240716,1,0.0002478011942001327,0.001343417171002657,4.5,97
A,3000,0.0,0,,2,weightedtau_rankFalse,200,200,-0.0075197051172885745,0.0617703098473716,0.004367820496907063,-0.11231673433807683,0.1090571876455695,-0.16553699038675668,0.1550014911669809,1,0.0002478011942001327,0.001343417171002657,4.5,97
A,3000,0.0,0,,2,weightedtau_rankTrue,200,200,0.2392909052007283,0.05340350645201266,0.0037761981551357694,0.15149491168337043,0.33664906034026515,0.13649492279929265,0.35191039127755036,0,0.0002478011942001327,0.001343417171002657,4.5,97
A,3000,0.5,1,,2,kendalltau,200,200,0.0098270532662384,0.01054115949405637,0.0007453725359816215,-0.009177261533429286,0.03211885947274658,-0.015984534644689966,0.037962562556476884,0,0.5006092438388048,-0.00012723261039069357,4.8,98
A,3000,0.5,1,,2,weightedtau_rankFalse,200,200,0.008416444754470244,0.06388928541857442,0.004517654696463678,-0.10255363236583484,0.12140732560631448,-0.14013585149509897,0.16289720776123054,1,0.5006092438388048,-0.00012723261039069357,4.8,98
A,3000,0.5,1,,2,weightedtau_rankTrue,200,200,0.24697490489508092,0.05177776306588194,0.0036612407378555484,0.15358278974643397,0.33888930178810184,0.11138439677458656,0.35638569855023017,0,0.5006092438388048,-0.00012723261039069357,4.8,98
A,3000,0.5,0,,2,kendalltau,200,200,0.0007677599496160234,0.01372747739244463,0.0009706792352782623,-0.023667414751658216,0.025584449352107186,-0.03548507598571654,0.03796884899791499,1,0.497896533281837,-0.000798513956669086,4.5,99
A,3000,0.5,0,,2,weightedtau_rankFalse,200,200,0.0027095506677657965,0.06439411078782888,0.004553351240655161,-0.1303955055578885,0.11746839582992213,-0.15862245203032746,0.13181797713586588,1,0.497896533281837,-0.000798513956669086,4.5,99
A,3000,0.5,0,,2,weightedtau_rankTrue,200,200,0.23958609237269804,0.05491980983906964,0.0038834169958681815,0.1342936242148958,0.3298159432474264,0.11356318071991854,0.3615863778427293,0,0.497896533281837,-0.000798513956669086,4.5,99
A,3000,0.9,1,,2,kendalltau,200,200,0.005278542568781794,0.013268512047526068,0.0009382254845061084,-0.023106554162653368,0.0325598533396302,-0.03741375621892962,0.03752565487652803,0,0.899504098807122,0.0008656174576840718,4.7,100
A,3000,0.9,1,,2,weightedtau_rankFalse,200,200,0.009049324038490767,0.0631334499253048,0.004464209056188435,-0.10042312730755427,0.13070009730105955,-0.16775205047122033,0.16670948618383113,0,0.899504098807122,0.0008656174576840718,4.7,100
A,3000,0.9,1,,2,weightedtau_rankTrue,200,200,0.2416337065365079,0.05545232276960605,0.003921071346293363,0.14912305487073718,0.33989725358613215,0.11825676926888094,0.3676696784357467,0,0.899504098807122,0.0008656174576840718,4.7,100
A,3000,0.9,0,,2,kendalltau,200,200,1.3468700781157257e-05,0.014797568554052936,0.0010463461069643645,-0.025640650138563918,0.02825620267940883,-0.03494507066618263,0.04996275061769082,1,0.8999034820559423,0.0010999716429714067,4.6,101
A,3000,0.9,0,,2,weightedtau_rankFalse,200,200,-0.0035310394699909807,0.05791384564972735,0.004095127298351324,-0.11793098917405263,0.11233916562226326,-0.14124363871859713,0.15668323795291428,1,0.8999034820559423,0.0010999716429714067,4.6,101
A,3000,0.9,0,,2,weightedtau_rankTrue,200,200,0.23688422573263715,0.054540719997668935,0.0038566112961148443,0.14428976014944414,0.3351872945033432,0.12813079272350675,0.35389161832821436,0,0.8999034820559423,0.0010999716429714067,4.6,101
A,3000,0.93,1,,2,kendalltau,200,200,0.005268499978584409,0.014412106226210777,0.0010190898043734502,-0.021370129024721386,0.03323753172665879,-0.0361948152240795,0.042725799234135116,0,0.9298519288657698,-0.0015464404799413643,4.8,102
A,3000,0.93,1,,2,weightedtau_rankFalse,200,200,0.0007881095550163098,0.06269050181397198,0.004432887894864714,-0.11882759097725897,0.12334627396221673,-0.14238579775065918,0.15197872162031198,1,0.9298519288657698,-0.0015464404799413643,4.8,102
A,3000,0.93,1,,2,weightedtau_rankTrue,200,200,0.24684357182434433,0.05637697357714522,0.00398645403191742,0.14895198213332042,0.3462370878815077,0.12586407066942504,0.3705908222548391,0,0.9298519288657698,-0.0015464404799413643,4.8,102
A,3000,0.93,0,,2,kendalltau,200,200,-0.0008269908008459246,0.014701251376886897,0.0010395354540524793,-0.031359520211436905,0.02782067801657635,-0.03489100726981487,0.030917347636783627,1,0.9300760768417863,-0.0005357310425474797,4.5,103
A,3000,0.93,0,,2,weightedtau_rankFalse,200,200,-0.0036120913829217603,0.0614865429057392,0.004347755144036579,-0.11538300310878843,0.10519864010995648,-0.18062900910232021,0.16073075606618115,1,0.9300760768417863,-0.0005357310425474797,4.5,103
A,3000,0.93,0,,2,weightedtau_rankTrue,200,200,0.24860693364166006,0.054049349890839475,0.0038218661826536974,0.15541799709411677,0.33742886193429955,0.11219483601578353,0.3619465707420121,0,0.9300760768417863,-0.0005357310425474797,4.5,103
A,3000,0.998,1,,2,kendalltau,200,200,0.0017722075625977213,0.0163698674712839,0.0011575244296069926,-0.03095580494228128,0.033493169867739654,-0.0456225914488176,0.051118198554015996,1,0.9979621058002337,-0.0009561883239444604,4.8,104
A,3000,0.998,1,,2,weightedtau_rankFalse,200,200,-0.003596822461067971,0.06121952021262021,0.004328873788333066,-0.12675606090735697,0.11484764824556917,-0.13534564048046732,0.13721508605006946,1,0.9979621058002337,-0.0009561883239444604,4.8,104
A,3000,0.998,1,,2,weightedtau_rankTrue,200,200,0.23592312538929464,0.05508938236195685,0.0038954075839518275,0.1306658290060662,0.3353087375435799,0.10421816333219819,0.36977149756535477,0,0.9979621058002337,-0.0009561883239444604,4.8,104
A,3000,0.998,0,,2,kendalltau,200,200,-0.0001631771604090994,0.015087907479146288,0.0010668761692419568,-0.03268039585420602,0.029232031267743503,-0.036997593795726536,0.03558943091358922,1,0.9979769181063242,-4.423273108088835e-05,4.5,105
A,3000,0.998,0,,2,weightedtau_rankFalse,200,200,0.005939556374512588,0.06145311947872079,0.004345391750847059,-0.10794101182584862,0.11708179968909459,-0.15621222566058726,0.15278792631686772,1,0.9979769181063242,-4.423273108088835e-05,4.5,105
A,3000,0.998,0,,2,weightedtau_rankTrue,200,200,0.24295603373479957,0.05015066767225664,0.003546187719208564,0.1503992040426279,0.3313057433238769,0.12491238715202065,0.3534506063854994,0,0.9979769181063242,-4.423273108088835e-05,4.5,105
A,3000,1.0,1,,2,kendalltau,200,196,0.0010363363107435547,0.016183609279665546,0.001155972091404682,-0.03013169600217195,0.032971309539783625,-0.04600647337266206,0.038444250228747964,1,0.9999999999999999,0.0014540682807410298,4.5,106
A,3000,1.0,1,,2,weightedtau_rankFalse,200,196,-0.002649825929483325,0.06402151482692252,0.00457296534478018,-0.1285693517878974,0.11232619667158482,-0.17381823959974893,0.1592687608532063,1,0.9999999999999999,0.0014540682807410298,4.5,106
A,3000,1.0,1,,2,weightedtau_rankTrue,200,196,0.36527481143901974,0.11399032781001726,0.00814216627214409,0.03333594890410391,0.4542000820247567,-0.13313918148943005,0.468428018278985,0,0.9999999999999999,0.0014540682807410298,4.5,106
A,3000,1.0,0,,2,kendalltau,200,200,0.0004956585378229634,0.01863637899014796,0.0013177909960696123,-0.034447375869998825,0.03554940306912866,-0.04650601994153894,0.053801721809693524,1,0.9999999999999999,-0.0011800693747668553,4.3,107
A,3000,1.0,0,,2,weightedtau_rankFalse,200,200,0.002591077207095344,0.06355248977560288,0.004493839648161752,-0.11613289119844651,0.1299066387281385,-0.1638607359343428,0.18649157049824952,1,0.9999999999999999,-0.0011800693747668553,4.3,107
A,3000,1.0,0,,2,weightedtau_rankTrue,200,200,0.3212869967187001,0.12215948423558547,0.008637979968923364,0.024973784206732325,0.4381376720504553,-0.006917802225267352,0.44926739108280245,0,0.9999999999999999,-0.0011800693747668553,4.3,107
A,3000,0.0,1,,4,kendalltau,200,200,0.010874572923307155,0.008818885906492276,0.0006235894026991162,0.0006246816434941665,0.0326836269213731,0.00012883473430458354,0.05045188726799253,0,0.003294925912769546,-0.0008752908422182831,5.2,108
A,3000,0.0,1,,4,weightedtau_rankFalse,200,200,0.013229978760470811,0.05695952532779951,0.004027646661245394,-0.09894996162858834,0.1327580072109053,-0.16590052205434064,0.15714580162308225,0,0.003294925912769546,-0.0008752908422182831,5.2,108
A,3000,0.0,1,,4,weightedtau_rankTrue,200,200,0.2764970996559908,0.04727468188913372,0.0033428248142243315,0.1911153721550619,0.35924370629934,0.13481303564424701,0.39025375469071144,0,0.003294925912769546,-0.0008752908422182831,5.2,108
A,3000,0.0,0,,4,kendalltau,200,200,-0.0005914592204747874,0.014083857687047714,0.0009958791275777722,-0.026356070631028603,0.026995509241101483,-0.034924478712422984,0.036506425529660935,1,-0.001924032224892469,0.00017472491972477574,5.0,109
A,3000,0.0,0,,4,weightedtau_rankFalse,200,200,-0.005399829465354484,0.058207367262667925,0.004115882410644834,-0.11335739826883053,0.10578769857256717,-0.15639353997407868,0.17064384019281728,1,-0.001924032224892469,0.00017472491972477574,5.0,109
A,3000,0.0,0,,4,weightedtau_rankTrue,200,200,0.2586823519487458,0.05194501133339846,0.0036730669762658117,0.169941413441701,0.3653477663983395,0.15037055058576648,0.38033726259922657,0,-0.001924032224892469,0.00017472491972477574,5.0,109
A,3000,0.5,1,,4,kendalltau,200,200,0.01011392700582916,0.009235149358019784,0.000653023673632638,-0.005698717031918588,0.027693500928129725,-0.013316686640629941,0.0357257178369228,0,0.5007477066497451,-0.0031397090017093515,5.3,110
A,3000,0.5,1,,4,weightedtau_rankFalse,200,200,0.011873218109994811,0.054437818722094515,0.0038493350771397023,-0.09735280299287621,0.10857380429131827,-0.12851515266946167,0.13863394854686234,0,0.5007477066497451,-0.0031397090017093515,5.3,110
A,3000,0.5,1,,4,weightedtau_rankTrue,200,200,0.27365243783997306,0.0518487426021782,0.0036662597489996044,0.17357030114663727,0.36523053180962894,0.1520184087641274,0.39275212297257794,0,0.5007477066497451,-0.0031397090017093515,5.3,110
A,3000,0.5,0,,4,kendalltau,200,200,0.0002802206799704098,0.013770896683955924,0.0009737494428244574,-0.02584314413704227,0.025804557877475154,-0.051380421269414805,0.03704024275546478,1,0.5009852228828025,-6.801819796784951e-05,4.9,111
A,3000,0.5,0,,4,weightedtau_rankFalse,200,200,0.004410773014702511,0.055590920508454406,0.003930871686393043,-0.10274029455018606,0.11585751078830063,-0.15000054460402903,0.19212194460007895,1,0.5009852228828025,-6.801819796784951e-05,4.9,111
A,3000,0.5,0,,4,weightedtau_rankTrue,200,200,0.26312220099237976,0.050856096286107474,0.003596069054858259,0.17822496727597448,0.3457932050637552,0.10573102409259211,0.37377263506063724,0,0.5009852228828025,-6.801819796784951e-05,4.9,111
A,3000,0.9,1,,4,kendalltau,200,200,0.0062983297972317364,0.012215792406255645,0.0008637869648030499,-0.014197793034682724,0.032918224193540076,-0.027030143200054476,0.043063651548549596,0,0.9004926349014037,-0.0005097517683917735,5.2,112
A,3000,0.9,1,,4,weightedtau_rankFalse,200,200,0.010330416158628224,0.056411979000404955,0.0039889292891339455,-0.11605474264078927,0.11660250936982214,-0.16033106549339268,0.1397030920481304,0,0.9004926349014037,-0.0005097517683917735,5.2,112
A,3000,0.9,1,,4,weightedtau_rankTrue,200,200,0.2626808486680391,0.046813405478335984,0.003310207646416685,0.1758959090513105,0.3545766807868632,0.16247447875576143,0.3876714107459273,0,0.9004926349014037,-0.0005097517683917735,5.2,112
A,3000,0.9,0,,4,kendalltau,200,200,-0.0005913873604636215,0.014286803893959856,0.0010102295914901386,-0.029313687537023816,0.025788800003598067,-0.050150075221095734,0.03749860696954444,1,0.8997674328763813,-0.0020337088320551366,4.9,113
A,3000,0.9,0,,4,weightedtau_rankFalse,200,200,-0.007087150668024298,0.05431772842304189,0.0038408434106582193,-0.11805094621052414,0.09990300647476776,-0.17110479867457842,0.1387958416915391,1,0.8997674328763813,-0.0020337088320551366,4.9,113
A,3000,0.9,0,,4,weightedtau_rankTrue,200,200,0.26351614766874665,0.05072540146034808,0.003586827535102213,0.1655386497385573,0.35896550055890486,0.1335019523325366,0.4023370810465502,0,0.8997674328763813,-0.0020337088320551366,4.9,113
A,3000,0.93,1,,4,kendalltau,200,200,0.004699855177425625,0.012986477428708518,0.0009182826253565832,-0.02201985790725009,0.03161136006547417,-0.03454618708221391,0.04012252394868799,0,0.92965487155943,-0.0012499529439893606,5.3,114
A,3000,0.93,1,,4,weightedtau_rankFalse,200,200,0.009534732614909797,0.059878226322450094,0.004234029987802729,-0.10228503437678697,0.14055976101480147,-0.1758948175489733,0.16697319384191622,0,0.92965487155943,-0.0012499529439893606,5.3,114
A,3000,0.93,1,,4,weightedtau_rankTrue,200,200,0.2614312968316147,0.050826390551957513,0.003593968542252503,0.17306272861761576,0.36135853010725855,0.15264436385548247,0.3991820131452382,0,0.92965487155943,-0.0012499529439893606,5.3,114
A,3000,0.93,0,,4,kendalltau,200,200,0.0007645135259361032,0.014383025548722315,0.0010170334899480913,-0.02801684531408658,0.02665409719519434,-0.0507752573182391,0.033240388022170636,1,0.9298664537518281,0.002043436045435279,5.0,115
A,3000,0.93,0,,4,weightedtau_rankFalse,200,200,-0.0017022509581691508,0.057732873258953474,0.00408233061787895,-0.12838462969093054,0.12078550564256824,-0.18570440640396782,0.16756502935394121,1,0.9298664537518281,0.002043436045435279,5.0,115
A,3000,0.93,0,,4,weightedtau_rankTrue,200,200,0.2614414767946578,0.04875282753978167,0.0034473454955397886,0.16524135191089417,0.3440416764609571,0.15767143351366536,0.3685250409396208,0,0.9298664537518281,0.002043436045435279,5.0,115
A,3000,0.998,1,,4,kendalltau,200,200,-0.001050893635435019,0.013149465673663872,0.0009298076346827456,-0.027850309738209605,0.021836537885907947,-0.03070218977063213,0.06344828357314015,1,0.9979554367461594,0.0012841780693897084,5.3,116
A,3000,0.998,1,,4,weightedtau_rankFalse,200,200,-0.003235611646029325,0.054416410780427756,0.003847821307067321,-0.11177283839319561,0.09615188194385098,-0.12716006465430488,0.17726114930387638,1,0.9979554367461594,0.0012841780693897084,5.3,116
A,3000,0.998,1,,4,weightedtau_rankTrue,200,200,0.26070890415868225,0.050556010861125975,0.0035748498109642924,0.1667470355799218,0.3584723066981905,0.13281419969051877,0.40146674080309325,0,0.9979554367461594,0.0012841780693897084,5.3,116
A,3000,0.998,0,,4,kendalltau,200,200,-0.0004930700330438147,0.014134966083699081,0.0009994930369625476,-0.027334085382996542,0.02597276163218277,-0.03639555579814783,0.0485111536807191,1,0.9979781917553545,0.0004267752472468872,4.8,117
A,3000,0.998,0,,4,weightedtau_rankFalse,200,200,0.0002982479091765983,0.0549607005252093,0.003886308404013854,-0.10832141043562836,0.10543841056641717,-0.13313598154586334,0.18592265458600168,1,0.9979781917553545,0.0004267752472468872,4.8,117
A,3000,0.998,0,,4,weightedtau_rankTrue,200,200,0.26348963432562356,0.05142664947524847,0.0036364132577651797,0.17406541226493016,0.36697488239040565,0.15694396799502774,0.3807720949109675,0,0.9979781917553545,0.0004267752472468872,4.8,117
A,3000,1.0,1,,4,kendalltau,200,190,0.001228641922671198,0.015240813225238141,0.001105684802727284,-0.03201007373206929,0.031907041933073525,-0.04727496561370964,0.04422185620269008,1,0.9999999999999999,0.000656308909006189,4.7,118
A,3000,1.0,1,,4,weightedtau_rankFalse,200,190,0.0053410548589880626,0.06761957076809881,0.0049056392634888885,-0.11423486409268395,0.12733376132170976,-0.261083172858738,0.1776969375458737,1,0.9999999999999999,0.000656308909006189,4.7,118
A,3000,1.0,1,,4,weightedtau_rankTrue,200,190,0.4143379340467781,0.12729354833732334,0.009234844611095885,0.04322360647726625,0.5174059357830721,-0.166259224442299,0.5241607945960565,0,0.9999999999999999,0.000656308909006189,4.7,118
A,3000,1.0,0,,4,kendalltau,200,200,0.0007102959805739006,0.015263252428600407,0.0010792749295225387,-0.02745854010464203,0.029197811011103164,-0.03708558830554062,0.04227243170679335,1,0.9999999999999999,-0.0007476992717724051,4.6,119
A,3000,1.0,0,,4,weightedtau_rankFalse,200,200,-0.0014724748359673714,0.05802346370098563,0.004102878465089842,-0.12502020229698355,0.11065896630896982,-0.16134397378182447,0.1531424504807428,1,0.9999999999999999,-0.0007476992717724051,4.6,119
A,3000,1.0,0,,4,weightedtau_rankTrue,200,200,0.35767480794042045,0.13399542969242204,0.009474907698351688,0.027824414447498114,0.49563485816146613,0.0033657122611739252,0.5166592808495154,0,0.9999999999999999,-0.0007476992717724051,4.6,119
A,500,0.0,1,,12,kendalltau,200,200,0.023860562104429228,0.018248984982370688,0.001290398103080578,0.00042740778048190283,0.06812721102137319,-0.0033122011951239425,0.11748277269371438,0,-0.006080192960771843,0.004605024126801452,1.4,0
A,500,0.0,1,,12,weightedtau_rankFalse,200,200,0.023096693645296408,0.06678573131792474,0.004722464350140737,-0.10191187149379544,0.16832052662207483,-0.1509793226144849,0.22421835831974896,0,-0.006080192960771843,0.004605024126801452,1.4,0
A,500,0.0,1,,12,weightedtau_rankTrue,200,200,0.19656373146932676,0.06362838039809836,0.004499205925541255,0.07816534517048743,0.31693762473487286,0.03820394425858152,0.35147943719663177,0,-0.006080192960771843,0.004605024126801452,1.4,0
A,500,0.0,0,,12,kendalltau,200,200,-0.0011609432471798061,0.03213248316748883,0.0022721096744093947,-0.0636135004785736,0.06201845813536618,-0.08737185273804217,0.10324699887022715,1,0.0010553144612578448,0.003348524860373866,1.2,1
A,500,0.0,0,,12,weightedtau_rankFalse,200,200,-0.008498069949903202,0.06917763798498071,0.004891597692564795,-0.1298583769554946,0.1212974523114523,-0.2192267445801861,0.15262859511273555,1,0.0010553144612578448,0.003348524860373866,1.2,1
A,500,0.0,0,,12,weightedtau_rankTrue,200,200,0.17366650993236563,0.06973647071483634,0.004931113133847785,0.029929280052834625,0.30253129189647265,-0.01386676438250381,0.32646744174083603,0,0.0010553144612578448,0.003348524860373866,1.2,1
A,500,0.5,1,,12,kendalltau,200,200,0.025221659327869926,0.024523866544376105,0.0017340992334442247,-0.014028343041570395,0.07676402656199184,-0.02815371015855351,0.10311317255931303,0,0.5040089817959271,1.5778052850994872e-05,1.3,2
A,500,0.5,1,,12,weightedtau_rankFalse,200,200,0.026680791682564653,0.07441685173369031,0.00526206604954463,-0.13658735174587072,0.16328505086254697,-0.16016395752423784,0.25447474445138774,0,0.5040089817959271,1.5778052850994872e-05,1.3,2
A,500,0.5,1,,12,weightedtau_rankTrue,200,200,0.20696360612206838,0.06515537062115646,0.004607180439694249,0.08154151727109381,0.3213194316856573,0.04587954971938388,0.3507564165146799,0,0.5040089817959271,1.5778052850994872e-05,1.3,2
A,500,0.5,0,,12,kendalltau,200,200,-0.0012965260284246518,0.029821979253778566,0.002108732375875136,-0.0582194637342922,0.05279029758339593,-0.0699075191637523,0.07766944519677002,1,0.4979075252301009,-0.0019355805149358033,1.4,3
A,500,0.5,0,,12,weightedtau_rankFalse,200,200,0.0022133400228959003,0.07459012085575602,0.00527431802666292,-0.14294941876636275,0.14452517482097396,-0.19177971409339298,0.20995448905939848,1,0.4979075252301009,-0.0019355805149358033,1.4,3
A,500,0.5,0,,12,weightedtau_rankTrue,200,200,0.1720116812130268,0.07084422328421029,0.0050094430692159,0.04014802236933654,0.30927248212632025,-0.034288587010508825,0.34739850359139,0,0.4979075252301009,-0.0019355805149358033,1.4,3
A,500,0.9,1,,12,kendalltau,200,200,0.01485438594568767,0.029826411724390173,0.0021090457988778236,-0.04499658780153604,0.07445803194205326,-0.0624467023302913,0.1014403436728868,0,0.8997048924195696,0.0003340509514153522,1.6,4
A,500,0.9,1,,12,weightedtau_rankFalse,200,200,0.01926603707261791,0.07489868331509672,0.005296136687404861,-0.14871075808191894,0.14512647293053277,-0.19671119339127482,0.2228871893726532,0,0.8997048924195696,0.0003340509514153522,1.6,4
A,500,0.9,1,,12,weightedtau_rankTrue,200,200,0.1851296505310259,0.06956876217725032,0.00491925434942879,0.05900674413810742,0.3227333069662278,0.011526061362534992,0.3772209301601548,0,0.8997048924195696,0.0003340509514153522,1.6,4
A,500,0.9,0,,12,kendalltau,200,200,0.00010195892062767886,0.029582932913082893,0.002091829247022762,-0.05961627585445811,0.057355865821674665,-0.09888091547665466,0.08894431189128284,1,0.8986005985623942,0.00011361243291819478,1.5,5
A,500,0.9,0,,12,weightedtau_rankFalse,200,200,0.0023690465720280444,0.06782590104958443,0.0047960154572248915,-0.13813816312107463,0.12125474653576353,-0.20125394214500109,0.21163360941850803,1,0.8986005985623942,0.00011361243291819478,1.4,5
A,500,0.9,0,,12,weightedtau_rankTrue,200,200,0.1773942458012185,0.06909113445411312,0.00488548096923749,0.038932597857549704,0.30624321068888977,0.01678930997450559,0.3289950285038116,0,0.8986005985623942,0.00011361243291819478,1.4,5
A,500,0.93,1,,12,kendalltau,200,200,0.011404260008877882,0.02969715502882819,0.002099905970283259,-0.04690319452484034,0.0623655701292997,-0.06289836612962639,0.09080115195521596,0,0.9279674193896775,0.0029637528385369925,1.6,6
A,500,0.93,1,,12,weightedtau_rankFalse,200,200,0.010226811350852088,0.06304180634299074,0.0044577288763377855,-0.11709608405101148,0.14073954985895734,-0.13936249896577804,0.20879246767028806,0,0.9279674193896775,0.0029637528385369925,1.6,6
A,500,0.93,1,,12,weightedtau_rankTrue,200,200,0.17964359540101824,0.06714982692614178,0.004748209797497787,0.05356065827845101,0.31028867026982226,0.03418021184942835,0.39210483542665375,0,0.9279674193896775,0.0029637528385369925,1.6,6
A,500,0.93,0,,12,kendalltau,200,200,0.0013595080359985994,0.03259261507927934,0.0023046459139161343,-0.0657685222915122,0.058718384949668835,-0.09650549845792943,0.06709716663455623,1,0.9287701981207925,-0.0035428533542387376,1.5,7
A,500,0.93,0,,12,weightedtau_rankFalse,200,200,-0.0001822929247049769,0.07528112912674065,0.005323179690089843,-0.14383890594066404,0.13871776328179788,-0.22073975597197726,0.18993919198321133,1,0.9287701981207925,-0.0035428533542387376,1.5,7
A,500,0.93,0,,12,weightedtau_rankTrue,200,200,0.17395543990454573,0.06845439128078767,0.004840456427664223,0.028482488088544144,0.295496853310879,-0.026066567459062245,0.35003078268833615,0,0.9287701981207925,-0.0035428533542387376,1.5,7
A,500,0.998,1,,12,kendalltau,200,200,0.004272404975932601,0.030182042428857223,0.0021341926871505036,-0.05176736271934621,0.06429392362812747,-0.07268441511521984,0.10110577789560156,0,0.9977642883371532,0.004364067131197563,1.5,8
A,500,0.998,1,,12,weightedtau_rankFalse,200,200,0.005508117676464245,0.0737581825736736,0.005215491106584004,-0.13969047247674168,0.13398416213787623,-0.192389781884681,0.18119570348409333,1,0.9977642883371532,0.004364067131197563,1.5,8
A,500,0.998,1,,12,weightedtau_rankTrue,200,200,0.17322467063373723,0.06767435026787413,0.004785299198680744,0.06125280944755852,0.31301593464976724,-0.0006682004384499229,0.3381772352109708,0,0.9977642883371532,0.004364067131197563,1.5,8
A,500,0.998,0,,12,kendalltau,200,200,-0.0014733440417199046,0.032173451860531846,0.002275006598476101,-0.0624149185814492,0.060477782730967655,-0.08315632394424806,0.11311668930014192,1,0.9977999879999518,-0.001396466175058672,1.4,9
A,500,0.998,0,,12,weightedtau_rankFalse,200,200,-0.009225937589754445,0.07360101674014574,0.005204377803918165,-0.15718621189343823,0.1370066129608628,-0.19791417433965666,0.17969789329403824,1,0.9977999879999518,-0.001396466175058672,1.4,9
A,500,0.998,0,,12,weightedtau_rankTrue,200,200,0.17109392581465635,0.06760429318060901,0.00478034541453321,0.0383108017272379,0.28640509533535424,0.02683390565153329,0.3432230062711505,0,0.9977999879999518,-0.001396466175058672,1.4,9
A,500,1.0,1,,12,kendalltau,200,189,0.004740429755354151,0.03586053328398205,0.002608469971989382,-0.06284684469400512,0.08161470847596605,-0.0781765029760208,0.10373510556343303,1,1.0,0.006191673242571816,1.4,10
A,500,1.0,1,,12,weightedtau_rankFalse,200,189,-0.006352787309306332,0.07443183125292337,0.005414119060804779,-0.14163275976431017,0.1470586676008225,-0.22810140763568634,0.2264757013802525,1,1.0,0.006191673242571816,1.4,10
A,500,1.0,1,,12,weightedtau_rankTrue,200,189,0.31187521871745116,0.13328022727399325,0.009694710001968126,0.027585617761835796,0.45836498543726073,-0.20660842398186768,0.507293835690641,0,1.0,0.006191673242571816,1.4,10
A,500,1.0,0,,12,kendalltau,200,199,0.0026522948134865628,0.03845880044043315,0.002726272079938937,-0.07340475470998245,0.07858993799190343,-0.11316621314280727,0.09867818407574795,1,1.0,0.001578602701383116,1.1,11
A,500,1.0,0,,12,weightedtau_rankFalse,200,199,-0.002664301873569368,0.08256004397490241,0.005852526345847002,-0.1520641027760919,0.15711603234484786,-0.25720928698067397,0.32884208026967304,1,1.0,0.001578602701383116,1.1,11
A,500,1.0,0,,12,weightedtau_rankTrue,200,199,0.2831870914031128,0.131964098983303,0.009354686950512314,0.018614244466729,0.45975812044878467,-0.10594698244548197,0.47805418989089443,0,1.0,0.001578602701383116,1.1,11
A,10000,0.0,1,,12,kendalltau,200,200,0.005549213187335349,0.004471281017337696,0.00031616731279501695,0.00028835908892121855,0.017991700276298025,3.9023199135349224e-05,0.0262738102529597,0,-0.0002238994159989943,0.000308620275089035,11.6,12
A,10000,0.0,1,,12,weightedtau_rankFalse,200,200,0.002116605573618584,0.04437518671281937,0.0031377995441053755,-0.08292313483516518,0.09015954871075038,-0.1272780341717535,0.10447188083092038,1,-0.0002238994159989943,0.000308620275089035,11.6,12
A,10000,0.0,1,,12,weightedtau_rankTrue,200,200,0.2699930601684601,0.04039299957016836,0.002856216390853135,0.19384877305105294,0.34363420775149717,0.16775313050557672,0.3665923207366968,0,-0.0002238994159989943,0.000308620275089035,11.6,12
A,10000,0.0,0,,12,kendalltau,200,200,0.00020182075786223343,0.006524161845737641,0.0004613279082679628,-0.012891495580525611,0.012266124790463552,-0.015360224739743739,0.01652427757819124,1,-0.0007594684425346843,-8.35706702288011e-05,10.9,13
A,10000,0.0,0,,12,weightedtau_rankFalse,200,200,0.0042188728887303205,0.04454448770096889,0.003149770931783586,-0.09061137898562444,0.08757757799928924,-0.1191325615420741,0.12187115875411471,1,-0.0007594684425346843,-8.35706702288011e-05,10.9,13
A,10000,0.0,0,,12,weightedtau_rankTrue,200,200,0.2625671845430552,0.03799710404258597,0.002686800993396332,0.18808122781284844,0.33494948678316144,0.1775431746208487,0.36125973214109625,0,-0.0007594684425346843,-8.35706702288011e-05,10.9,13
A,10000,0.5,1,,12,kendalltau,200,200,0.005254820125802644,0.004927248267526477,0.000348409066255764,-0.004080163756617928,0.015322409003622327,-0.006483282550994305,0.019213285175997533,0,0.49992234782708345,0.00037846595898599747,11.4,14
A,10000,0.5,1,,12,weightedtau_rankFalse,200,200,0.007219299108028618,0.04894261444051679,0.003460765455988807,-0.09285493203444446,0.09921057255381076,-0.1341079743985304,0.1446536952909818,0,0.49992234782708345,0.00037846595898599747,11.4,14
A,10000,0.5,1,,12,weightedtau_rankTrue,200,200,0.26965849113167867,0.03903552766695377,0.00276022863204981,0.1944833354598131,0.34113274142554867,0.15776007364227645,0.35903867503517106,0,0.49992234782708345,0.00037846595898599747,11.4,14
A,10000,0.5,0,,12,kendalltau,200,200,0.00018596664314713757,0.006836832643508068,0.00048343707240621045,-0.014569522389854617,0.011929938258683428,-0.02280818249934198,0.014943127740848461,1,0.4998451847870119,-7.2288646133003916e-06,11.1,15
A,10000,0.5,0,,12,weightedtau_rankFalse,200,200,-0.0037944994972589885,0.05106130558619792,0.0036105795436239085,-0.09769943324313152,0.08863775816698703,-0.14662461991144102,0.12473622333266983,1,0.4998451847870119,-7.2288646133003916e-06,11.1,15
A,10000,0.5,0,,12,weightedtau_rankTrue,200,200,0.26762140525973943,0.0394835315389317,0.0027919072896371525,0.1987217116493133,0.33973939936676095,0.16702793586142128,0.36989164275184205,0,0.4998451847870119,-7.2288646133003916e-06,11.1,15
A,10000,0.9,1,,12,kendalltau,200,200,0.0029384830352207603,0.006687944312341566,0.00047290907754547225,-0.011389040787242158,0.014887014135282371,-0.016095899782972038,0.022008666505065708,0,0.8998252980370132,6.445957766279091e-05,11.6,16
A,10000,0.9,1,,12,weightedtau_rankFalse,200,200,0.0030814197323988145,0.04171521984357967,0.002949711483008281,-0.06882701933491112,0.08691483263300505,-0.0997865970349982,0.12860869952778622,1,0.8998252980370132,6.445957766279091e-05,11.6,16
A,10000,0.9,1,,12,weightedtau_rankTrue,200,200,0.26907036804860335,0.041998828946529496,0.002969765674998487,0.19115857878344503,0.3539094954814008,0.16456564619237551,0.37542132239968085,0,0.8998252980370132,6.445957766279091e-05,11.6,16
A,10000,0.9,0,,12,kendalltau,200,200,-0.00010462541673531094,0.006858644397354448,0.00048497939631164514,-0.013246542977048425,0.012623905691058557,-0.016168765371079155,0.020775006975226887,1,0.9002776485353564,0.00043585371387092195,10.9,17
A,10000,0.9,0,,12,weightedtau_rankFalse,200,200,0.0013946476620245484,0.04519657415291939,0.003195880406992994,-0.07794724819065779,0.09170371578478019,-0.12255658333828413,0.12101105246822126,1,0.9002776485353564,0.00043585371387092195,10.9,17
A,10000,0.9,0,,12,weightedtau_rankTrue,200,200,0.2637154106898016,0.0396511156181876,0.0028037572735232275,0.19448238482035676,0.3322878577804365,0.17587534190949686,0.3596479508658711,0,0.9002776485353564,0.00043585371387092195,10.9,17
A,10000,0.93,1,,12,kendalltau,200,200,0.0027719667828760585,0.006331954503307575,0.00044773679674534836,-0.008867459008210093,0.01431940415595332,-0.013452224274097068,0.028318684380669975,0,0.9300587802702478,0.00027517629025428504,11.9,18
A,10000,0.93,1,,12,weightedtau_rankFalse,200,200,-0.0008583675958528653,0.050629123334544154,0.003580019643538624,-0.09354661382015635,0.10000229542891048,-0.12282932146344076,0.1234321330655539,1,0.9300587802702478,0.00027517629025428504,11.9,18
A,10000,0.93,1,,12,weightedtau_rankTrue,200,200,0.26990708071837244,0.03690022823236361,0.0026092401610435596,0.19936870517215374,0.34178110298446784,0.1824223538153732,0.3596761788411511,0,0.9300587802702478,0.00027517629025428504,11.9,18
A,10000,0.93,0,,12,kendalltau,200,200,-0.00012912083033816778,0.006885221268608251,0.00048685866490027373,-0.013943740059630361,0.012089710892766415,-0.019439277129020126,0.01584834897475261,1,0.9298273745975538,-0.00010563777746072284,11.0,19
A,10000,0.93,0,,12,weightedtau_rankFalse,200,200,-0.0026290352683434794,0.0458183431623813,0.00323984611528521,-0.09477436250498852,0.07674818410190724,-0.1454314249317563,0.08876968183400082,1,0.9298273745975538,-0.00010563777746072284,11.0,19
A,10000,0.93,0,,12,weightedtau_rankTrue,200,200,0.2634303713635805,0.03900433206208036,0.0027580227696748895,0.19165101934829554,0.33729020060543474,0.1772908203204551,0.35904493196766524,0,0.9298273745975538,-0.00010563777746072284,11.0,19
A,10000,0.998,1,,12,kendalltau,200,200,0.00026786564226609144,0.007442866792488433,0.0005262901580436739,-0.013367765578730761,0.014915759275544813,-0.016582895938348517,0.02234119931225869,1,0.9979823291430233,0.000435072723447759,11.7,20
A,10000,0.998,1,,12,weightedtau_rankFalse,200,200,0.002046334479896357,0.048656969205287115,0.0034405672877043537,-0.08988633325422601,0.08430665485387846,-0.1586368219818292,0.13099003469735385,1,0.9979823291430233,0.000435072723447759,11.7,20
A,10000,0.998,1,,12,weightedtau_rankTrue,200,200,0.2656652276481239,0.03638025387489371,0.0025724724216225512,0.19656539970654863,0.3272658695553795,0.1808580245698194,0.3507474536262637,0,0.9979823291430233,0.000435072723447759,11.7,20
A,10000,0.998,0,,12,kendalltau,200,200,-0.00039671134651613675,0.007416684891765183,0.0005244388180890976,-0.01465135830007561,0.015224580475575815,-0.021571514757150117,0.025305750805458584,1,0.9979926677292066,1.6479146250473614e-05,16.9,21
A,10000,0.998,0,,12,weightedtau_rankFalse,200,200,-0.0010537261575442312,0.04548671064554025,0.003216396155133183,-0.09200555804467489,0.09509104602383056,-0.10147266862444151,0.11401308091686632,1,0.9979926677292066,1.6479146250473614e-05,16.9,21
A,10000,0.998,0,,12,weightedtau_rankTrue,200,200,0.2599005637606863,0.040560952676973926,0.002868092468927491,0.18399229802098083,0.32552609929135545,0.1639403305068987,0.3612571829891654,0,0.9979926677292066,1.6479146250473614e-05,16.9,21
A,10000,1.0,1,,12,kendalltau,200,189,0.0022764838576161436,0.007438911451036497,0.000541101187499183,-0.011507028409151349,0.014884369244487668,-0.020153570878338054,0.025033845687011367,0,1.0,0.000726379895571578,15.0,22
A,10000,1.0,1,,12,weightedtau_rankFalse,200,189,0.0061604049051278715,0.04305742595583597,0.003131966883691661,-0.08480956135729903,0.09377471950711781,-0.10250027516567523,0.11047007401493474,1,1.0,0.000726379895571578,15.0,22
A,10000,1.0,1,,12,weightedtau_rankTrue,200,189,0.47299556544502663,0.119343368039982,0.008680952662447478,0.10432980914059001,0.5500192159230577,0.06971926047817313,0.5514642438592222,0,1.0,0.000726379895571578,15.0,22
A,10000,1.0,0,,12,kendalltau,200,200,-4.2278344596764044e-05,0.008097482694861175,0.0005725784924077056,-0.015226253313175415,0.01295787521371715,-0.020832275825316597,0.024073879981662955,1,1.0,5.386253849619349e-05,14.3,23
A,10000,1.0,0,,12,weightedtau_rankFalse,200,200,0.0030904426250435877,0.04572263303778591,0.003233078387472249,-0.08399089432930076,0.10361364186417278,-0.10068190417774416,0.11814951661748556,1,1.0,5.386253849619349e-05,14.3,23
A,10000,1.0,0,,12,weightedtau_rankTrue,200,200,0.416953876306342,0.16876669169205427,0.011933607213387095,0.04699769590738266,0.5484338244689327,-0.10866196017761483,0.5727291376393264,0,1.0,5.386253849619349e-05,14.3,23
A,3000,0.0,1,,50,kendalltau,200,200,0.01010211157201619,0.007387857249217291,0.000522400395935974,0.0004130977830020017,0.026937940400151825,-0.0002474163737428766,0.034421859125919115,0,-0.0003599836822204084,-0.00013776156272021583,6.2,120
A,3000,0.0,1,,50,weightedtau_rankFalse,200,200,0.005654654961434651,0.05062570904992568,0.0035797782171579614,-0.10329786009793454,0.11170041429751582,-0.12096939817789795,0.16249101893850462,1,-0.0003599836822204084,-0.00013776156272021583,6.2,120
A,3000,0.0,1,,50,weightedtau_rankTrue,200,200,0.18299026421982362,0.04874977525362314,0.0034471296663157063,0.0865342704437332,0.2699281371010807,0.055829990875154265,0.324695449718947,0,-0.0003599836822204084,-0.00013776156272021583,6.2,120
A,3000,0.0,0,,50,kendalltau,200,200,-0.0005574748912588927,0.011896792819890563,0.0008412302877316046,-0.023599671609689583,0.0210515748306333,-0.04688113702472782,0.03287898678439367,1,0.0012302816366979593,0.0012418152568685864,6.0,121
A,3000,0.0,0,,50,weightedtau_rankFalse,200,200,0.00013345703512299383,0.05234647729329431,0.0037014549065316035,-0.10680154131064191,0.09862081623118035,-0.18724945878877594,0.1526279666127304,1,0.0012302816366979593,0.0012418152568685864,6.0,121
A,3000,0.0,0,,50,weightedtau_rankTrue,200,200,0.16718193673353368,0.05168842383643363,0.00365492350035866,0.06910118650590415,0.26303056101214284,0.030895521127014852,0.29318144867848694,0,0.0012302816366979593,0.0012418152568685864,6.0,121
A,3000,0.5,1,,50,kendalltau,200,200,0.009417569738031782,0.00886715277342948,0.0006270023855909087,-0.0057254887976442535,0.026434127022040205,-0.015268419158582635,0.04041777716328505,0,0.4982161752262417,0.0026646301940141393,6.1,122
A,3000,0.5,1,,50,weightedtau_rankFalse,200,200,0.015176739471939666,0.0460459518391011,0.003255940479161757,-0.062429500623866804,0.10141944063771811,-0.12079375094391515,0.11441215830286737,0,0.4982161752262417,0.0026646301940141393,6.1,122
A,3000,0.5,1,,50,weightedtau_rankTrue,200,200,0.17726724551491096,0.05136650105430162,0.003632160122132262,0.0721532580809604,0.2777715183964638,0.038821823970206615,0.29979892275677644,0,0.4982161752262417,0.0026646301940141393,6.1,122
A,3000,0.5,0,,50,kendalltau,200,200,0.0003237988823736059,0.012590290108176978,0.0008902679512597852,-0.023835435615195383,0.021975075529468664,-0.031131356064598242,0.03679813398952583,1,0.500919845851094,-0.0004271698662452682,6.0,123
A,3000,0.5,0,,50,weightedtau_rankFalse,200,200,0.006265799669243916,0.05280250555238121,0.003733700973972908,-0.10504682296187295,0.10717856475378008,-0.14803172774405055,0.15244202698911472,1,0.500919845851094,-0.0004271698662452682,6.0,123
A,3000,0.5,0,,50,weightedtau_rankTrue,200,200,0.16436533701684256,0.047589433692800505,0.0033650811277006797,0.0740359436244335,0.25887316646972736,0.03830078829933531,0.28976407975635243,0,0.500919845851094,-0.0004271698662452682,6.0,123
A,3000,0.9,1,,50,kendalltau,200,200,0.0049332647121402805,0.01091496582339098,0.0007718046350139171,-0.015731404344711375,0.026288427515923647,-0.02491271838771059,0.03820539880860056,0,0.8997358228084247,-0.0008461512941842519,6.3,124
A,3000,0.9,1,,50,weightedtau_rankFalse,200,200,0.002051371045453685,0.054077479418476584,0.003823855240628075,-0.10964309311586076,0.11310386194056513,-0.15459512548672752,0.1586247397593525,1,0.8997358228084247,-0.0008461512941842519,6.3,124
A,3000,0.9,1,,50,weightedtau_rankTrue,200,200,0.17069918088262548,0.04728971639196568,0.0033438879141147564,0.0902111297891198,0.2663440299086109,0.06044462506809793,0.30116486173758067,0,0.8997358228084247,-0.0008461512941842519,6.3,124
A,3000,0.9,0,,50,kendalltau,200,200,0.0007506796882286706,0.012451045582692217,0.0008804218764384474,-0.02314214215666606,0.025953461219366765,-0.025973330864626512,0.038196867209505984,1,0.8997730620392289,-0.0005950530555664469,6.0,125
A,3000,0.9,0,,50,weightedtau_rankFalse,200,200,-0.0013291970057967555,0.05560137751257503,0.003931611108245502,-0.11072961145280102,0.11456481142319937,-0.13376695855809867,0.1574874301095856,1,0.8997730620392289,-0.0005950530555664469,6.0,125
A,3000,0.9,0,,50,weightedtau_rankTrue,200,200,0.16720692462651368,0.05068560756357032,0.0035840136816760737,0.07219527070470899,0.2585055550001667,0.03850168134799184,0.2855574177254194,0,0.8997730620392289,-0.0005950530555664469,6.0,125
A,3000,0.93,1,,50,kendalltau,200,200,0.004703205652239566,0.011301199891033419,0.0007991155078494402,-0.015655158790697687,0.026697652401968242,-0.024889817779614607,0.03250404545576335,0,0.9300917424190822,-0.0012399828902568315,6.2,126
A,3000,0.93,1,,50,weightedtau_rankFalse,200,200,0.003250626233059617,0.05413273426784516,0.0038277623484962706,-0.09624346447331066,0.11208249058885958,-0.17173535070408524,0.16886126627942774,1,0.9300917424190822,-0.0012399828902568315,6.2,126
A,3000,0.93,1,,50,weightedtau_rankTrue,200,200,0.16283220652168087,0.04928787414991806,0.00348517900416762,0.05493475333044609,0.2739511805780597,0.028479307732741432,0.3298907343372307,0,0.9300917424190822,-0.0012399828902568315,6.2,126
A,3000,0.93,0,,50,kendalltau,200,200,2.0475837826996678e-06,0.012192023851948206,0.0008621062742100708,-0.02312892940385774,0.022187018412239325,-0.030079724218308193,0.028323112867886902,1,0.9298119830502202,0.0003641892653670062,5.9,127
A,3000,0.93,0,,50,weightedtau_rankFalse,200,200,-0.0040255175104725194,0.055069321063333926,0.003893989035922259,-0.11001970122538109,0.08786061680268899,-0.15284943713263885,0.15856327162243206,1,0.9298119830502202,0.0003641892653670062,5.9,127
A,3000,0.93,0,,50,weightedtau_rankTrue,200,200,0.16327473974925547,0.04582527236232112,0.003240336083711774,0.07658547449524754,0.24550657796116507,0.04094962662577578,0.29109900071859685,0,0.9298119830502202,0.0003641892653670062,5.9,127
A,3000,0.998,1,,50,kendalltau,200,200,-0.0011021389129299741,0.01186339386011364,0.0008388686246373207,-0.022887384117386524,0.022093283080081752,-0.042006899752533765,0.02389656003239275,1,0.9979629011247667,0.001546255767970815,6.3,128
A,3000,0.998,1,,50,weightedtau_rankFalse,200,200,0.0003008186817571791,0.05018556527904116,0.0035486553526490154,-0.0862768034789473,0.09600123531709799,-0.12558957670570195,0.10628075272193299,1,0.9979629011247667,0.001546255767970815,6.3,128
A,3000,0.998,1,,50,weightedtau_rankTrue,200,200,0.1635535314032584,0.046126504492880534,0.0032616364119347576,0.07755150669252071,0.24659590688481184,0.02393220713342009,0.26021725607464025,0,0.9979629011247667,0.001546255767970815,6.3,128
A,3000,0.998,0,,50,kendalltau,200,200,0.0003149888837296222,0.012053911234728635,0.0008523402373897327,-0.023341343769736265,0.025893515509939045,-0.03236664180718745,0.03071330770896373,1,0.9979604759533862,-0.0006488967617088172,5.9,129
A,3000,0.998,0,,50,weightedtau_rankFalse,200,200,-0.00031416880755357396,0.0509948290423824,0.003605878942131729,-0.10451113244610327,0.09405197151972994,-0.16807799828020376,0.10610454276479643,1,0.9979604759533862,-0.0006488967617088172,5.9,129
A,3000,0.998,0,,50,weightedtau_rankTrue,200,200,0.16753598777908887,0.050011496716877726,0.0035363468465793,0.0729356182883965,0.26746356789129655,0.05735664812946116,0.2858702888312553,0,0.9979604759533862,-0.0006488967617088172,5.9,129
A,3000,1.0,1,,50,kendalltau,200,192,0.00022719179646626107,0.013876240188513326,0.001001431376022259,-0.02653038787450872,0.027178156287311732,-0.0365149950197576,0.04015253038159316,1,0.9999999999999999,-0.0016663824690530832,5.1,130
A,3000,1.0,1,,50,weightedtau_rankFalse,200,192,-0.0034035210027738515,0.04925458060720847,0.0035546431715492415,-0.10023063826127705,0.09290377147884495,-0.16423357491250967,0.12879744716960637,1,0.9999999999999999,-0.0016663824690530832,5.1,130
A,3000,1.0,1,,50,weightedtau_rankTrue,200,192,0.33302770067436005,0.12894253094563732,0.00930562561893192,0.03389918191329231,0.4550142165727193,-0.09947833126053143,0.46441564781293027,0,0.9999999999999999,-0.0016663824690530832,5.1,130
A,3000,1.0,0,,50,kendalltau,200,200,-0.0001535785288444101,0.01289481259244497,0.0009118009426247523,-0.024790531556306554,0.022827007091504266,-0.029184796766880607,0.036070822365286324,1,0.9999999999999999,-0.0007524738849585574,4.8,131
A,3000,1.0,0,,50,weightedtau_rankFalse,200,200,0.0034604213377924125,0.04930661625456958,0.0034865042710968998,-0.09605280758289751,0.09746101658155754,-0.1716793938616185,0.19680491751833284,1,0.9999999999999999,-0.0007524738849585574,4.8,131
A,3000,1.0,0,,50,weightedtau_rankTrue,200,200,0.270422707837606,0.13992224322562516,0.0098939967023673,0.02452932871154931,0.44121236296725774,-0.13492565716206556,0.45824495877925564,0,0.9999999999999999,-0.0007524738849585574,4.8,131
B,3000,0.0,1,0.55,2,kendalltau,200,200,0.00897076764829087,0.00954086004520176,0.0006746406836313955,-0.009236872714366193,0.028285450348199646,-0.012391204718664565,0.03699319328671986,0,0.0017433610448178939,0.4570700046377062,4.8,132
B,3000,0.0,1,0.55,2,weightedtau_rankFalse,200,200,0.013731320468517473,0.06227161241495339,0.004403267941403394,-0.09516623241096885,0.12208890761958498,-0.13464172661319898,0.15431131899962297,0,0.0017433610448178939,0.4570700046377062,4.8,132
B,3000,0.0,1,0.55,2,weightedtau_rankTrue,200,200,0.23070568207609077,0.07741315371231351,0.005473936594301344,0.11859148632374782,0.37157829492169825,0.08817203145304606,0.3790097360850932,0,0.0017433610448178939,0.4570700046377062,4.8,132
B,3000,0.0,0,0.55,2,kendalltau,200,200,0.0010449668712710556,0.01306775743502999,0.0009240299897210631,-0.022340708434455247,0.024145278597576387,-0.03949708291152027,0.04178849081571247,1,0.0006636195604021732,0.4553966202225247,4.6,133
B,3000,0.0,0,0.55,2,weightedtau_rankFalse,200,200,0.0086716267889094,0.05857279456147249,0.004141722022746373,-0.10214328012003814,0.10436031687044604,-0.12909159275563778,0.1563226356547827,0,0.0006636195604021732,0.4553966202225247,4.6,133
B,3000,0.0,0,0.55,2,weightedtau_rankTrue,200,200,0.23974294467897533,0.07737824101755024,0.0054714678939796835,0.1101609186916684,0.3680184687659419,0.08117507645035824,0.38485192884358155,0,0.0006636195604021732,0.4553966202225247,4.6,133
B,3000,0.5,1,0.55,2,kendalltau,200,200,0.01870080855025631,0.012903484487269511,0.0009124141381883692,-0.007804758490349667,0.04158451150714929,-0.018348865269564273,0.05330147966547264,0,0.4994408282223142,0.45474652763230283,4.9,134
B,3000,0.5,1,0.55,2,weightedtau_rankFalse,200,200,0.019104687209361083,0.06547659158893125,0.004629894192151535,-0.09326798370442281,0.13836375473550228,-0.13033700306550872,0.18722214469383341,0,0.4994408282223142,0.45474652763230283,4.9,134
B,3000,0.5,1,0.55,2,weightedtau_rankTrue,200,200,0.13017085387501712,0.04369177466180375,0.0030894750145436006,0.07424800452155522,0.23175580141611013,0.04711711243434971,0.26711012226861497,0,0.4994408282223142,0.45474652763230283,4.9,134
B,3000,0.5,0,0.55,2,kendalltau,200,200,0.01513989780272726,0.013206712999207691,0.0009338556318924285,-0.010287085621017352,0.04391624693316698,-0.02334281434800125,0.049684261261982415,0,0.49996647628738616,0.4563737663624051,4.6,135
B,3000,0.5,0,0.55,2,weightedtau_rankFalse,200,200,0.01314964114599457,0.0620995013242433,0.004391097849467542,-0.11072263340202101,0.11995831971342326,-0.14878203512311572,0.15809034000495872,0,0.49996647628738616,0.4563737663624051,4.6,135
B,3000,0.5,0,0.55,2,weightedtau_rankTrue,200,200,0.1291398513680074,0.04075993806327604,0.002882162860528616,0.07171617285012397,0.2094838702347657,0.05997618218545936,0.26235363561553876,0,0.49996647628738616,0.4563737663624051,4.6,135
B,3000,0.9,1,0.55,2,kendalltau,200,200,0.024464771267564876,0.013405548933318695,0.0009479154556277737,-0.0009266371840814539,0.05083816902015525,-0.010891888435674612,0.06015872998616632,0,0.9000494029543781,0.4547296305134858,4.8,136
B,3000,0.9,1,0.55,2,weightedtau_rankFalse,200,200,0.020538372456521393,0.059093688087641066,0.00417855475720937,-0.0828211877435535,0.1310519270390897,-0.12147451719616657,0.17309408044593091,0,0.9000494029543781,0.4547296305134858,4.8,136
B,3000,0.9,1,0.55,2,weightedtau_rankTrue,200,200,0.1903916970856973,0.05199587776259512,0.003676663775967782,0.11456027508984189,0.3058835552641451,0.0891961528097166,0.3156377887410285,0,0.9000494029543781,0.4547296305134858,4.8,136
B,3000,0.9,0,0.55,2,kendalltau,200,200,0.02401931402726019,0.013721897463926309,0.0009702846747488782,-0.001579154089253988,0.05240149699308879,-0.01449464802385718,0.057933329717074315,0,0.8999340863682318,0.45689518681548535,4.7,137
B,3000,0.9,0,0.55,2,weightedtau_rankFalse,200,200,0.027727756331870728,0.0597782121468988,0.004226957917628019,-0.09547767384338889,0.1358746737978547,-0.1395237224616321,0.15593899868811742,0,0.8999340863682318,0.45689518681548535,4.7,137
B,3000,0.9,0,0.55,2,weightedtau_rankTrue,200,200,0.18663397644780916,0.053150908118653015,0.0037583367556922667,0.11445066481680116,0.3089240880876059,0.0911386442676835,0.3353089297089629,0,0.8999340863682318,0.45689518681548535,4.7,137
B,3000,0.93,1,0.55,2,kendalltau,200,200,0.023754698847805695,0.01412374086404284,0.000998699294068624,-0.004105454877781275,0.05020520294785525,-0.012157977741310574,0.0676219932614941,0,0.9299655648295071,0.45379627831845737,4.9,138
B,3000,0.93,1,0.55,2,weightedtau_rankFalse,200,200,0.02986204711387368,0.06239090723551568,0.004411703359061396,-0.08894794665177622,0.1501766947479061,-0.12914172862757398,0.16546755959553353,0,0.9299655648295071,0.45379627831845737,4.9,138
B,3000,0.93,1,0.55,2,weightedtau_rankTrue,200,200,0.20010962681539168,0.0500554946639331,0.003539457971251414,0.11240827385938759,0.30780938035089167,0.08990551487779977,0.3344080206039711,0,0.9299655648295071,0.45379627831845737,4.9,138
B,3000,0.93,0,0.55,2,kendalltau,200,200,0.02231856130126878,0.01475821867461794,0.0010435636503056287,-0.005663690833149945,0.05222143759419766,-0.01609706194643219,0.0707595561832563,0,0.929872108568012,0.45700010676123315,4.5,139
B,3000,0.93,0,0.55,2,weightedtau_rankFalse,200,200,0.026414071073947915,0.05811782121959364,0.004109550549216209,-0.09027040374542385,0.13860978563236082,-0.14897721520306806,0.1530793243079242,0,0.929872108568012,0.45700010676123315,4.5,139
B,3000,0.93,0,0.55,2,weightedtau_rankTrue,200,200,0.1985805170939838,0.055205648372124626,0.003903628832372941,0.10489344242270682,0.3010159717569572,0.08926490293459541,0.3574597431175952,0,0.929872108568012,0.45700010676123315,4.5,139
B,3000,0.998,1,0.55,2,kendalltau,200,200,0.004631293701534397,0.013980285904385851,0.000988555496591794,-0.024919768182751906,0.029316348163532215,-0.03252667664494056,0.04206509423898944,0,0.9979615509935056,0.45474276330833857,4.8,140
B,3000,0.998,1,0.55,2,weightedtau_rankFalse,200,200,0.0030399513333208535,0.06427756079925795,0.004545109911928589,-0.11880160783616606,0.11958984751254363,-0.14461497393204353,0.17595140166461498,1,0.9979615509935056,0.45474276330833857,4.8,140
B,3000,0.998,1,0.55,2,weightedtau_rankTrue,200,200,0.23355801432760487,0.05404184043140241,0.003821335183684598,0.12973254447523655,0.3366540196168369,0.11007354163962721,0.3616227743257041,0,0.9979615509935056,0.45474276330833857,4.8,140
B,3000,0.998,0,0.55,2,kendalltau,200,200,0.005649540053472752,0.012843924991398978,0.0009082026458469586,-0.019599049878361807,0.028041567852608043,-0.03055713454237975,0.03775951049802583,0,0.9979628161403127,0.454168172741514,4.5,141
B,3000,0.998,0,0.55,2,weightedtau_rankFalse,200,200,0.007310079566917886,0.06339233508429454,0.0044825150013354555,-0.10366984149720881,0.1194569057373973,-0.13597897256615535,0.1712567448312266,1,0.9979628161403127,0.454168172741514,4.5,141
B,3000,0.998,0,0.55,2,weightedtau_rankTrue,200,200,0.23356242097600835,0.05630012816086727,0.0039810202404220955,0.13646841514584343,0.33761804193617273,0.10796222354214546,0.36845837405588994,0,0.9979628161403127,0.454168172741514,4.5,141
B,3000,1.0,1,0.55,2,kendalltau,200,197,-0.03332537120242506,0.3517853233967289,0.025063666521059704,-0.40868237967653465,0.41219856751950656,-0.41878122202975115,0.4282560653058761,1,0.9999999999999999,0.4541724951707694,4.7,142
B,3000,1.0,1,0.55,2,weightedtau_rankFalse,200,197,-0.03371312859275909,0.35452760920150606,0.0252590462948738,-0.4571937346647759,0.4671011545880946,-0.47434737608562455,0.5077503323916435,1,0.9999999999999999,0.4541724951707694,4.7,142
B,3000,1.0,1,0.55,2,weightedtau_rankTrue,200,197,0.17072404590571233,0.36447381525801553,0.02596768413497198,-0.23840590876365547,0.6537267005488335,-0.31601485626621734,0.6637957440854887,0,0.9999999999999999,0.4541724951707694,4.7,142
B,3000,1.0,0,0.55,2,kendalltau,200,200,0.012324005138099572,0.34711516074244886,0.024544748401364405,-0.4011563298976405,0.413991872943491,-0.4308015400287729,0.4184498721172481,1,0.9999999999999999,0.4544531143601981,4.4,143
B,3000,1.0,0,0.55,2,weightedtau_rankFalse,200,200,0.010689344167078434,0.3474143662658536,0.0245659054268212,-0.47488913458152343,0.4580782519764523,-0.48839597374352245,0.4938803907368679,1,0.9999999999999999,0.4544531143601981,4.4,143
B,3000,1.0,0,0.55,2,weightedtau_rankTrue,200,200,0.21521608641373452,0.360734775613321,0.025507800604598688,-0.19925004977277064,0.6526605302882168,-0.3660094148320207,0.659772922551076,0,0.9999999999999999,0.4544531143601981,4.4,143
B,3000,0.0,1,0.55,4,kendalltau,200,200,0.00833565607165699,0.008406883997526206,0.0005944564683299451,-0.005849456237483922,0.024775868985490404,-0.010746151384066776,0.037907182461602004,0,0.0004998311888701326,0.5245472059295014,5.5,144
B,3000,0.0,1,0.55,4,weightedtau_rankFalse,200,200,0.007629187955867296,0.055534368243983875,0.003926872837423186,-0.09780617404007969,0.09933873196782185,-0.13198751965766195,0.14220136006182624,1,0.0004998311888701326,0.5245472059295014,5.5,144
B,3000,0.0,1,0.55,4,weightedtau_rankTrue,200,200,0.24068986462018388,0.07500715112936374,0.0053038065201057305,0.12704250539922607,0.37988561621232786,0.09676268320892686,0.4042389388628758,0,0.0004998311888701326,0.5245472059295014,5.5,144
B,3000,0.0,0,0.55,4,kendalltau,200,200,0.00010003940125881788,0.011711123421104596,0.0008281014786375659,-0.01894333834706501,0.022836174801949903,-0.028341588403832208,0.027525977277099208,1,0.0005477659119739901,0.5244262586775208,5.2,145
B,3000,0.0,0,0.55,4,weightedtau_rankFalse,200,200,0.0003832892372954625,0.05492928169279735,0.0038840867570683084,-0.10713831063945042,0.10998678943742905,-0.12739575516870721,0.1682489846693336,1,0.0005477659119739901,0.5244262586775208,5.2,145
B,3000,0.0,0,0.55,4,weightedtau_rankTrue,200,200,0.2626188845916738,0.07735306726432063,0.005469687840818026,0.13071123536966667,0.39291351206942365,0.09749170056279363,0.40172451583716984,0,0.0005477659119739901,0.5244262586775208,5.2,145
B,3000,0.5,1,0.55,4,kendalltau,200,200,0.019341843171843464,0.01261265755780544,0.0008918495687907985,-0.007356873957426954,0.041852861688983535,-0.014781091011032239,0.0520328075136424,0,0.4993354051683782,0.5254379628860748,5.5,146
B,3000,0.5,1,0.55,4,weightedtau_rankFalse,200,200,0.025607430678436884,0.052185489472770956,0.003690071348573553,-0.08072721029431225,0.12012635637961758,-0.12068511050792671,0.14328885625958848,0,0.4993354051683782,0.5254379628860748,5.5,146
B,3000,0.5,1,0.55,4,weightedtau_rankTrue,200,200,0.1426336491882714,0.04104504142135449,0.002902322712312249,0.0793348119300378,0.23097225876576516,0.06021697711562185,0.2736922511143051,0,0.4993354051683782,0.5254379628860748,5.5,146
B,3000,0.5,0,0.55,4,kendalltau,200,200,0.019803312764977075,0.012071561480036084,0.000853588298204383,-0.0035906907722219688,0.04366759644596446,-0.00940801531899885,0.05403102910984855,0,0.5008435130737235,0.5256414494423893,5.3,147
B,3000,0.5,0,0.55,4,weightedtau_rankFalse,200,200,0.023805058575815274,0.05883719852830035,0.004160418206538033,-0.10028490884837092,0.13091503423549158,-0.14448233769212784,0.17244240243897838,0,0.5008435130737235,0.5256414494423893,5.3,147
B,3000,0.5,0,0.55,4,weightedtau_rankTrue,200,200,0.14728998480244904,0.04103775991727384,0.0029018078322209824,0.07959358933466629,0.234739385804966,0.06062364422174915,0.2693223520046157,0,0.5008435130737235,0.5256414494423893,5.3,147
B,3000,0.9,1,0.55,4,kendalltau,200,200,0.025712502636742657,0.013253024751794854,0.0009371303673227302,0.002533334868639959,0.05194035190999055,-0.011537124792685753,0.060376781381591846,0,0.8994906493789608,0.5235018721743525,5.5,148
B,3000,0.9,1,0.55,4,weightedtau_rankFalse,200,200,0.03180148675375492,0.05322241138458253,0.0037633928001138415,-0.08894728875744798,0.12822866162053947,-0.10277505644108506,0.14692710934189382,0,0.8994906493789608,0.5235018721743525,5.5,148
B,3000,0.9,1,0.55,4,weightedtau_rankTrue,200,200,0.21363046315443612,0.04686770902748933,0.0033140474872015674,0.1287954609437479,0.29483630976610875,0.11029924773885033,0.3332241568214835,0,0.8994906493789608,0.5235018721743525,5.5,148
B,3000,0.9,0,0.55,4,kendalltau,200,200,0.025357591174452198,0.011247213506965264,0.0007952980940228068,0.003424014042751627,0.044238947695457664,-0.005775491754562446,0.050608952720969436,0,0.9001315572101728,0.5238130655428459,5.3,149
B,3000,0.9,0,0.55,4,weightedtau_rankFalse,200,200,0.031427715072600546,0.05115358360681544,0.003617104585037221,-0.06505215979410385,0.12484784691268559,-0.08366172746066602,0.15581844706494885,0,0.9001315572101728,0.5238130655428459,5.3,149
B,3000,0.9,0,0.55,4,weightedtau_rankTrue,200,200,0.20557377446116912,0.04444887937946415,0.0031430104025362,0.1245557204477031,0.3031483258361852,0.12041989889716279,0.3317262125670617,0,0.9001315572101728,0.5238130655428459,5.3,149
B,3000,0.93,1,0.55,4,kendalltau,200,200,0.02376791427315597,0.011215435772252997,0.0007930510688522278,0.0029087136019678456,0.04715392338411281,-0.00772957077248097,0.053348359003772466,0,0.9299572161219127,0.5239279606125146,5.5,150
B,3000,0.93,1,0.55,4,weightedtau_rankFalse,200,200,0.018293501925510384,0.05265598111861663,0.0037233401319004622,-0.09336066340088452,0.1036966944909485,-0.12997395233804154,0.14690637626416517,0,0.9299572161219127,0.5239279606125146,5.5,150
B,3000,0.93,1,0.55,4,weightedtau_rankTrue,200,200,0.21519446584953578,0.04529030320433155,0.003202508051777766,0.13525897557267866,0.2961656539001432,0.11760649300111312,0.31612572677920386,0,0.9299572161219127,0.5239279606125146,5.5,150
B,3000,0.93,0,0.55,4,kendalltau,200,200,0.02534761546504499,0.012134177022182818,0.0008580158856503458,0.0013298080030595917,0.04892396378057752,-0.01115729330509455,0.06233034711371632,0,0.9297706679145185,0.5220957037294098,5.3,151
B,3000,0.93,0,0.55,4,weightedtau_rankFalse,200,200,0.029234535107705843,0.053672676384188704,0.00379523134356909,-0.07771034631781781,0.11903234083055884,-0.14649997422367272,0.1801798348061916,0,0.9297706679145185,0.5220957037294098,5.3,151
B,3000,0.93,0,0.55,4,weightedtau_rankTrue,200,200,0.21977053908320315,0.045355402071458314,0.003207111236817056,0.14214718845117297,0.32336496877994086,0.11698111790598531,0.3572417367223333,0,0.9297706679145185,0.5220957037294098,5.3,151
B,3000,0.998,1,0.55,4,kendalltau,200,200,0.0054516571806722735,0.011980613556339826,0.000847157308846337,-0.017690086920186806,0.028139623276021476,-0.02624430264937592,0.04038737941841375,0,0.9979688388298709,0.5241509583993483,5.5,152
B,3000,0.998,1,0.55,4,weightedtau_rankFalse,200,200,0.004213671913167102,0.05224027498578428,0.0036939452693498034,-0.08312483576776288,0.10805464558809837,-0.1562332271946121,0.14809285917413942,1,0.9979688388298709,0.5241509583993483,5.5,152
B,3000,0.998,1,0.55,4,weightedtau_rankTrue,200,200,0.2483479437721536,0.04803602218695507,0.003396659702962338,0.15757546293013686,0.3460215337609569,0.13913858802439277,0.3636160327278496,0,0.9979688388298709,0.5241509583993483,5.5,152
B,3000,0.998,0,0.55,4,kendalltau,200,200,0.005645345575054085,0.011063705284276892,0.000782322103156163,-0.017681900011771837,0.024862460298945316,-0.026741163298008738,0.0416089996082341,0,0.9979609417778823,0.5243415091905679,5.1,153
B,3000,0.998,0,0.55,4,weightedtau_rankFalse,200,200,0.008257243605237349,0.05474074280963707,0.003870755044788311,-0.0950146913068923,0.11796280087493355,-0.12442573615675728,0.1378653799368656,0,0.9979609417778823,0.5243415091905679,5.1,153
B,3000,0.998,0,0.55,4,weightedtau_rankTrue,200,200,0.24509300687656455,0.04464977556197685,0.003157215907833122,0.15684095253343722,0.3256636295413178,0.1356811376842706,0.3464697461432068,0,0.9979609417778823,0.5243415091905679,5.1,153
B,3000,1.0,1,0.55,4,kendalltau,200,199,-0.04960552691928059,0.37729619357595573,0.026745818034718184,-0.43512197406010145,0.44134300015143774,-0.4452653646083811,0.45032923859953844,1,0.9999999999999999,0.5242047773789171,4.8,154
B,3000,1.0,1,0.55,4,weightedtau_rankFalse,200,199,-0.04818529609581598,0.3790864341415176,0.026872724823655214,-0.4875103472721476,0.4986507077343161,-0.5138765512559303,0.5313359522341585,1,0.9999999999999999,0.5242047773789171,4.8,154
B,3000,1.0,1,0.55,4,weightedtau_rankTrue,200,199,0.14405045593562404,0.41977724505491837,0.029757219930961004,-0.2555795552408611,0.7227949830463664,-0.31103413960517023,0.7307236495476035,0,0.9999999999999999,0.5242047773789171,4.8,154
B,3000,1.0,0,0.55,4,kendalltau,200,199,-0.015442431847235255,0.3805031379234369,0.026973152292061896,-0.4340290025467131,0.44603791080244787,-0.4423702915817023,0.4525224179307009,1,0.9999999999999999,0.5241462540153158,4.6,155
B,3000,1.0,0,0.55,4,weightedtau_rankFalse,200,199,-0.017838667712972888,0.3826900104907944,0.027128175578136703,-0.5023281701967047,0.5022902173459479,-0.5344990649078384,0.5338233901722288,1,0.9999999999999999,0.5241462540153158,4.6,155
B,3000,1.0,0,0.55,4,weightedtau_rankTrue,200,199,0.1776810970576998,0.42867499162873013,0.030387964462271252,-0.24509794293855144,0.7185374922991075,-0.2750046761342543,0.7408419439804186,0,0.9999999999999999,0.5241462540153158,4.6,155
B,500,0.0,1,0.45,12,kendalltau,200,200,0.018689931657930058,0.018307076487272915,0.0012945057927851477,-0.009961277811446614,0.058724239850771326,-0.031482639642541714,0.0701751717855805,0,-0.002341517046068185,0.4470825676026726,1.3,24
B,500,0.0,1,0.45,12,weightedtau_rankFalse,200,200,0.020357490727114326,0.07066184901352152,0.004996547260864102,-0.1144288907006168,0.15903365890008883,-0.1504913377355444,0.25815794160740924,0,-0.002341517046068185,0.4470825676026726,1.3,24
B,500,0.0,1,0.45,12,weightedtau_rankTrue,200,200,0.1755586041246716,0.0775033636518453,0.00548031540029868,0.035250315735579706,0.31233172853028796,-0.012315403279057946,0.3693803466220418,0,-0.002341517046068185,0.4470825676026726,1.3,24
B,500,0.0,1,0.55,12,kendalltau,200,200,0.016665808705354314,0.018789841107041898,0.001328642406420707,-0.018913839804378208,0.05574158594627336,-0.03163319424232008,0.07337027495865461,0,-0.0011709886839547357,0.5471435723638944,1.4,25
B,500,0.0,1,0.55,12,weightedtau_rankFalse,200,200,0.017610127469698512,0.06741858331944142,0.004767213744316729,-0.11910635163788168,0.14774674319396863,-0.1636671263695564,0.18602765889898223,0,-0.0011709886839547357,0.5471435723638944,1.4,25
B,500,0.0,1,0.55,12,weightedtau_rankTrue,200,200,0.1682528869028365,0.08307177042078769,0.005874061218971102,0.03083800928199362,0.3225545106238877,-0.00039061177888664866,0.39542896398227156,0,-0.0011709886839547357,0.5471435723638944,1.4,25
B,500,0.0,1,0.63,12,kendalltau,200,200,0.015682687168801616,0.018465411556993157,0.0013057017729350307,-0.015861763501093546,0.05178409100821049,-0.03305509879578237,0.06574217523655099,0,-0.0013948798195192779,0.6219794015824227,1.3,26
B,500,0.0,1,0.63,12,weightedtau_rankFalse,200,200,0.012449354766406219,0.06501526313521568,0.004597273344353876,-0.13181713547811025,0.11939453717367614,-0.21144407226157022,0.17249669528949746,0,-0.0013948798195192779,0.6219794015824227,1.3,26
B,500,0.0,1,0.63,12,weightedtau_rankTrue,200,200,0.15981444880615178,0.07718674945299374,0.005457927395595891,0.038482561806491324,0.345008835629315,-0.03285175533370871,0.35979120472886505,0,-0.0013948798195192779,0.6219794015824227,1.3,26
B,500,0.0,0,0.45,12,kendalltau,200,200,0.0012105426236623438,0.027088778289897326,0.0019154658822845326,-0.05197437529404147,0.04743139024572944,-0.06803395081095491,0.05667544267212079,1,0.003447199068796275,0.44704576266263485,1.2,27
B,500,0.0,0,0.45,12,weightedtau_rankFalse,200,200,-0.000836024856590862,0.07387935463182024,0.005224059264984586,-0.13309214812502632,0.1593241111430825,-0.18754094847584313,0.18240160903895566,1,0.003447199068796275,0.44704576266263485,1.2,27
B,500,0.0,0,0.45,12,weightedtau_rankTrue,200,200,0.17221564534592446,0.07937454109455214,0.00561262762615281,0.03519480205137972,0.3353290986330582,0.017656375698712118,0.36349203614652514,0,0.003447199068796275,0.44704576266263485,1.2,27
B,500,0.0,0,0.55,12,kendalltau,200,200,0.0005515316838547286,0.02788068893876118,0.0019714624212750797,-0.049530372290972735,0.06608259591493872,-0.08230318121217069,0.09555198599266645,1,0.0033960222240888953,0.5466395506022984,1.2,28
B,500,0.0,0,0.55,12,weightedtau_rankFalse,200,200,0.0044103687615176974,0.07029130445011711,0.004970345803512595,-0.13331999288608035,0.14680787669462964,-0.17078506303902427,0.19931770568625126,1,0.0033960222240888953,0.5466395506022984,1.2,28
B,500,0.0,0,0.55,12,weightedtau_rankTrue,200,200,0.1715878917445395,0.08469580921360373,0.005988898103302127,0.008744374649462155,0.346347549440085,-0.026942310663101016,0.375475456977501,0,0.0033960222240888953,0.5466395506022984,1.2,28
B,500,0.0,0,0.63,12,kendalltau,200,200,-0.0012299474387448882,0.022170481379025633,0.0015676897725279103,-0.05270749255351776,0.03748307685815262,-0.05704346502713456,0.05026850803710832,1,-0.0014635796143184577,0.6238303603584078,1.2,29
B,500,0.0,0,0.63,12,weightedtau_rankFalse,200,200,-0.00312570119170933,0.07325624237618499,0.005179998574844573,-0.16322738606092435,0.12433911455271703,-0.2038964762634923,0.16696334129822388,1,-0.0014635796143184577,0.6238303603584078,1.2,29
B,500,0.0,0,0.63,12,weightedtau_rankTrue,200,200,0.17642408395694797,0.08322442388570732,0.005884855448992732,0.02631635383685488,0.3425343634565326,0.0009028617827070706,0.374288299186433,0,-0.0014635796143184577,0.6238303603584078,1.2,29
B,500,0.5,1,0.45,12,kendalltau,200,200,0.012433969829917551,0.028637478719525968,0.002024975539866226,-0.03846042713504714,0.07040100368524804,-0.062329604308241464,0.09518396363765269,0,0.5013684331537326,0.4433746794233733,1.3,30
B,500,0.5,1,0.45,12,weightedtau_rankFalse,200,200,0.00939377368408557,0.0632882505660917,0.00447515511447168,-0.11793760927523687,0.13463835391038825,-0.17075238716043906,0.15454411804833126,0,0.5013684331537326,0.4433746794233733,1.3,30
B,500,0.5,1,0.45,12,weightedtau_rankTrue,200,200,0.10364693953799498,0.057114209124700735,0.004038584457418248,0.0038972127296364937,0.22280793686884992,-0.01792079760932086,0.2822555268110921,0,0.5013684331537326,0.4433746794233733,1.3,30
B,500,0.5,1,0.55,12,kendalltau,200,200,0.01770605734837847,0.027278191481915615,0.001928859417536765,-0.03253903108431988,0.07407829978483452,-0.0489469732168316,0.10060392922967368,0,0.5012095179580718,0.5481254386685124,1.3,31
B,500,0.5,1,0.55,12,weightedtau_rankFalse,200,200,0.0123455864507478,0.07306929607248586,0.005166779474938231,-0.14196675074884582,0.14046142418451574,-0.17700376495771214,0.19564573652095293,0,0.5012095179580718,0.5481254386685124,1.3,31
B,500,0.5,1,0.55,12,weightedtau_rankTrue,200,200,0.08421940013144232,0.055534593192434936,0.003926888743680702,-0.015257052130228578,0.1952872164345261,-0.07487092409611779,0.23164618751552907,0,0.5012095179580718,0.5481254386685124,1.3,31
B,500,0.5,1,0.63,12,kendalltau,200,200,0.019239288664232433,0.024135250781690903,0.001706619949337156,-0.03163277603509847,0.06335044813618305,-0.05384836185406046,0.07663229128718575,0,0.5023978865515462,0.6266041925293628,1.4,32
B,500,0.5,1,0.63,12,weightedtau_rankFalse,200,200,0.01671288198758535,0.06705775124721115,0.004741699063802367,-0.10798308597235895,0.13877623454833593,-0.1713011898665948,0.19258098383874672,0,0.5023978865515462,0.6266041925293628,1.4,32
B,500,0.5,1,0.63,12,weightedtau_rankTrue,200,200,0.07855009958575057,0.0519293075766673,0.0036719565529783407,-0.014497046188143528,0.17315625680632601,-0.036054825402220145,0.19301738827885503,0,0.5023978865515462,0.6266041925293628,1.4,32
B,500,0.5,0,0.45,12,kendalltau,200,200,0.014667363676185215,0.029793443184858645,0.0021067145710909675,-0.04389168432205151,0.07528022733973178,-0.08534772978546643,0.10455180540163958,0,0.4993690197160789,0.44559860335442103,1.3,33
B,500,0.5,0,0.45,12,weightedtau_rankFalse,200,200,0.014537984808779745,0.07299752579724493,0.0051617045501071825,-0.1397299963964015,0.15656870764915928,-0.21312263531523276,0.20169532761507702,0,0.4993690197160789,0.44559860335442103,1.3,33
B,500,0.5,0,0.45,12,weightedtau_rankTrue,200,200,0.10440824486600031,0.06295513146990914,0.004451600037286337,-0.00914071919832093,0.2321826786412647,-0.05563409517960742,0.30713815061777416,0,0.4993690197160789,0.44559860335442103,1.3,33
B,500,0.5,0,0.55,12,kendalltau,200,200,0.019130387503726084,0.027310410977655103,0.0019311376799291452,-0.02937069317342859,0.07260453753589301,-0.06626075219134311,0.08758932049327758,0,0.501737791271165,0.5456725262112703,1.2,34
B,500,0.5,0,0.55,12,weightedtau_rankFalse,200,200,0.020868839112769294,0.06479148285204454,0.004581449688781261,-0.1081015660625827,0.1543116616483197,-0.1305820427018823,0.1700613125903932,0,0.501737791271165,0.5456725262112703,1.2,34
B,500,0.5,0,0.55,12,weightedtau_rankTrue,200,200,0.0921803784376542,0.05614556110958674,0.0039700906994112484,0.0004734780001353955,0.20765696947234416,-0.041840874336336153,0.2414349695980492,0,0.501737791271165,0.5456725262112703,1.2,34
B,500,0.5,0,0.63,12,kendalltau,200,200,0.021074716518419297,0.02466093104393246,0.0017437911571538485,-0.03625103838329969,0.06636279475341512,-0.056708899249849315,0.08554846925183758,0,0.4959378949515798,0.6270524281459797,1.2,35
B,500,0.5,0,0.63,12,weightedtau_rankFalse,200,200,0.025231737820000436,0.06454419128491694,0.004563963534376643,-0.10289240651722978,0.1463541441210608,-0.18162838175902382,0.22498521398405796,0,0.4959378949515798,0.6270524281459797,1.2,35
B,500,0.5,0,0.63,12,weightedtau_rankTrue,200,200,0.07861506980368141,0.056747980756914444,0.004012688201185791,-0.01846946416140295,0.18104856018727983,-0.07522139477198853,0.25538181951916095,0,0.4959378949515798,0.6270524281459797,1.2,35
B,500,0.9,1,0.45,12,kendalltau,200,200,0.021914894826626875,0.02839293966595013,0.0020076840175613842,-0.028155801194661538,0.0803710638483484,-0.05001758370414438,0.10522093695621008,0,0.9001823628094512,0.4446547141508354,1.4,36
B,500,0.9,1,0.45,12,weightedtau_rankFalse,200,200,0.026498835673946893,0.06706248742384538,0.004742033962063863,-0.10824642198263368,0.15170208570299784,-0.15535316456107662,0.19873420075375098,0,0.9001823628094512,0.4446547141508354,1.4,36
B,500,0.9,1,0.45,12,weightedtau_rankTrue,200,200,0.15063326439757507,0.06595090501285501,0.004663433215997965,0.0254508175261608,0.28306875518629826,0.004354953799669298,0.3290513307311862,0,0.9001823628094512,0.4446547141508354,1.4,36
B,500,0.9,1,0.55,12,kendalltau,200,200,0.026626333743802036,0.02758311190129089,0.0019504205471630152,-0.02441828325516373,0.07793417036804698,-0.04222220109339814,0.09503340903787433,0,0.8980101026004104,0.547607787374351,1.3,37
B,500,0.9,1,0.55,12,weightedtau_rankFalse,200,200,0.026149819860280452,0.06770242120193024,0.004787284113463275,-0.11896777254562214,0.14806518099473617,-0.16665145121528555,0.3027255301033209,0,0.8980101026004104,0.547607787374351,1.3,37
B,500,0.9,1,0.55,12,weightedtau_rankTrue,200,200,0.13563148754369905,0.06157747717953133,0.004354185168200649,0.02851880618162921,0.2504130340232553,-0.03429481465383538,0.30239867462864484,0,0.8980101026004104,0.547607787374351,1.3,37
B,500,0.9,1,0.63,12,kendalltau,200,200,0.029067074730542233,0.025114357783254403,0.0017758532693684338,-0.0189962266270347,0.0803522445233761,-0.06769938503366967,0.08999819408973136,0,0.8974835961743847,0.6257920612540314,1.4,38
B,500,0.9,1,0.63,12,weightedtau_rankFalse,200,200,0.03188970873972137,0.06190176592658803,0.004377115845411277,-0.10583610813979358,0.14202630159893645,-0.1399362977333967,0.16807150861649903,0,0.8974835961743847,0.6257920612540314,1.4,38
B,500,0.9,1,0.63,12,weightedtau_rankTrue,200,200,0.12466292433853177,0.06302409005833243,0.004456476145835853,0.024228695167590464,0.2604335610596685,-0.03243281683035723,0.2966480144834371,0,0.8974835961743847,0.6257920612540314,1.4,38
B,500,0.9,0,0.45,12,kendalltau,200,200,0.025859341699375607,0.02906777063981456,0.00205540177333881,-0.03143496401927856,0.08250726633631468,-0.06473847790469524,0.09098516313272284,0,0.8981821285685143,0.44593990450813253,1.3,39
B,500,0.9,0,0.45,12,weightedtau_rankFalse,200,200,0.031404584628616034,0.06554919633255514,0.004635028122807811,-0.09294476726450508,0.16775278200678892,-0.1656724507040322,0.20937607781811107,0,0.8981821285685143,0.44593990450813253,1.3,39
B,500,0.9,0,0.45,12,weightedtau_rankTrue,200,200,0.1465949040152743,0.06519432298657184,0.004609934787867096,0.03166701550574909,0.27109521082802207,-0.026074783498951704,0.30794246275659837,0,0.8981821285685143,0.44593990450813253,1.3,39
B,500,0.9,0,0.55,12,kendalltau,200,200,0.027095060397778665,0.027377654087588448,0.0019358924858313392,-0.026599233915841933,0.08405588767792377,-0.050904183013950284,0.0954516162594809,0,0.8989809266437065,0.5482055870731073,1.2,40
B,500,0.9,0,0.55,12,weightedtau_rankFalse,200,200,0.02830572755682463,0.06315972768465475,0.004466067174371509,-0.10456315682132362,0.14646142356658995,-0.19119468606378154,0.18163943600379898,0,0.8989809266437065,0.5482055870731073,1.2,40
B,500,0.9,0,0.55,12,weightedtau_rankTrue,200,200,0.13713373263298365,0.06114425314195658,0.004323551602726436,0.02099976140050879,0.2525703593242131,-0.006538036549223608,0.27736515449658505,0,0.8989809266437065,0.5482055870731073,1.2,40
B,500,0.9,0,0.63,12,kendalltau,200,200,0.026162291010707397,0.024173414970262888,0.001709318564990929,-0.01759146856965827,0.07287929968048851,-0.02902358117949515,0.0952174202153812,0,0.8979822101688407,0.6261950760699597,1.2,41
B,500,0.9,0,0.63,12,weightedtau_rankFalse,200,200,0.03500828141482303,0.06568271979533413,0.004644469657405665,-0.09259603188566953,0.17420657501441694,-0.1342190684395393,0.19843354272839164,0,0.8979822101688407,0.6261950760699597,1.2,41
B,500,0.9,0,0.63,12,weightedtau_rankTrue,200,200,0.12314025021484828,0.05800465708845183,0.004101548636764463,0.019604349507484384,0.22997619299067243,-0.02239505895829913,0.2606975738842223,0,0.8979822101688407,0.6261950760699597,1.2,41
B,500,0.93,1,0.45,12,kendalltau,200,200,0.020324452762857135,0.02923854897355368,0.0020674776251254773,-0.030271093321547517,0.07927745196384726,-0.049749931082316186,0.09690697739067171,0,0.9296789132756531,0.44706130830633045,1.4,42
B,500,0.93,1,0.45,12,weightedtau_rankFalse,200,200,0.017198465359378873,0.07094198282069175,0.005016355712333069,-0.13983380758374997,0.16848434848212052,-0.19866756646186495,0.19036028563042498,0,0.9296789132756531,0.44706130830633045,1.4,42
B,500,0.93,1,0.45,12,weightedtau_rankTrue,200,200,0.1508500618117699,0.06956452621917558,0.004918954821960844,0.02765459599292005,0.2804587082013986,-0.02729084593483605,0.3811979893171734,0,0.9296789132756531,0.44706130830633045,1.4,42
B,500,0.93,1,0.55,12,kendalltau,200,200,0.02691941336470391,0.02670169168844078,0.001888094726204895,-0.023167843662560115,0.07805754149842092,-0.06843542974369721,0.09496649588241729,0,0.9285000933603734,0.5450580547079779,1.4,43
B,500,0.93,1,0.55,12,weightedtau_rankFalse,200,200,0.028703521920871486,0.06717967502175179,0.004750320376578921,-0.100660515966054,0.16617265929794256,-0.15419686884401557,0.21916190497787535,0,0.9285000933603734,0.5450580547079779,1.4,43
B,500,0.93,1,0.55,12,weightedtau_rankTrue,200,200,0.14212496499834404,0.06818996979800838,0.0048217590053077596,0.010755542522376284,0.27972662054233227,-0.015559318023416216,0.37493191935703063,0,0.9285000933603734,0.5450580547079779,1.4,43
B,500,0.93,1,0.63,12,kendalltau,200,200,0.027931976689657714,0.02352831361127878,0.0016637030104418972,-0.016162036286207056,0.0716865726844666,-0.02646415298326301,0.08349088972153332,0,0.9292046329785318,0.6272408698243143,1.3,44
B,500,0.93,1,0.63,12,weightedtau_rankFalse,200,200,0.02589219838238079,0.06454479756106948,0.004564006404574516,-0.12409764565323023,0.14053605891773946,-0.19285902819311984,0.18640271429568528,0,0.9292046329785318,0.6272408698243143,1.3,44
B,500,0.93,1,0.63,12,weightedtau_rankTrue,200,200,0.128778503871276,0.06060341796970621,0.004285308780946193,0.022186865353265757,0.2615370198830926,-0.01755409985084397,0.3228640321696258,0,0.9292046329785318,0.6272408698243143,1.3,44
B,500,0.93,0,0.45,12,kendalltau,200,200,0.022058005337860637,0.027772109469065887,0.0019637846933431616,-0.03232365436519251,0.08184942637672758,-0.05292830596652602,0.0974422826343281,0,0.9286216874467498,0.44435712060949784,1.2,45
B,500,0.93,0,0.45,12,weightedtau_rankFalse,200,200,0.02839950491657544,0.07204005806511116,0.0050940013574912735,-0.0992218198207135,0.17316574920384306,-0.21415474987434188,0.19847505646321092,0,0.9286216874467498,0.44435712060949784,1.2,45
B,500,0.93,0,0.45,12,weightedtau_rankTrue,200,200,0.1482165692050396,0.05617093576301864,0.003971884958362443,0.04907566144017919,0.257690799962798,0.01985228276959046,0.31136989036167423,0,0.9286216874467498,0.44435712060949784,1.2,45
B,500,0.93,0,0.55,12,kendalltau,200,200,0.026221341870398245,0.026592564213218286,0.0018803782484305355,-0.0200802197454389,0.074823963260959,-0.07517693015599493,0.09143682693205792,0,0.9282587483949934,0.5430076358921434,1.2,46
B,500,0.93,0,0.55,12,weightedtau_rankFalse,200,200,0.025440149833868976,0.06014237753816563,0.004252708299391841,-0.09528272757678113,0.13766872635563307,-0.1378678890267757,0.1807940457871402,0,0.9282587483949934,0.5430076358921434,1.2,46
B,500,0.93,0,0.55,12,weightedtau_rankTrue,200,200,0.14852560617839153,0.06226194041624112,0.004402584027815687,0.04565520563839335,0.26830725705147485,-0.04580198332888524,0.3115666604689654,0,0.9282587483949934,0.5430076358921434,1.2,46
B,500,0.93,0,0.63,12,kendalltau,200,200,0.029145112198094014,0.024343936612782686,0.0017213762659674108,-0.018751575402394863,0.07652773948178411,-0.04342663789162502,0.11157768672462978,0,0.9287136318145273,0.6254779042854843,1.2,47
B,500,0.93,0,0.63,12,weightedtau_rankFalse,200,200,0.024629820719041743,0.06094417213391157,0.004309403738968909,-0.1059978777272929,0.14663184195641807,-0.15412427692559968,0.16537760820073164,0,0.9287136318145273,0.6254779042854843,1.2,47
B,500,0.93,0,0.63,12,weightedtau_rankTrue,200,200,0.13447328795338673,0.06040348631174183,0.004271171477834145,0.019883110102205604,0.24349032658509193,-0.03676982761629846,0.28339424824691617,0,0.9287136318145273,0.6254779042854843,1.2,47
B,500,0.998,1,0.45,12,kendalltau,200,200,0.0016545114101198662,0.028345760032517802,0.0020043479136879947,-0.05545469579225124,0.05959160162838333,-0.0673313626786559,0.08210244174579953,1,0.9977910076440305,0.4505603839641909,1.3,48
B,500,0.998,1,0.45,12,weightedtau_rankFalse,200,200,0.00221867903878291,0.06661368233803604,0.004710298650103183,-0.13345221942578064,0.13431311512270708,-0.1743073180606889,0.16953137560714654,1,0.9977910076440305,0.4505603839641909,1.3,48
B,500,0.998,1,0.45,12,weightedtau_rankTrue,200,200,0.14975825188748765,0.06450296373743081,0.004561048306536729,0.02355329787481934,0.27639101065832355,-0.017071863622470596,0.3405422391340531,0,0.9977910076440305,0.4505603839641909,1.3,48
B,500,0.998,1,0.55,12,kendalltau,200,200,0.004535206393990162,0.026921163304760524,0.001903613713022661,-0.04877132618375683,0.052786951925623035,-0.05695982358281325,0.07281824142613394,0,0.9977906596426385,0.5423588805462636,1.4,49
B,500,0.998,1,0.55,12,weightedtau_rankFalse,200,200,0.001614560330062774,0.06963278876705377,0.004923781713011418,-0.12848674602900748,0.13936624213306584,-0.18768436667553604,0.20519452212678446,1,0.9977906596426385,0.5423588805462636,1.4,49
B,500,0.998,1,0.55,12,weightedtau_rankTrue,200,200,0.1541637656564712,0.06955608739855727,0.004918358107232401,0.02367302429914261,0.30605133381022914,-0.06658460368307288,0.34700451172531865,0,0.9977906596426385,0.5423588805462636,1.4,49
B,500,0.998,1,0.63,12,kendalltau,200,200,0.007823987984704137,0.024516361634160242,0.0017335685561536414,-0.04109889649616292,0.05430044386061715,-0.06599309956951491,0.07688321562014969,0,0.9977518994875979,0.6232698458316641,1.4,50
B,500,0.998,1,0.63,12,weightedtau_rankFalse,200,200,0.005815930901627994,0.06699799353448473,0.004737473555412662,-0.14740199973019744,0.11742022799647264,-0.19142441722003645,0.16663147400598255,1,0.9977518994875979,0.6232698458316641,1.4,50
B,500,0.998,1,0.63,12,weightedtau_rankTrue,200,200,0.15151659104159762,0.0657206612723575,0.00464715252497481,0.020764629933166787,0.2775405153247381,-0.03064327380311098,0.2949287546093935,0,0.9977518994875979,0.6232698458316641,1.4,50
B,500,0.998,0,0.45,12,kendalltau,200,200,0.006422575585100558,0.026584160873351543,0.0018797840425700968,-0.04241206717200751,0.05754113162084637,-0.07086103162901525,0.07955974183843166,0,0.9977591883167533,0.44902649244922394,1.3,51
B,500,0.998,0,0.45,12,weightedtau_rankFalse,200,200,0.010608125861734026,0.07151085613514827,0.005056581130161896,-0.12421266225514452,0.14156025099213584,-0.17827587149454424,0.20115369824945367,0,0.9977591883167533,0.44902649244922394,1.3,51
B,500,0.998,0,0.45,12,weightedtau_rankTrue,200,200,0.1614445818237929,0.061687351884925475,0.004361954483127156,0.05103414347833812,0.27581163929745034,0.018489795794214753,0.31731232465431725,0,0.9977591883167533,0.44902649244922394,1.3,51
B,500,0.998,0,0.55,12,kendalltau,200,200,0.003920776344005806,0.025553718898785417,0.0018069207917866003,-0.045117031481358726,0.04800098848155757,-0.07308589404796215,0.08344070485494053,0,0.9977734146136583,0.5445602619934249,1.3,52
B,500,0.998,0,0.55,12,weightedtau_rankFalse,200,200,0.0009678500770727805,0.06139055336221315,0.004340967658321552,-0.13530731059694756,0.10485979795488473,-0.185053891991381,0.13372384397907697,1,0.9977734146136583,0.5445602619934249,1.3,52
B,500,0.998,0,0.55,12,weightedtau_rankTrue,200,200,0.1594021278672722,0.06517253666766325,0.00460839426248336,0.04172571825206073,0.28401929527240355,-0.0030490681492688493,0.3161892973405846,0,0.9977734146136583,0.5445602619934249,1.3,52
B,500,0.998,0,0.63,12,kendalltau,200,200,0.008654631168259083,0.028549636865019358,0.0020187641827668634,-0.047642166685419124,0.05893041601102336,-0.07077739018469394,0.07673266102037134,0,0.9977795269581077,0.62586934849721,1.3,53
B,500,0.998,0,0.63,12,weightedtau_rankFalse,200,200,0.004588941547723183,0.06767814632931973,0.004785567620759743,-0.13133742122872305,0.14108110936536544,-0.1686879847622211,0.17470109970981357,1,0.9977795269581077,0.62586934849721,1.3,53
B,500,0.998,0,0.63,12,weightedtau_rankTrue,200,200,0.15449749689496126,0.05844753618221061,0.004132864917808721,0.051743551236067636,0.26646413431052607,0.005062115702183748,0.30978345841974286,0,0.9977795269581077,0.62586934849721,1.3,53
B,500,1.0,1,0.45,12,kendalltau,200,200,-0.0010634400539714251,0.3093948271634633,0.021877518035132472,-0.38627981807832273,0.3789245719508099,-0.3991584103010644,0.410730976683335,1,1.0,0.44832048545607356,1.3,54
B,500,1.0,1,0.45,12,weightedtau_rankFalse,200,200,-0.007144063501973322,0.31362674039612826,0.02217675948955352,-0.44979652119261376,0.43534943601789877,-0.5095845746733069,0.4860188228963675,1,1.0,0.44832048545607356,1.3,54
B,500,1.0,1,0.45,12,weightedtau_rankTrue,200,200,0.14235569788367014,0.4201932866035602,0.029712152236643988,-0.36176275297665345,0.6729405469203299,-0.3945812653217341,0.6873721115534205,0,1.0,0.44832048545607356,1.3,54
B,500,1.0,1,0.55,12,kendalltau,200,200,0.04478576583315817,0.37163123260117575,0.026278296467300653,-0.45918671841295833,0.46015366414501363,-0.4775769831931738,0.49133773226639876,1,1.0,0.5486230700212683,1.2,55
B,500,1.0,1,0.55,12,weightedtau_rankFalse,200,200,0.04612235273193834,0.3795358124247427,0.026837234666868107,-0.5207792690638984,0.5012430807694657,-0.5798185981554472,0.5522626338344538,1,1.0,0.5486230700212683,1.2,55
B,500,1.0,1,0.55,12,weightedtau_rankTrue,200,200,0.16440848786660708,0.48790629971032945,0.034500185310881,-0.4786767002383563,0.7286153682958203,-0.5394988571602588,0.7463746801145146,0,1.0,0.5486230700212683,1.2,55
B,500,1.0,1,0.63,12,kendalltau,200,198,0.04565519735667486,0.42380482316072093,0.0301184972976095,-0.52553895794259,0.5176103253840387,-0.5509648027674952,0.5402129348559506,1,1.0,0.6269967462840721,1.2,56
B,500,1.0,1,0.63,12,weightedtau_rankFalse,200,198,0.0440731405995631,0.4230951461534823,0.03006806274883471,-0.5462482796221413,0.559559097985514,-0.5876495872071476,0.5805534085656615,1,1.0,0.6269967462840721,1.2,56
B,500,1.0,1,0.63,12,weightedtau_rankTrue,200,198,0.1265478100441312,0.5366312396480388,0.03813672157058705,-0.5611311903952491,0.7525582158994074,-0.6168259639136657,0.7625827165464827,0,1.0,0.6269967462840721,1.2,56
B,500,1.0,0,0.45,12,kendalltau,200,199,0.034936247930471405,0.30185995928696663,0.02139828516831121,-0.38650508400888495,0.38772131760571793,-0.4029564299210496,0.40225586391074053,1,1.0,0.44797776744944856,1.0,57
B,500,1.0,0,0.45,12,weightedtau_rankFalse,200,199,0.02947532084887823,0.30263056956438394,0.02145291228251595,-0.4241359970500618,0.41776003410313317,-0.5242197084933673,0.48482971868933966,1,1.0,0.44797776744944856,1.0,57
B,500,1.0,0,0.45,12,weightedtau_rankTrue,200,199,0.1830700316387708,0.41108343863124586,0.029140932333588786,-0.375063738151606,0.6722858008993579,-0.4570028307473023,0.6867096225997869,0,1.0,0.44797776744944856,1.0,57
B,500,1.0,0,0.55,12,kendalltau,200,198,0.02013414077657271,0.3676840631964005,0.02613016855533804,-0.45765460623521104,0.4559318313281868,-0.49680417509450947,0.47234755317888544,1,1.0,0.5448427443637265,1.0,58
B,500,1.0,0,0.55,12,weightedtau_rankFalse,200,198,0.014606620544651295,0.36857030480336633,0.026193151003827797,-0.516875201528122,0.4994562582413994,-0.5452896030679525,0.539382750513974,1,1.0,0.5448427443637265,1.0,58
B,500,1.0,0,0.55,12,weightedtau_rankTrue,200,198,0.13040638163292453,0.48227786824827273,0.03427399566432949,-0.4719442508972101,0.7122551211638293,-0.516711720728042,0.7431200128155897,0,1.0,0.5448427443637265,1.0,58
B,500,1.0,0,0.63,12,kendalltau,200,198,0.06362604986107909,0.41823758495066626,0.029722850906107507,-0.5143734831554242,0.5211131116099531,-0.5390728789436345,0.5469180668667871,0,1.0,0.6275002885362087,0.9,59
B,500,1.0,0,0.63,12,weightedtau_rankFalse,200,198,0.05927951823861423,0.4211044713251357,0.02992659164902318,-0.5655076262408228,0.5677500560124885,-0.6361876403036123,0.6318647474102709,1,1.0,0.6275002885362087,0.9,59
B,500,1.0,0,0.63,12,weightedtau_rankTrue,200,198,0.15058971963026505,0.5293089773131617,0.03761635104554054,-0.5541906876519731,0.75639432597953,-0.6070880195933192,0.7668914351193139,0,1.0,0.6275002885362087,0.9,59
B,10000,0.0,1,0.45,12,kendalltau,200,200,0.004379258403374081,0.004348739731752251,0.0003075023353937384,-0.0030041439547423333,0.012934924557336362,-0.005410687724224835,0.016749225013035694,0,0.0003785657710856577,0.44667966130455605,17.8,60
B,10000,0.0,1,0.45,12,weightedtau_rankFalse,200,200,0.007801603099202878,0.04275923560055244,0.0030235345451503867,-0.07344278182264513,0.08951443488804411,-0.0887162166664095,0.13999399600659493,0,0.0003785657710856577,0.44667966130455605,17.8,60
B,10000,0.0,1,0.45,12,weightedtau_rankTrue,200,200,0.24814242105248988,0.06618999056377245,0.004680339117431709,0.14452939701868714,0.3851875529314354,0.1274506104452284,0.40229849539645796,0,0.0003785657710856577,0.44667966130455605,17.8,60
B,10000,0.0,1,0.55,12,kendalltau,200,200,0.0037968651493661674,0.0045390053294440515,0.00032095614482917676,-0.0036670495055359004,0.01249458598445927,-0.007022588176732086,0.02094697644807603,0,-0.00014523751777237518,0.5465328114784956,17.8,61
B,10000,0.0,1,0.55,12,weightedtau_rankFalse,200,200,0.0040775085388496885,0.04667000204933408,0.00330006749270742,-0.08018588694972048,0.10444676729095279,-0.11363663291835797,0.12360837188725057,1,-0.00014523751777237518,0.5465328114784956,17.8,61
B,10000,0.0,1,0.55,12,weightedtau_rankTrue,200,200,0.23014680443559005,0.07720334494849859,0.005459100874336754,0.1273758779108655,0.38148747741887534,0.1052710670625839,0.40232061600599744,0,-0.00014523751777237518,0.5465328114784956,17.8,61
B,10000,0.0,1,0.63,12,kendalltau,200,200,0.0038319755834061997,0.004484996519492276,0.0003171371452531052,-0.005276427446642941,0.012531246483475663,-0.008157478067645888,0.018883509896794843,0,-0.0006353797300737974,0.6259099444702818,17.5,62
B,10000,0.0,1,0.63,12,weightedtau_rankFalse,200,200,0.007200673336026203,0.04223853747204129,0.0029867156273882486,-0.07563431759235703,0.08654735651926992,-0.1006940997675606,0.1417647238200861,0,-0.0006353797300737974,0.6259099444702818,17.5,62
B,10000,0.0,1,0.63,12,weightedtau_rankTrue,200,200,0.22985556918849404,0.08396800405069924,0.005937434506694892,0.11493053967370588,0.391723004940535,0.10349075477684719,0.41636171095261953,0,-0.0006353797300737974,0.6259099444702818,17.5,62
B,10000,0.0,0,0.45,12,kendalltau,200,200,-0.0004436494865981674,0.0065317228181266595,0.0004618625497528267,-0.01304216106061339,0.01255622926926044,-0.018330959780558233,0.017299059382009138,1,0.0019877255455972554,0.44742678365981475,17.0,63
B,10000,0.0,0,0.45,12,weightedtau_rankFalse,200,200,0.0012934147584374488,0.04795988042326466,0.003391275667218639,-0.08929607886532703,0.10613824298779227,-0.14449570956995553,0.15226403688263182,1,0.0019877255455972554,0.44742678365981475,17.0,63
B,10000,0.0,0,0.45,12,weightedtau_rankTrue,200,200,0.249731618369438,0.06667484234423293,0.004714623315615106,0.1456880522655392,0.36972155914062194,0.1313161113824128,0.4025286576560583,0,0.0019877255455972554,0.44742678365981475,17.0,63
B,10000,0.0,0,0.55,12,kendalltau,200,200,-0.0002274298367466242,0.005572733514538862,0.0003940517657875971,-0.011384533691303479,0.010792387979969901,-0.014603993578769629,0.015842081865683765,1,0.0005510149337901496,0.5466771624428399,17.0,64
B,10000,0.0,0,0.55,12,weightedtau_rankFalse,200,200,-0.006631665897954879,0.045588638614650456,0.003223603550948223,-0.09916153705574908,0.0778592847253281,-0.16022845475160066,0.0974650699641729,0,0.0005510149337901496,0.5466771624428399,17.0,64
B,10000,0.0,0,0.55,12,weightedtau_rankTrue,200,200,0.25972058675437354,0.07318828106658049,0.005175192984556607,0.15558239031766516,0.3777013935274949,0.12034117733374855,0.4069206057398969,0,0.0005510149337901496,0.5466771624428399,17.0,64
B,10000,0.0,0,0.63,12,kendalltau,200,200,-0.00016542034387219634,0.005532138395241114,0.00039118125737374563,-0.009498133861580762,0.011478938288762045,-0.0159420213649683,0.01352379465966329,1,-0.00013757365469573647,0.6264659056126675,17.2,65
B,10000,0.0,0,0.63,12,weightedtau_rankFalse,200,200,0.003470086361051896,0.04733279636717499,0.0033469341283751414,-0.08992054788130088,0.10728296378800586,-0.15623313136818182,0.1320122391939611,1,-0.00013757365469573647,0.6264659056126675,17.2,65
B,10000,0.0,0,0.63,12,weightedtau_rankTrue,200,200,0.2660371974578289,0.08784493517542816,0.006211574935543793,0.12668655558581504,0.3977582080674669,0.09907503415417501,0.4320854922416778,0,-0.00013757365469573647,0.6264659056126675,17.2,65
B,10000,0.5,1,0.45,12,kendalltau,200,200,0.015749771944979642,0.006477909086227871,0.00045805734427816787,0.0038987309490748313,0.029574918037374782,-0.0013557428144999432,0.03223838507668916,0,0.4993962337953423,0.4465292602930855,17.9,66
B,10000,0.5,1,0.45,12,weightedtau_rankFalse,200,200,0.014696773938686354,0.047942054535217105,0.003390015186586729,-0.08265579636357873,0.09506940790363475,-0.1414258960355692,0.12749997485901254,0,0.4993962337953423,0.4465292602930855,17.9,66
B,10000,0.5,1,0.45,12,weightedtau_rankTrue,200,200,0.15452578707536854,0.03912159897562049,0.0027663147926521936,0.09183299190386557,0.22971548189511787,0.06943791136936972,0.25196083516579515,0,0.4993962337953423,0.4465292602930855,17.9,66
B,10000,0.5,1,0.55,12,kendalltau,200,200,0.018172436181312666,0.005518962056605618,0.0003902495495337087,0.006371055339862119,0.028372222204408774,0.0030767745262593707,0.030737997384880252,0,0.5003965234023252,0.547205494867366,18.0,67
B,10000,0.5,1,0.55,12,weightedtau_rankFalse,200,200,0.018520342524605316,0.04457851387735841,0.0031521769457898744,-0.0799517427099924,0.09615582846080675,-0.14294945625637043,0.12143609432136764,0,0.5003965234023252,0.547205494867366,18.0,67
B,10000,0.5,1,0.55,12,weightedtau_rankTrue,200,200,0.12840987461919706,0.03613269100746967,0.002554967083389999,0.07512342633177788,0.20369668450686212,0.05076358838500919,0.23256400999252178,0,0.5003965234023252,0.547205494867366,18.0,67
B,10000,0.5,1,0.63,12,kendalltau,200,200,0.019379250758358717,0.005728334002657505,0.00040505438181806004,0.008659030628352939,0.029960418361381292,-0.0018797149133826143,0.03759609483891868,0,0.5000900524714406,0.6262306478510525,18.1,68
B,10000,0.5,1,0.63,12,weightedtau_rankFalse,200,200,0.021694066152735017,0.044971251734346095,0.003179947705980341,-0.07538415993986743,0.1065402886726002,-0.10341857453733921,0.12570428337183723,0,0.5000900524714406,0.6262306478510525,18.1,68
B,10000,0.5,1,0.63,12,weightedtau_rankTrue,200,200,0.10680150207649147,0.028267124647339062,0.0019987875522778846,0.059588627173026223,0.17588993401907915,0.0560338086155997,0.194196276316826,0,0.5000900524714406,0.6262306478510525,18.1,68
B,10000,0.5,0,0.45,12,kendalltau,200,200,0.015827796826175872,0.006007051622140025,0.00042476269369528613,0.0037641562715213166,0.027214641200593043,-0.0008114235015070849,0.03236468821478998,0,0.5003026150570661,0.44567064703704573,17.5,69
B,10000,0.5,0,0.45,12,weightedtau_rankFalse,200,200,0.018110471334018535,0.04385404351904029,0.0031009491554763353,-0.06566902536369422,0.09936888194827467,-0.0906711869196657,0.130776771233644,0,0.5003026150570661,0.44567064703704573,17.5,69
B,10000,0.5,0,0.45,12,weightedtau_rankTrue,200,200,0.152102162534323,0.03278493755207214,0.0023182451663847697,0.1010954445391506,0.22095267246451059,0.08043127388475454,0.24714467655681882,0,0.5003026150570661,0.44567064703704573,17.5,69
B,10000,0.5,0,0.55,12,kendalltau,200,200,0.017395881412339192,0.005889994083070536,0.0004164854757287817,0.006040717065361412,0.028685533788087605,0.0005986342582561923,0.03136892814520456,0,0.5004497941647779,0.5471839012906458,17.4,70
B,10000,0.5,0,0.55,12,weightedtau_rankFalse,200,200,0.02026359239832055,0.04209202830815886,0.0029763558650595253,-0.06663035464572384,0.0969967693409887,-0.1125762486298407,0.12378190929612626,0,0.5004497941647779,0.5471839012906458,17.4,70
B,10000,0.5,0,0.55,12,weightedtau_rankTrue,200,200,0.12524748804555028,0.029182107128491074,0.0020634865839868326,0.0756755596354746,0.17962697604243305,0.05669254301509313,0.20498091902725527,0,0.5004497941647779,0.5471839012906458,17.4,70
B,10000,0.5,0,0.63,12,kendalltau,200,200,0.018884597031314652,0.004755445382581275,0.00033626076775854756,0.00992374472814607,0.028188351491437894,0.006243335835111745,0.0331732288461254,0,0.499415403696174,0.6268634857314681,17.3,71
B,10000,0.5,0,0.63,12,weightedtau_rankFalse,200,200,0.012606807857130767,0.04507539724130816,0.0031873119054006394,-0.07011905338694392,0.1011866389858058,-0.16776452189418564,0.1214391329664,0,0.499415403696174,0.6268634857314681,17.3,71
B,10000,0.5,0,0.63,12,weightedtau_rankTrue,200,200,0.10410847030131745,0.027927284802313768,0.0019747572463844074,0.06284525075070423,0.16656485460644918,0.03692036740107371,0.21035350273914885,0,0.499415403696174,0.6268634857314681,17.3,71
B,10000,0.9,1,0.45,12,kendalltau,200,200,0.021246010721681485,0.006473289317598503,0.000457730677305634,0.010271597483457845,0.03519320688305968,0.00731847928623588,0.040965418016511795,0,0.8998009060339691,0.44709412058669856,18.1,72
B,10000,0.9,1,0.45,12,weightedtau_rankFalse,200,200,0.02251075714775881,0.0422209069647142,0.0029854689622595743,-0.07043661722503233,0.09396478676665708,-0.09743122275855468,0.1235722823839431,0,0.8998009060339691,0.44709412058669856,18.1,72
B,10000,0.9,1,0.45,12,weightedtau_rankTrue,200,200,0.21156230766319745,0.03656213781439761,0.002585333558323765,0.14242880415066195,0.28239186922542886,0.11854237610112447,0.31726142337321406,0,0.8998009060339691,0.44709412058669856,18.1,72
B,10000,0.9,1,0.55,12,kendalltau,200,200,0.025672502237071102,0.006324506353111631,0.0004472101329942635,0.01305129746111759,0.03774568864335569,0.0066536643562126714,0.04476370391950387,0,0.8999407031427671,0.5469254810972637,18.2,73
B,10000,0.9,1,0.55,12,weightedtau_rankFalse,200,200,0.024106868950402278,0.04296385159106398,0.003038003080593378,-0.06380182597341628,0.10791534805778423,-0.10420975210734913,0.12905102531602303,0,0.8999407031427671,0.5469254810972637,18.2,73
B,10000,0.9,1,0.55,12,weightedtau_rankTrue,200,200,0.19870948621288037,0.03223904619115612,0.002279644818075283,0.14271675087175617,0.25910407491102233,0.11878988389491907,0.2964402540905551,0,0.8999407031427671,0.5469254810972637,18.2,73
B,10000,0.9,1,0.63,12,kendalltau,200,200,0.028215709302656124,0.005645659927821342,0.00039920844192356254,0.01660479530647142,0.03865036881684356,0.013453686599546464,0.044252474942394524,0,0.899971093479131,0.6267453034955017,18.2,74
B,10000,0.9,1,0.63,12,weightedtau_rankFalse,200,200,0.029323022098291168,0.0399805448804899,0.0028270514400527517,-0.05199229033175695,0.10352537468653959,-0.0826684451571122,0.1318189251963164,0,0.899971093479131,0.6267453034955017,18.2,74
B,10000,0.9,1,0.63,12,weightedtau_rankTrue,200,200,0.18721377436042355,0.03362729774159286,0.002377809026605938,0.13253419950559278,0.25707529126397055,0.1190787693937814,0.28742638860517017,0,0.899971093479131,0.6267453034955017,18.2,74
B,10000,0.9,0,0.45,12,kendalltau,200,200,0.022044376492539996,0.00632386583648332,0.0004471648416291294,0.009302157182925229,0.03395462349452911,0.005360968658945321,0.036834975332870876,0,0.8998247358389874,0.4474792482677374,17.4,75
B,10000,0.9,0,0.45,12,weightedtau_rankFalse,200,200,0.019690278758981456,0.0480159825704555,0.0033952426880904155,-0.08612453308886373,0.10497729696563006,-0.1495900417619141,0.1315709773927094,0,0.8998247358389874,0.4474792482677374,17.4,75
B,10000,0.9,0,0.45,12,weightedtau_rankTrue,200,200,0.21489597216213518,0.03840494090354759,0.002715639414396711,0.15033605390963423,0.2911914961087263,0.14014716377563763,0.32792745058524686,0,0.8998247358389874,0.4474792482677374,17.4,75
B,10000,0.9,0,0.55,12,kendalltau,200,200,0.026950574053133572,0.005703802656817304,0.0004033197537185361,0.015936953362767958,0.0377035423348677,0.007246407531944148,0.04089363872730995,0,0.8999377803213378,0.5465195446567184,17.5,76
B,10000,0.9,0,0.55,12,weightedtau_rankFalse,200,200,0.02660698134964284,0.044361894321871126,0.003136859630127607,-0.06740871524818746,0.10292241039592875,-0.11156829621081028,0.1318413128665638,0,0.8999377803213378,0.5465195446567184,17.5,76
B,10000,0.9,0,0.55,12,weightedtau_rankTrue,200,200,0.2009449797221035,0.0327836164334249,0.0023181517491893486,0.14903879701839404,0.26618385212120055,0.12317588086485387,0.3048380787976607,0,0.8999377803213378,0.5465195446567184,17.5,76
B,10000,0.9,0,0.63,12,kendalltau,200,200,0.027957061742215766,0.005120835732424732,0.00036209776717399086,0.018547583450041084,0.03791643602993641,0.012523981859546687,0.041237034523555594,0,0.8999285524335057,0.6262553721717863,17.4,77
B,10000,0.9,0,0.63,12,weightedtau_rankFalse,200,200,0.027954108272853464,0.043162380344145136,0.0030520411833497973,-0.061832974439361976,0.10130949634213454,-0.09945261207948712,0.13451254039702468,0,0.8999285524335057,0.6262553721717863,17.4,77
B,10000,0.9,0,0.63,12,weightedtau_rankTrue,200,200,0.18536594505419784,0.033669931476553984,0.0023808236869157706,0.1275238694689166,0.2512398355517718,0.1044235944798523,0.278052133431146,0,0.8999285524335057,0.6262553721717863,17.4,77
B,10000,0.93,1,0.45,12,kendalltau,200,200,0.02060523621314273,0.006671421415995903,0.0004717407323403862,0.007637386353795011,0.033647784790000225,0.001432828256046752,0.03807268759324088,0,0.9299379869148399,0.4468202482190318,18.0,78
B,10000,0.93,1,0.45,12,weightedtau_rankFalse,200,200,0.020529543924587845,0.044321400685965476,0.0031339962976732285,-0.07201930152349402,0.10358058509098608,-0.11391053085677656,0.11496705895053076,0,0.9299379869148399,0.4468202482190318,18.0,78
B,10000,0.93,1,0.45,12,weightedtau_rankTrue,200,200,0.22167549892118668,0.034898202033448976,0.002467675530906993,0.15657333861596856,0.29044493874050864,0.1352182277450559,0.322743164480453,0,0.9299379869148399,0.4468202482190318,18.0,78
B,10000,0.93,1,0.55,12,kendalltau,200,200,0.023788179745101074,0.005443075010401571,0.0003848835250361988,0.013910026146394505,0.03435781795647332,0.00536873987419069,0.03756689011065786,0,0.9301696682958166,0.5472644996940892,18.1,79
B,10000,0.93,1,0.55,12,weightedtau_rankFalse,200,200,0.026012530215814608,0.042919329254971786,0.003034854876016872,-0.06199102755630059,0.09447424935697894,-0.12790744169678206,0.1474166808217014,0,0.9301696682958166,0.5472644996940892,18.1,79
B,10000,0.93,1,0.55,12,weightedtau_rankTrue,200,200,0.20921841531041835,0.03462667104848482,0.002448475390829951,0.14897409197885655,0.2761439481471117,0.11739560983471553,0.2936938328906996,0,0.9301696682958166,0.5472644996940892,18.1,79
B,10000,0.93,1,0.63,12,kendalltau,200,200,0.02588991848694753,0.00572252632017994,0.00040464371665177356,0.015371493001849526,0.037867529599799485,0.012004271394830833,0.0418788700536597,0,0.9301517825118178,0.6271559917267443,18.1,80
B,10000,0.93,1,0.63,12,weightedtau_rankFalse,200,200,0.025141950015952697,0.03888124095025173,0.002749318913687108,-0.06028412747396038,0.09865179522753915,-0.0974315939911328,0.1183649912455406,0,0.9301517825118178,0.6271559917267443,18.1,80
B,10000,0.93,1,0.63,12,weightedtau_rankTrue,200,200,0.19831847709110717,0.031391745435665676,0.002219731607084105,0.1427930751460596,0.25749079442869705,0.1276223477932454,0.2811041744262225,0,0.9301517825118178,0.6271559917267443,18.1,80
B,10000,0.93,0,0.45,12,kendalltau,200,200,0.019852428147142023,0.0056654440578034065,0.0004006073911705819,0.00692561093100076,0.030551240668183172,0.0035336467773782613,0.032778777001332214,0,0.9297296443365565,0.4465992016225445,17.3,81
B,10000,0.93,0,0.45,12,weightedtau_rankFalse,200,200,0.023761513071519868,0.04653267665780228,0.003290357121149296,-0.06211676971557662,0.10857700985060843,-0.10834594443132647,0.1254735867870292,0,0.9297296443365565,0.4465992016225445,17.3,81
B,10000,0.93,0,0.45,12,weightedtau_rankTrue,200,200,0.22249506063407345,0.03765138432010208,0.0026623549173805027,0.1638569125861924,0.30170295502493016,0.14403426045165088,0.32781102927148364,0,0.9297296443365565,0.4465992016225445,17.3,81
B,10000,0.93,0,0.55,12,kendalltau,200,200,0.023595813339076465,0.006208267905073085,0.00043899083350999794,0.010793204793185206,0.03566999705131754,0.006860687859120225,0.03877999352275086,0,0.9297902656384227,0.5471758579431832,17.4,82
B,10000,0.93,0,0.55,12,weightedtau_rankFalse,200,200,0.023820720730529682,0.039969869446082634,0.0028262965728466025,-0.05880651153430494,0.09187010523530174,-0.08885666789465946,0.15432443836052995,0,0.9297902656384227,0.5471758579431832,17.4,82
B,10000,0.93,0,0.55,12,weightedtau_rankTrue,200,200,0.21345824783379533,0.03608246829433969,0.002551415801287619,0.14270935982961744,0.2841980885987246,0.11647914346861873,0.29822095952450256,0,0.9297902656384227,0.5471758579431832,17.4,82
B,10000,0.93,0,0.63,12,kendalltau,200,200,0.026198536214837424,0.005945926031471432,0.00042044046172870665,0.015746916858991513,0.03721740477343365,0.009159547027027275,0.042305827304156635,0,0.9299709294781294,0.6262064262009578,17.5,83
B,10000,0.93,0,0.63,12,weightedtau_rankFalse,200,200,0.025873661579180994,0.04336721131827711,0.0030665249204303736,-0.06248289466787248,0.10206818471891617,-0.09163039970973272,0.15332694029883168,0,0.9299709294781294,0.6262064262009578,17.5,83
B,10000,0.93,0,0.63,12,weightedtau_rankTrue,200,200,0.19852241270432192,0.031542768541833265,0.002230410553332801,0.1418819172380081,0.2634012077874366,0.10958931679793313,0.28776826061945865,0,0.9299709294781294,0.6262064262009578,17.5,83
B,10000,0.998,1,0.45,12,kendalltau,200,200,0.004619804463787257,0.006799851020903697,0.0004808220767939272,-0.007837283109173108,0.017792032270400937,-0.014744042576094778,0.02108978297339147,0,0.9979863594789036,0.4473225333089719,18.7,84
B,10000,0.998,1,0.45,12,weightedtau_rankFalse,200,200,0.005499735599467974,0.046618265092121365,0.0032964091373791126,-0.07969495676203216,0.1025675902474924,-0.10078406875859892,0.14873971156346646,1,0.9979863594789036,0.4473225333089719,18.7,84
B,10000,0.998,1,0.45,12,weightedtau_rankTrue,200,200,0.2501925297965204,0.03647370047231235,0.002579080093893904,0.18487234455171914,0.31762512776299945,0.16301262339431405,0.3485835097322542,0,0.9979863594789036,0.4473225333089719,18.7,84
B,10000,0.998,1,0.55,12,kendalltau,200,200,0.005938152274087938,0.005569802669692778,0.00039384452376106996,-0.004601853583281361,0.017483722884277228,-0.007258022574085077,0.02044953511091814,0,0.997989107300071,0.5463436028818179,18.4,85
B,10000,0.998,1,0.55,12,weightedtau_rankFalse,200,200,0.004177195031193443,0.044655294736634384,0.0031576061724158115,-0.08050154277635427,0.09069377714165412,-0.10343317915492453,0.13341073153201605,1,0.997989107300071,0.5463436028818179,18.4,85
B,10000,0.998,1,0.55,12,weightedtau_rankTrue,200,200,0.24578040142953156,0.035442624631469966,0.002506172021996177,0.17307827859232724,0.3091499652304223,0.15161273095164607,0.3462344240152493,0,0.997989107300071,0.5463436028818179,18.4,85
B,10000,0.998,1,0.63,12,kendalltau,200,200,0.0067402647316514375,0.005977470940683249,0.0004226710236502656,-0.0045293410423184535,0.016637127322157604,-0.011226021790661508,0.02336085795775997,0,0.9979954063001141,0.6268449935107516,18.9,86
B,10000,0.998,1,0.63,12,weightedtau_rankFalse,200,200,0.012171511607853312,0.0400677193007725,0.0028332156024255344,-0.06350346587840738,0.08476338527368318,-0.10256533850025608,0.12629186966269984,0,0.9979954063001141,0.6268449935107516,18.9,86
B,10000,0.998,1,0.63,12,weightedtau_rankTrue,200,200,0.23972318299112383,0.03606190793251642,0.002549961964160731,0.1665598590111134,0.3073976835098625,0.15297229620473518,0.3247402225053011,0,0.9979954063001141,0.6268449935107516,18.9,86
B,10000,0.998,0,0.45,12,kendalltau,200,200,0.0048856660934767674,0.00642671761926464,0.00045443756093530913,-0.006873516631384153,0.017066563214291258,-0.012894033759698494,0.020056545591574354,0,0.9979937795224377,0.44779968496431577,18.0,87
B,10000,0.998,0,0.45,12,weightedtau_rankFalse,200,200,0.007482890025449487,0.04439938813976849,0.0031395108434163874,-0.08363531896154462,0.09966016271969201,-0.11431758401209136,0.1351924067018684,0,0.9979937795224377,0.44779968496431577,18.0,87
B,10000,0.998,0,0.45,12,weightedtau_rankTrue,200,200,0.247199509362675,0.04116553859322963,0.00291084314904692,0.17297652209365616,0.3293480873541129,0.1500275003661108,0.3443157114793983,0,0.9979937795224377,0.44779968496431577,18.0,87
B,10000,0.998,0,0.55,12,kendalltau,200,200,0.005934661703240226,0.006087498815242741,0.00043045116927232157,-0.0048704347204994785,0.018263484950768516,-0.010534759660367769,0.022810856465878025,0,0.9979927798332079,0.5469534632437568,17.9,88
B,10000,0.998,0,0.55,12,weightedtau_rankFalse,200,200,0.01020685120826206,0.03961465697110017,0.0028011792578643865,-0.08057783407064803,0.08060816802736452,-0.13644329937426639,0.10502488686585942,0,0.9979927798332079,0.5469534632437568,17.9,88
B,10000,0.998,0,0.55,12,weightedtau_rankTrue,200,200,0.24520146262070697,0.03609279498812473,0.002552146008807883,0.17647571829093195,0.30888642509142994,0.15976434229060726,0.3268785708967516,0,0.9979927798332079,0.5469534632437568,17.9,88
B,10000,0.998,0,0.63,12,kendalltau,200,200,0.005987840421629378,0.005511386018396902,0.00038971384273451756,-0.00432753177415618,0.01674456750647937,-0.006881578222683046,0.021765335550285966,0,0.9979879535455995,0.6263385164758644,18.1,89
B,10000,0.998,0,0.63,12,weightedtau_rankFalse,200,200,0.005239092815984765,0.03620742910679678,0.002560251865074718,-0.07349862085340293,0.07295806123787764,-0.09241844963943956,0.10478518740350537,0,0.9979879535455995,0.6263385164758644,18.1,89
B,10000,0.998,0,0.63,12,weightedtau_rankTrue,200,200,0.23891214631294247,0.03477438790014942,0.002458920549580708,0.17124058756361232,0.31710555823332953,0.1448637283304674,0.3322848342904827,0,0.9979879535455995,0.6263385164758644,18.1,89
B,10000,1.0,1,0.45,12,kendalltau,200,200,0.1814883174571188,0.2342749434495985,0.016565740117530606,-0.337200096238943,0.3443254234123611,-0.3391043877217082,0.35042295126113665,0,1.0,0.44639304269119107,16.2,90
B,10000,1.0,1,0.45,12,weightedtau_rankFalse,200,200,0.18413263990892517,0.23777713793937735,0.01681338266480628,-0.36542264857977613,0.40950396967621555,-0.40935108672585824,0.4401369206711922,0,1.0,0.44639304269119107,16.2,90
B,10000,1.0,1,0.45,12,weightedtau_rankTrue,200,200,0.4378854952214827,0.35468669365213884,0.025080136627806296,-0.19034852243565747,0.7244949507759674,-0.22278965464426603,0.7298965369561681,0,1.0,0.44639304269119107,16.2,90
B,10000,1.0,1,0.55,12,kendalltau,200,200,0.21691122798219153,0.29948085200884794,0.021176494129098125,-0.4155918123952587,0.42668983402739646,-0.4230178975593728,0.4354144137930022,0,1.0,0.5470236816389881,16.0,91
B,10000,1.0,1,0.55,12,weightedtau_rankFalse,200,200,0.21654337341499805,0.2995338925013466,0.021180244658290454,-0.4485058616866079,0.4863851773720123,-0.5220114490822769,0.49584768193878276,0,1.0,0.5470236816389881,16.0,91
B,10000,1.0,1,0.55,12,weightedtau_rankTrue,200,200,0.4355172561631156,0.4115899787265831,0.029103806502599375,-0.2937650117339536,0.7620744324012266,-0.3179209356705251,0.7715953334556096,0,1.0,0.5470236816389881,16.0,91
B,10000,1.0,1,0.63,12,kendalltau,200,200,0.20849717570373966,0.3728694353426594,0.02636585062279934,-0.4823700721261867,0.4910853747982414,-0.48763939420607466,0.49312103279160224,0,1.0,0.6260673547495564,15.9,92
B,10000,1.0,1,0.63,12,weightedtau_rankFalse,200,200,0.2104111136805745,0.37436388934853965,0.02647152447897227,-0.5139811901992626,0.5449573720579074,-0.5421657169943969,0.5632709917062722,0,1.0,0.6260673547495564,15.9,92
B,10000,1.0,1,0.63,12,weightedtau_rankTrue,200,200,0.3846338115130887,0.47705625175323485,0.033732971062214914,-0.392172203345889,0.7905240282610895,-0.4241582549249747,0.7935263715011115,0,1.0,0.6260673547495564,15.9,92
B,10000,1.0,0,0.45,12,kendalltau,200,200,0.15289717010799253,0.2577872607827974,0.018228312020302097,-0.3412799290570747,0.34520677991819,-0.35154639237177976,0.3521346469909264,0,1.0,0.44752027662424837,15.9,93
B,10000,1.0,0,0.45,12,weightedtau_rankFalse,200,200,0.15464697769650237,0.2681695437876202,0.018962450291992904,-0.38935927346610283,0.4119458920999296,-0.4047145256867306,0.4210919233906694,0,1.0,0.44752027662424837,15.9,93
B,10000,1.0,0,0.45,12,weightedtau_rankTrue,200,200,0.40564947486373804,0.3709791136886797,0.026232184696784056,-0.1955833079492028,0.7247091187420202,-0.24593751810773576,0.7297494206174522,0,1.0,0.44752027662424837,15.9,93
B,10000,1.0,0,0.55,12,kendalltau,200,199,0.18328746451554434,0.31568379624614873,0.02237823098845759,-0.41990908831434465,0.4241217334412748,-0.42972613054373304,0.4304636067151652,0,1.0,0.5459326984914533,15.8,94
B,10000,1.0,0,0.55,12,weightedtau_rankFalse,200,199,0.1801454340063262,0.31729170852722216,0.02249221286799309,-0.44784831771288863,0.4806708902603023,-0.4813476758886751,0.4970256183933752,0,1.0,0.5459326984914533,15.8,94
B,10000,1.0,0,0.55,12,weightedtau_rankTrue,200,199,0.38809186882872954,0.4280190976062128,0.030341469367767267,-0.3008594267211219,0.7619038309082282,-0.31311952386695024,0.7685229816265599,0,1.0,0.5459326984914533,15.8,94
B,10000,1.0,0,0.63,12,kendalltau,200,200,0.2570645050037757,0.34343822533680396,0.024284749805432763,-0.48263828336321907,0.49587184572635135,-0.491203524757471,0.5015906304692358,0,1.0,0.6265511630449767,15.9,95
B,10000,1.0,0,0.63,12,weightedtau_rankFalse,200,200,0.26112091996728287,0.35040612859333425,0.0247774549697672,-0.5096806800971369,0.5485646117780236,-0.538631838162427,0.5715683063435771,0,1.0,0.6265511630449767,15.9,95
B,10000,1.0,0,0.63,12,weightedtau_rankTrue,200,200,0.44221630062667544,0.4479785359539538,0.03167686605990623,-0.394644025765888,0.7928626137649605,-0.4355215296776746,0.8047875705049924,0,1.0,0.6265511630449767,15.9,95
B,3000,0.0,1,0.55,50,kendalltau,200,200,0.006818568499430375,0.007859239804163467,0.0005557321760495222,-0.006137722194948513,0.023036608521023738,-0.009365899679725807,0.02843357462458517,0,-0.0005417312290812478,0.5491575683350011,6.4,156
B,3000,0.0,1,0.55,50,weightedtau_rankFalse,200,200,0.012604511206073006,0.05283633934157653,0.0037360933841502323,-0.07994914215087799,0.11334072313658473,-0.15795686221418354,0.17910729233619563,0,-0.0005417312290812478,0.5491575683350011,6.4,156
B,3000,0.0,1,0.55,50,weightedtau_rankTrue,200,200,0.1509827512615772,0.07446787381421041,0.005265673855457231,0.029616491815478634,0.2958367593055216,-0.0029362429702144144,0.32251841262677317,0,-0.0005417312290812478,0.5491575683350011,6.4,156
B,3000,0.0,0,0.55,50,kendalltau,200,200,0.00035571828877562514,0.009345187967891034,0.0006608045783558682,-0.01579099082891406,0.017389689015567616,-0.029100386448556448,0.02149783359222134,1,-0.00025022948558105397,0.5492234165762908,6.1,157
B,3000,0.0,0,0.55,50,weightedtau_rankFalse,200,200,-0.002213321370577891,0.050189441690161214,0.003548929456307981,-0.09933312139643317,0.10036487426572843,-0.14661780227976748,0.15387626911956812,1,-0.00025022948558105397,0.5492234165762908,6.1,157
B,3000,0.0,0,0.55,50,weightedtau_rankTrue,200,200,0.16500614714326545,0.07175454175082732,0.005073812305294324,0.04621603282008774,0.2948055839998425,0.03020271280587067,0.3235819572898063,0,-0.00025022948558105397,0.5492234165762908,6.1,157
B,3000,0.5,1,0.55,50,kendalltau,200,200,0.0170313551181222,0.010444527338399462,0.0007385396107270542,-0.0025013076934954745,0.03574004731497344,-0.010271147246814081,0.04280887006742447,0,0.499732645601405,0.5484933154342377,6.4,158
B,3000,0.5,1,0.55,50,weightedtau_rankFalse,200,200,0.02341268024263889,0.048171879435614656,0.003406266261142392,-0.06372985907357263,0.10538000861222821,-0.15781615687062264,0.13391946273488442,0,0.499732645601405,0.5484933154342377,6.4,158
B,3000,0.5,1,0.55,50,weightedtau_rankTrue,200,200,0.053839797480453484,0.039711581508298066,0.0028080328576159867,-0.01740311076229374,0.13624035317224875,-0.03151005746348583,0.16769101463692565,0,0.499732645601405,0.5484933154342377,6.4,158
B,3000,0.5,0,0.55,50,kendalltau,200,200,0.01867855769078611,0.009597728799020155,0.0006786619117776571,0.0012133842296503535,0.03727578005515132,-0.01824280402187268,0.04130461443759027,0,0.5003241244249026,0.5485284731351007,5.9,159
B,3000,0.5,0,0.55,50,weightedtau_rankFalse,200,200,0.01864021152119551,0.0499105468284964,0.0035292086115158534,-0.08329642118303528,0.11827626605977701,-0.13567348321973854,0.15010578618338113,0,0.5003241244249026,0.5485284731351007,5.9,159
B,3000,0.5,0,0.55,50,weightedtau_rankTrue,200,200,0.05313438605878817,0.04043942565387952,0.002859499210714744,-0.010621726050581915,0.14474498292921506,-0.03828645671612896,0.15985743231644065,0,0.5003241244249026,0.5485284731351007,5.9,159
B,3000,0.9,1,0.55,50,kendalltau,200,200,0.024214517014544225,0.010184079283001605,0.0007201231521151868,0.005914171847093903,0.04252280330462548,-0.00045980828804483774,0.06642792861347765,0,0.899749903229989,0.5495709695798152,6.4,160
B,3000,0.9,1,0.55,50,weightedtau_rankFalse,200,200,0.026039205014719333,0.04424243257590583,0.0031284124090611622,-0.06790131002665482,0.10178753239231221,-0.1177938616154161,0.1493828596824087,0,0.899749903229989,0.5495709695798152,6.4,160
B,3000,0.9,1,0.55,50,weightedtau_rankTrue,200,200,0.11049796220994346,0.04020781677997923,0.0028431219901829566,0.028786501983591978,0.18499396600473628,0.0003725992490971608,0.20945121915015924,0,0.899749903229989,0.5495709695798152,6.4,160
B,3000,0.9,0,0.55,50,kendalltau,200,200,0.02499450499082044,0.00993361956848247,0.000702412975860134,0.006649887559542209,0.04355615956759187,0.000849118625676551,0.048810625514697226,0,0.8993380560442283,0.5479875247712267,6.0,161
B,3000,0.9,0,0.55,50,weightedtau_rankFalse,200,200,0.025587830775477084,0.04859366245228741,0.003436090824270254,-0.0681059349711162,0.12363546541026528,-0.11612215928413973,0.14126416698894323,0,0.8993380560442283,0.5479875247712267,6.0,161
B,3000,0.9,0,0.55,50,weightedtau_rankTrue,200,200,0.10816721436969216,0.04095684097665764,0.0028960859990573673,0.03217923122722123,0.18687388371734975,-0.01289412112252264,0.20252297787307702,0,0.8993380560442283,0.5479875247712267,6.0,161
B,3000,0.93,1,0.55,50,kendalltau,200,200,0.024619004617933666,0.010212353982562586,0.0007221224752947449,0.007846814783570645,0.044607185221314676,-0.00778575772110297,0.0552874563220788,0,0.9300221104291233,0.5509450475658886,6.4,162
B,3000,0.93,1,0.55,50,weightedtau_rankFalse,200,200,0.028162122147660163,0.04699562129557478,0.003323092250417585,-0.06602878688608095,0.11256212255076123,-0.11339323916916036,0.1653703568004124,0,0.9300221104291233,0.5509450475658886,6.4,162
B,3000,0.93,1,0.55,50,weightedtau_rankTrue,200,200,0.11212887771172425,0.04255728489889584,0.0030092544740897105,0.034284569440209474,0.19831052542889568,0.012813165918237779,0.23441151519046227,0,0.9300221104291233,0.5509450475658886,6.4,162
B,3000,0.93,0,0.55,50,kendalltau,200,200,0.02246222759261163,0.010527176236460538,0.0007443837703547125,0.004206965190903209,0.044326877287904534,-0.006559452609139638,0.04991479405014864,0,0.9302593977332663,0.5494790431875919,6.0,163
B,3000,0.93,0,0.55,50,weightedtau_rankFalse,200,200,0.025994297925643638,0.04794744303728701,0.0033903962112221357,-0.07386259198249692,0.11656630926860757,-0.09232606313103783,0.14726444474435196,0,0.9302593977332663,0.5494790431875919,6.0,163
B,3000,0.93,0,0.55,50,weightedtau_rankTrue,200,200,0.11041861732669701,0.04031474276666536,0.002850682799210039,0.040130794104057455,0.1868928815114822,0.005616421663540566,0.21461124504059542,0,0.9302593977332663,0.5494790431875919,6.0,163
B,3000,0.998,1,0.55,50,kendalltau,200,200,0.00631156026197359,0.010300951813866204,0.0007283872880260659,-0.013998580439660369,0.024345535434745127,-0.01949515296265105,0.030143486695751915,0,0.9979563982262663,0.5490450130154338,6.4,164
B,3000,0.998,1,0.55,50,weightedtau_rankFalse,200,200,0.004021172238610067,0.05274349485703477,0.003729528287688708,-0.09534751700113729,0.09819726154321344,-0.14206882941988982,0.13994258078508784,1,0.9979563982262663,0.5490450130154338,6.4,164
B,3000,0.998,1,0.55,50,weightedtau_rankTrue,200,200,0.14101764002892409,0.04401827344569169,0.003112561964957233,0.0663483623272031,0.23349384254830813,0.039323523068769295,0.2681034399346225,0,0.9979563982262663,0.5490450130154338,6.4,164
B,3000,0.998,0,0.55,50,kendalltau,200,200,0.005762244273638306,0.009850670678976997,0.0006965476036340126,-0.013133330356222089,0.02326468286155614,-0.022702585190682568,0.03515647471111575,0,0.9979536772748528,0.5481057808313728,6.3,165
B,3000,0.998,0,0.55,50,weightedtau_rankFalse,200,200,0.002156532305582149,0.04592820479497151,0.003247614505824886,-0.08551341959760926,0.08358124052704714,-0.10815518589323181,0.09708577100959047,1,0.9979536772748528,0.5481057808313728,6.3,165
B,3000,0.998,0,0.55,50,weightedtau_rankTrue,200,200,0.13499619102551327,0.04496831755557678,0.003179740228209841,0.04933283391270834,0.22407572540823884,0.035167161381804216,0.2619307620397643,0,0.9979536772748528,0.5481057808313728,6.3,165
B,3000,1.0,1,0.55,50,kendalltau,200,198,0.025240878956127807,0.36062914387112904,0.025628797270678405,-0.4082486404140197,0.4251906371522843,-0.4181135570766152,0.4327020978740529,1,0.9999999999999999,0.5490976658166385,5.5,166
B,3000,1.0,1,0.55,50,weightedtau_rankFalse,200,198,0.01734310441009561,0.3577856760672657,0.02542672081310581,-0.44333142437209233,0.45826147896147595,-0.4688747917612417,0.48756757914918836,1,0.9999999999999999,0.5490976658166385,5.5,166
B,3000,1.0,1,0.55,50,weightedtau_rankTrue,200,198,0.11213161891089944,0.522508088870455,0.03713303294959399,-0.5468543806167908,0.7339418590007966,-0.6066316386594711,0.7499257649363609,0,0.9999999999999999,0.5490976658166385,5.5,166
B,3000,1.0,0,0.55,50,kendalltau,200,199,0.029087126330852097,0.3684622144212167,0.02611959385589519,-0.41099438188822324,0.4216648265604139,-0.425043389510289,0.42726227577423653,1,0.9999999999999999,0.5496935215661378,5.2,167
B,3000,1.0,0,0.55,50,weightedtau_rankFalse,200,199,0.03390459277709462,0.36800495257812216,0.026087179423261473,-0.4576780872734255,0.4717431325009828,-0.5006144956936333,0.49952193204766326,1,0.9999999999999999,0.5496935215661378,5.2,167
B,3000,1.0,0,0.55,50,weightedtau_rankTrue,200,199,0.12028260635192536,0.5352687742018383,0.0379441973659534,-0.533291943890808,0.7226281801992653,-0.6220123981747915,0.744886201765433,0,0.9999999999999999,0.5496935215661378,5.2,167
