n,rho_target,rep,k1_scipy_weightedtau_tau,k1_scipy_weightedtau_lo,k1_scipy_weightedtau_hi,k1_scipy_weightedtau_verdict,k1_scipy_weightedtau_excl0,k1_scipy_weightedtau_excl0_pos,k1_kang_wdm_taub_tau,k1_kang_wdm_taub_lo,k1_kang_wdm_taub_hi,k1_kang_wdm_taub_verdict,k1_kang_wdm_taub_excl0,k1_kang_wdm_taub_excl0_pos,k1_kernels_agree,k1_combined,k2_scipy_weightedtau_tau,k2_scipy_weightedtau_lo,k2_scipy_weightedtau_hi,k2_scipy_weightedtau_verdict,k2_scipy_weightedtau_excl0,k2_scipy_weightedtau_excl0_pos,k2_kang_wdm_taub_tau,k2_kang_wdm_taub_lo,k2_kang_wdm_taub_hi,k2_kang_wdm_taub_verdict,k2_kang_wdm_taub_excl0,k2_kang_wdm_taub_excl0_pos,k2_kernels_agree,k2_combined,rule_fires
3000,0.5,0,0.15876223610334034,0.08668927446005639,0.284537840294371,ADDS-BEYOND,1,1,0.027675997241377554,0.00696219824701306,0.048197495661835975,ADDS-BEYOND,1,1,1,ADDS-BEYOND,0.12303695248346158,0.07220165442597161,0.24034244439895652,ADDS-BEYOND,1,1,0.019566340408377358,-0.0004368967098414551,0.03913529935838851,TAUTOLOG,0,0,0,INCONCLUSIVE-kernel-disagree,0
3000,0.5,1,0.08517114557221622,0.042829319134530086,0.14943773753814377,ADDS-BEYOND,1,1,0.015104566654147557,-0.006175648887653094,0.03518458670063583,TAUTOLOG,0,0,0,INCONCLUSIVE-kernel-disagree,0.07773179040169009,0.037641476770391716,0.14641608093649247,ADDS-BEYOND,1,1,0.010740756923033523,-0.009896776486533228,0.0306653268891611,TAUTOLOG,0,0,0,INCONCLUSIVE-kernel-disagree,0
3000,0.5,2,0.16955743339078866,0.11634899245376151,0.22030213719756242,ADDS-BEYOND,1,1,0.02849267362365541,0.007599674773921564,0.048834068308116325,ADDS-BEYOND,1,1,1,ADDS-BEYOND,0.16878409319461907,0.1190868843347999,0.22691251139645333,ADDS-BEYOND,1,1,0.02826935279370905,0.008139469665966808,0.04792970587346357,ADDS-BEYOND,1,1,1,ADDS-BEYOND,1
3000,0.5,3,0.11995800825608745,0.04621601017444757,0.17381636330855432,ADDS-BEYOND,1,1,0.02294958133939427,0.0007309554227838684,0.04408419064534389,ADDS-BEYOND,1,1,1,ADDS-BEYOND,0.1157010281204926,0.04275267549056287,0.17207280622647042,ADDS-BEYOND,1,1,0.019202805668568624,-0.0019496925579574609,0.03891432621023461,TAUTOLOG,0,0,0,INCONCLUSIVE-kernel-disagree,0
3000,0.5,4,0.09052423858485764,0.036733970252371184,0.13036729602534497,ADDS-BEYOND,1,1,0.009329796419484683,-0.010782994570999765,0.03126496494377425,TAUTOLOG,0,0,0,INCONCLUSIVE-kernel-disagree,0.09016981265206733,0.03650359134502247,0.1302272100183662,ADDS-BEYOND,1,1,0.008951404576644175,-0.009610146624041506,0.028879820523598065,TAUTOLOG,0,0,0,INCONCLUSIVE-kernel-disagree,0
3000,0.5,5,0.12790373739729158,0.036592059158981,0.1684236119367408,ADDS-BEYOND,1,1,0.016001099965221206,-0.0051179645164759245,0.036652170623397894,TAUTOLOG,0,0,0,INCONCLUSIVE-kernel-disagree,0.1268613649115068,0.036743928953603386,0.16796904606707938,ADDS-BEYOND,1,1,0.014852924471546876,-0.005094748654350088,0.03389766411453075,TAUTOLOG,0,0,0,INCONCLUSIVE-kernel-disagree,0
3000,0.5,6,0.14580562240560224,0.0815132045735556,0.18613162883211665,ADDS-BEYOND,1,1,0.007034374001075512,-0.014392384470725971,0.029524439405224874,TAUTOLOG,0,0,0,INCONCLUSIVE-kernel-disagree,0.1416625658174093,0.07330109421740116,0.18406824809458103,ADDS-BEYOND,1,1,0.004882879768286659,-0.016106676723408205,0.02658582829492339,TAUTOLOG,0,0,0,INCONCLUSIVE-kernel-disagree,0
3000,0.5,7,0.16759468824683013,0.07135487555532011,0.23570043574541966,ADDS-BEYOND,1,1,0.023113473757213534,0.0015259564494742974,0.04440004940265255,ADDS-BEYOND,1,1,1,ADDS-BEYOND,0.16394787329069144,0.07065422608902364,0.22811015152457398,ADDS-BEYOND,1,1,0.01954173333148098,-0.0013843636256724503,0.03962639951463982,TAUTOLOG,0,0,0,INCONCLUSIVE-kernel-disagree,0
3000,0.5,8,0.17203780172798097,0.05347247205085414,0.2529064429022045,ADDS-BEYOND,1,1,0.031062023879212926,0.008843235526614075,0.051818826768194964,ADDS-BEYOND,1,1,1,ADDS-BEYOND,0.17085193804553414,0.05086644479948012,0.25176041503239854,ADDS-BEYOND,1,1,0.027272998321640665,0.0059150136445545965,0.046223472513677435,ADDS-BEYOND,1,1,1,ADDS-BEYOND,1
3000,0.5,9,0.08901630522099746,0.04593494533695719,0.17921985517652592,ADDS-BEYOND,1,1,0.025825823629451877,0.005587497696646775,0.04626837543348876,ADDS-BEYOND,1,1,1,ADDS-BEYOND,0.09702146127521,0.04443790820122364,0.1730477756489341,ADDS-BEYOND,1,1,0.022751331870814028,0.003703579544927909,0.041278216608387264,ADDS-BEYOND,1,1,1,ADDS-BEYOND,1
3000,0.5,10,0.14613434740242254,0.09443763366100022,0.18783129999037235,ADDS-BEYOND,1,1,0.017605667092652856,-0.005202570982731268,0.03817111355501155,TAUTOLOG,0,0,0,INCONCLUSIVE-kernel-disagree,0.13431626685487819,0.08737224281487475,0.1799946399476297,ADDS-BEYOND,1,1,0.013832427207051861,-0.008596083847096868,0.03405164347622465,TAUTOLOG,0,0,0,INCONCLUSIVE-kernel-disagree,0
3000,0.5,11,0.17096958989804695,0.08514284176401739,0.2167701118602177,ADDS-BEYOND,1,1,0.011552790460613952,-0.010638982983157578,0.03263667862443236,TAUTOLOG,0,0,0,INCONCLUSIVE-kernel-disagree,0.173053220880939,0.09206677184493135,0.22310096876048194,ADDS-BEYOND,1,1,0.014316675908993763,-0.006399157576148599,0.035167547283742516,TAUTOLOG,0,0,0,INCONCLUSIVE-kernel-disagree,0
3000,0.5,12,0.15077167495568325,0.06010398148537507,0.21234226838743303,ADDS-BEYOND,1,1,0.02876288718504581,0.00765970575557334,0.05034836641816075,ADDS-BEYOND,1,1,1,ADDS-BEYOND,0.1485620675870211,0.0585415206497446,0.20743617954018476,ADDS-BEYOND,1,1,0.027609140277734565,0.008048346832082724,0.0480604488575735,ADDS-BEYOND,1,1,1,ADDS-BEYOND,1
3000,0.5,13,0.102358174739407,0.06537498405870372,0.1489193285886356,ADDS-BEYOND,1,1,0.012720465902017485,-0.006644015993880735,0.03328690623094981,TAUTOLOG,0,0,0,INCONCLUSIVE-kernel-disagree,0.10170598187271246,0.06421037593644842,0.14271423853424867,ADDS-BEYOND,1,1,0.012226931510680722,-0.007019988602511424,0.03131677374390789,TAUTOLOG,0,0,0,INCONCLUSIVE-kernel-disagree,0
3000,0.5,14,0.12967123975358788,0.07529590216592572,0.22104606722060813,ADDS-BEYOND,1,1,0.01876405684466153,-0.0033381159130448537,0.04125774212771815,TAUTOLOG,0,0,0,INCONCLUSIVE-kernel-disagree,0.11950691909711134,0.07115683885818766,0.20163214343578975,ADDS-BEYOND,1,1,0.016099063988336968,-0.004893966936209771,0.03795601986459575,TAUTOLOG,0,0,0,INCONCLUSIVE-kernel-disagree,0
3000,0.5,15,0.1364325989919575,0.06799034981301953,0.2270160533547807,ADDS-BEYOND,1,1,0.012209752985300233,-0.007864140418292496,0.03242201679649904,TAUTOLOG,0,0,0,INCONCLUSIVE-kernel-disagree,0.1281257144773637,0.06414331079046598,0.22102949381536724,ADDS-BEYOND,1,1,0.008847869139891495,-0.010604393579624704,0.027716428072296382,TAUTOLOG,0,0,0,INCONCLUSIVE-kernel-disagree,0
3000,0.5,16,0.08276891351635421,0.04649439836468497,0.12614962547306763,ADDS-BEYOND,1,1,0.02539450335706067,0.005330526546341055,0.04625079139179186,ADDS-BEYOND,1,1,1,ADDS-BEYOND,0.08680578829656127,0.049880171851285925,0.12893243472073956,ADDS-BEYOND,1,1,0.02792067515693209,0.007979089908150853,0.04811807787572381,ADDS-BEYOND,1,1,1,ADDS-BEYOND,1
3000,0.5,17,0.11986164527303424,0.03551965762521901,0.246150081519522,ADDS-BEYOND,1,1,0.005435378287280775,-0.01529675668308214,0.025038479948606814,TAUTOLOG,0,0,0,INCONCLUSIVE-kernel-disagree,0.11542654403039918,0.0319581015103315,0.23893363163270093,ADDS-BEYOND,1,1,0.0034500978946598996,-0.016530398524736704,0.02249049691308519,TAUTOLOG,0,0,0,INCONCLUSIVE-kernel-disagree,0
3000,0.5,18,0.05504589100061641,0.01906306346328717,0.09543145476516139,ADDS-BEYOND,1,1,-0.0011012827622302896,-0.023866872337531972,0.01802736764163199,TAUTOLOG,0,0,0,INCONCLUSIVE-kernel-disagree,0.045462406758934454,0.01352956666686352,0.07795338877811113,ADDS-BEYOND,1,1,-0.006081197984693225,-0.026498526830500753,0.012451489606523898,TAUTOLOG,0,0,0,INCONCLUSIVE-kernel-disagree,0
3000,0.5,19,0.1232672714453338,0.04563767237964379,0.17128298963070274,ADDS-BEYOND,1,1,0.011853182512537643,-0.00818707548992787,0.03186545617089987,TAUTOLOG,0,0,0,INCONCLUSIVE-kernel-disagree,0.12744003410130783,0.048048013604427495,0.17616592722467259,ADDS-BEYOND,1,1,0.014452711258628449,-0.004071741772517974,0.033679011330767866,TAUTOLOG,0,0,0,INCONCLUSIVE-kernel-disagree,0
3000,0.5,20,0.14971756999281377,0.07332201517982882,0.26936818405168356,ADDS-BEYOND,1,1,0.02160176352373047,0.0017759251568502778,0.044458932090416466,ADDS-BEYOND,1,1,1,ADDS-BEYOND,0.14075494555134135,0.06305388941995918,0.25358401574606504,ADDS-BEYOND,1,1,0.016001564249690948,-0.00374773826424611,0.037264504291401795,TAUTOLOG,0,0,0,INCONCLUSIVE-kernel-disagree,0
3000,0.5,21,0.09610089311975636,0.03954480623119445,0.17264106849972846,ADDS-BEYOND,1,1,0.02739092657695538,0.0051139741424560976,0.050572663789044285,ADDS-BEYOND,1,1,1,ADDS-BEYOND,0.09028103816295902,0.03106968916733015,0.16891322330598407,ADDS-BEYOND,1,1,0.025580681429427595,0.005247180965426358,0.046245540327203453,ADDS-BEYOND,1,1,1,ADDS-BEYOND,1
3000,0.5,22,0.07889967674131004,0.030367546325461504,0.15715639731814834,ADDS-BEYOND,1,1,0.010184079843811719,-0.008668400478149211,0.03169135288886646,TAUTOLOG,0,0,0,INCONCLUSIVE-kernel-disagree,0.07816839432955494,0.029316106248526968,0.16055577342349725,ADDS-BEYOND,1,1,0.009032190074379448,-0.00978411234145844,0.029872354480349014,TAUTOLOG,0,0,0,INCONCLUSIVE-kernel-disagree,0
3000,0.5,23,0.07848162121218663,0.03579762776679184,0.147747950065379,ADDS-BEYOND,1,1,0.008598084095169786,-0.013258690696823002,0.029413020309010277,TAUTOLOG,0,0,0,INCONCLUSIVE-kernel-disagree,0.08480373044202885,0.03964602214631387,0.1558114564855377,ADDS-BEYOND,1,1,0.011927468027696517,-0.008094897858205805,0.032688813243873516,TAUTOLOG,0,0,0,INCONCLUSIVE-kernel-disagree,0
3000,0.5,24,0.12367222986470207,0.03910066170879521,0.17201881582340395,ADDS-BEYOND,1,1,0.011522147685610917,-0.008088590706807793,0.03143320068954155,TAUTOLOG,0,0,0,INCONCLUSIVE-kernel-disagree,0.12602821155985566,0.03998674090765234,0.17388157082696284,ADDS-BEYOND,1,1,0.012159610262567993,-0.00662146089514208,0.03158849283980004,TAUTOLOG,0,0,0,INCONCLUSIVE-kernel-disagree,0
3000,0.5,25,0.10405768681655787,0.043882791949369296,0.1613830107217375,ADDS-BEYOND,1,1,0.025259396576365473,0.004776341620125238,0.04511454814454631,ADDS-BEYOND,1,1,1,ADDS-BEYOND,0.10404801353383743,0.05227657385235859,0.16198563214576286,ADDS-BEYOND,1,1,0.025251968024849584,0.006102731387131939,0.04383943838320498,ADDS-BEYOND,1,1,1,ADDS-BEYOND,1
3000,0.5,26,0.12187744363031616,0.061796168449036536,0.18726921375945507,ADDS-BEYOND,1,1,0.01904355609544679,-0.0018339654424156973,0.039687078356812414,TAUTOLOG,0,0,0,INCONCLUSIVE-kernel-disagree,0.14057408434402413,0.08694554157451774,0.20101617703948033,ADDS-BEYOND,1,1,0.02618100124880524,0.005929320130973409,0.04666162402518987,ADDS-BEYOND,1,1,1,ADDS-BEYOND,0
3000,0.5,27,0.1591324980252209,0.10802756709079041,0.20377658901569828,ADDS-BEYOND,1,1,0.011104755947312,-0.011316491689044127,0.0319057373462652,TAUTOLOG,0,0,0,INCONCLUSIVE-kernel-disagree,0.16076650067507683,0.1147045495782241,0.20465337929919375,ADDS-BEYOND,1,1,0.012199074442496146,-0.009482940228691462,0.032527073055565146,TAUTOLOG,0,0,0,INCONCLUSIVE-kernel-disagree,0
3000,0.5,28,0.05526118532558458,0.01963324716671962,0.11395803628566788,ADDS-BEYOND,1,1,0.024334541912637505,0.0030495820553016633,0.04586722538635379,ADDS-BEYOND,1,1,1,ADDS-BEYOND,0.056289103083116965,0.01573374557527039,0.117411723681471,ADDS-BEYOND,1,1,0.022131976388176926,0.0009836339197326484,0.044136679495079864,ADDS-BEYOND,1,1,1,ADDS-BEYOND,1
3000,0.5,29,0.11451044153146168,0.06473301487055128,0.18024408977293702,ADDS-BEYOND,1,1,0.009996508918035567,-0.012225522874064714,0.03210891106473487,TAUTOLOG,0,0,0,INCONCLUSIVE-kernel-disagree,0.11278993871121978,0.0657493820722872,0.1747854164233243,ADDS-BEYOND,1,1,0.009337689255470313,-0.01123525657235092,0.029974144514021427,TAUTOLOG,0,0,0,INCONCLUSIVE-kernel-disagree,0
3000,0.5,30,0.1101350786342008,0.060536305739964325,0.1715852157126336,ADDS-BEYOND,1,1,0.023623258104991298,0.003145682555242587,0.04428213879140427,ADDS-BEYOND,1,1,1,ADDS-BEYOND,0.09926982075606505,0.05830049441557312,0.16801361019279507,ADDS-BEYOND,1,1,0.020263695681931274,0.0008889718864227277,0.040275454800245386,ADDS-BEYOND,1,1,1,ADDS-BEYOND,1
3000,0.5,31,0.17127822128920014,0.06651125645805804,0.22818946261238077,ADDS-BEYOND,1,1,0.01964062592353623,-0.0023790083745192183,0.04267655988624019,TAUTOLOG,0,0,0,INCONCLUSIVE-kernel-disagree,0.1773163197603225,0.07223431940623852,0.22356436311801278,ADDS-BEYOND,1,1,0.017139061200561186,-0.0021961143594082457,0.037817778486919536,TAUTOLOG,0,0,0,INCONCLUSIVE-kernel-disagree,0
3000,0.5,32,0.178957988746453,0.08472714221945156,0.23602711042689606,ADDS-BEYOND,1,1,0.02242168989729653,0.001406211601970089,0.043369124572356935,ADDS-BEYOND,1,1,1,ADDS-BEYOND,0.18015816065007947,0.07894373859950002,0.23510684495479917,ADDS-BEYOND,1,1,0.02342733005875977,0.0034688207551972117,0.04256424893245104,ADDS-BEYOND,1,1,1,ADDS-BEYOND,1
3000,0.5,33,0.07848763630713282,0.03028071110079905,0.156947577822545,ADDS-BEYOND,1,1,0.0213956212191646,0.001297793726839154,0.04192399817976128,ADDS-BEYOND,1,1,1,ADDS-BEYOND,0.06808478412358915,0.02329755076800181,0.12490531658382975,ADDS-BEYOND,1,1,0.016195635158043505,-0.0036293684565589044,0.03658725428391217,TAUTOLOG,0,0,0,INCONCLUSIVE-kernel-disagree,0
3000,0.5,34,0.06102604835966374,0.011359617543208649,0.12745786207973042,ADDS-BEYOND,1,1,0.011842968254203298,-0.007234695065284198,0.033408325634452306,TAUTOLOG,0,0,0,INCONCLUSIVE-kernel-disagree,0.06487404352489429,0.017454799368860085,0.12795933153804598,ADDS-BEYOND,1,1,0.015158887937107483,-0.004001268108978362,0.03570164381877069,TAUTOLOG,0,0,0,INCONCLUSIVE-kernel-disagree,0
3000,0.5,35,0.13887425844060253,0.07575382781668175,0.2332901532245824,ADDS-BEYOND,1,1,0.02712396300685318,0.007558807081755799,0.04679953836628202,ADDS-BEYOND,1,1,1,ADDS-BEYOND,0.13627208707639127,0.08229737528446715,0.23614923090997497,ADDS-BEYOND,1,1,0.030917631409122865,0.011955972743583062,0.04998604244109294,ADDS-BEYOND,1,1,1,ADDS-BEYOND,1
3000,0.5,36,0.17411152571055968,0.09599946585225749,0.26324737392311687,ADDS-BEYOND,1,1,0.0005037486496711063,-0.021097632256641203,0.021623098071025356,TAUTOLOG,0,0,0,INCONCLUSIVE-kernel-disagree,0.18406658984256505,0.0973024643771081,0.2630120205422536,ADDS-BEYOND,1,1,0.0014039962365026964,-0.019099664080288927,0.021475766750493334,TAUTOLOG,0,0,0,INCONCLUSIVE-kernel-disagree,0
3000,0.5,37,0.10183544384363029,0.05644936421410195,0.16307264353646256,ADDS-BEYOND,1,1,0.006544553885496695,-0.012743042224357643,0.02663322829109921,TAUTOLOG,0,0,0,INCONCLUSIVE-kernel-disagree,0.09602057066181137,0.05317876712596605,0.15374340030212036,ADDS-BEYOND,1,1,0.002822849576037167,-0.015389212747577265,0.022333014551443445,TAUTOLOG,0,0,0,INCONCLUSIVE-kernel-disagree,0
3000,0.5,38,0.1877980900895423,0.07640824925385468,0.2647290153063585,ADDS-BEYOND,1,1,0.017396739081268525,-0.0033486504262783125,0.03840333592628925,TAUTOLOG,0,0,0,INCONCLUSIVE-kernel-disagree,0.1263402532828764,0.0676713603075721,0.252032266956718,ADDS-BEYOND,1,1,0.014862674445411478,-0.004416699577824528,0.03493299373302557,TAUTOLOG,0,0,0,INCONCLUSIVE-kernel-disagree,0
3000,0.5,39,0.10194844667051511,0.05698984140022982,0.16231174332617174,ADDS-BEYOND,1,1,0.014976888424968247,-0.007618708946016187,0.03620641764345012,TAUTOLOG,0,0,0,INCONCLUSIVE-kernel-disagree,0.10227786149920381,0.055516215978367,0.16066682394099346,ADDS-BEYOND,1,1,0.01532185178598726,-0.006549476965618302,0.03635388307961665,TAUTOLOG,0,0,0,INCONCLUSIVE-kernel-disagree,0
3000,0.5,40,0.18392262374072937,0.10350699017312034,0.2366538754924604,ADDS-BEYOND,1,1,0.03441090775946886,0.01282311636075682,0.056699412725174266,ADDS-BEYOND,1,1,1,ADDS-BEYOND,0.18055510113789755,0.10298485923959846,0.23662561266113702,ADDS-BEYOND,1,1,0.033271089386249904,0.013155565653463857,0.05444440087520345,ADDS-BEYOND,1,1,1,ADDS-BEYOND,1
3000,0.5,41,0.13057442458096996,0.08891369837962443,0.16199187242513008,ADDS-BEYOND,1,1,0.026268286729116914,0.004055631807667699,0.04789316681716065,ADDS-BEYOND,1,1,1,ADDS-BEYOND,0.13174359518123263,0.08904753409759184,0.16429443219248377,ADDS-BEYOND,1,1,0.026902035030316046,0.005210334027110155,0.04757183681749335,ADDS-BEYOND,1,1,1,ADDS-BEYOND,1
3000,0.5,42,0.12549678493966201,0.05957898477314709,0.1675768122554764,ADDS-BEYOND,1,1,-0.0014123533569580693,-0.02276294196806042,0.018754350756643005,TAUTOLOG,0,0,0,INCONCLUSIVE-kernel-disagree,0.13145227956387334,0.06460876626424134,0.18221188010861628,ADDS-BEYOND,1,1,0.0013343535660412529,-0.019101997868831478,0.021984189974880664,TAUTOLOG,0,0,0,INCONCLUSIVE-kernel-disagree,0
3000,0.5,43,0.13152913758057178,0.07458802779225364,0.20712978741008042,ADDS-BEYOND,1,1,0.038305325891672765,0.017000381258205216,0.05963239926998233,ADDS-BEYOND,1,1,1,ADDS-BEYOND,0.12173291124711692,0.06836768555104329,0.20453858249423768,ADDS-BEYOND,1,1,0.03403762304579553,0.014123769470523314,0.05448244094970781,ADDS-BEYOND,1,1,1,ADDS-BEYOND,1
3000,0.5,44,0.21064580431733318,0.1418627947170307,0.2500365718277154,ADDS-BEYOND,1,1,0.015361315965915412,-0.004248130007528364,0.035031015896104634,TAUTOLOG,0,0,0,INCONCLUSIVE-kernel-disagree,0.20924461655262372,0.1321974072147033,0.2488883914117614,ADDS-BEYOND,1,1,0.015137995135969052,-0.0038567518634498327,0.03389923944735047,TAUTOLOG,0,0,0,INCONCLUSIVE-kernel-disagree,0
3000,0.5,45,0.141723202996962,0.087691090410498,0.20735009453545536,ADDS-BEYOND,1,1,0.02642242917307157,0.00784029005227029,0.04684030236993011,ADDS-BEYOND,1,1,1,ADDS-BEYOND,0.14385923726034866,0.09154976129788601,0.21294217453886502,ADDS-BEYOND,1,1,0.02754181902962184,0.008689293754571416,0.047118671741984426,ADDS-BEYOND,1,1,1,ADDS-BEYOND,1
3000,0.5,46,0.11309908730492906,0.06465740642494416,0.20884909628699838,ADDS-BEYOND,1,1,0.02931584998850967,0.0077046463014338535,0.04959898560041765,ADDS-BEYOND,1,1,1,ADDS-BEYOND,0.10915104408031402,0.05295034476453908,0.20293082734136392,ADDS-BEYOND,1,1,0.021114729114970112,0.0004974942334448695,0.04031336899242263,ADDS-BEYOND,1,1,1,ADDS-BEYOND,1
3000,0.5,47,0.06798003804810632,0.036146326940795045,0.11604607073546222,ADDS-BEYOND,1,1,0.0333704462627749,0.012204288020512441,0.054966250166173763,ADDS-BEYOND,1,1,1,ADDS-BEYOND,0.05852417809831045,0.024845806294090243,0.1052915292990667,ADDS-BEYOND,1,1,0.02772753281751902,0.0074707351041431004,0.04749149635227898,ADDS-BEYOND,1,1,1,ADDS-BEYOND,1
3000,0.5,48,0.0764910500214473,0.03480907277653327,0.1469693406043903,ADDS-BEYOND,1,1,0.008935618904672914,-0.010558953422590263,0.029684865752387112,TAUTOLOG,0,0,0,INCONCLUSIVE-kernel-disagree,0.07838431789065345,0.03827580823564569,0.14696810218682074,ADDS-BEYOND,1,1,0.010534614618467652,-0.00792768846186988,0.029685635975771247,TAUTOLOG,0,0,0,INCONCLUSIVE-kernel-disagree,0
3000,0.5,49,0.05764635482314012,0.01285136462705761,0.13914100729932535,ADDS-BEYOND,1,1,0.0038521682454572986,-0.01802211094596468,0.024370343812827974,TAUTOLOG,0,0,0,INCONCLUSIVE-kernel-disagree,0.06485679539989539,0.01743407688109612,0.1554128565113883,ADDS-BEYOND,1,1,0.007383051637852472,-0.012732123429969188,0.026894496012693676,TAUTOLOG,0,0,0,INCONCLUSIVE-kernel-disagree,0
3000,0.5,50,0.1493618755534361,0.03526714651345372,0.2086111393609681,ADDS-BEYOND,1,1,0.009548474404733616,-0.009166196327585068,0.028848472114222572,TAUTOLOG,0,0,0,INCONCLUSIVE-kernel-disagree,0.14111264509387117,0.02763947790339201,0.19639881559744812,ADDS-BEYOND,1,1,0.005617842083889756,-0.012545090754052468,0.02422454415319323,TAUTOLOG,0,0,0,INCONCLUSIVE-kernel-disagree,0
3000,0.5,51,0.18640980478325558,0.0875715254884136,0.24126602367694377,ADDS-BEYOND,1,1,0.02194719116921923,0.0010996689851706784,0.04326049317074255,ADDS-BEYOND,1,1,1,ADDS-BEYOND,0.18569320023286204,0.08759112743561655,0.2398180833245304,ADDS-BEYOND,1,1,0.02123869306839148,0.001988100471636185,0.041749954810501665,ADDS-BEYOND,1,1,1,ADDS-BEYOND,1
3000,0.5,52,0.13086559705483025,0.07380821818146466,0.2159860892603724,ADDS-BEYOND,1,1,0.01406642657980231,-0.007891694004579128,0.0350647291045117,TAUTOLOG,0,0,0,INCONCLUSIVE-kernel-disagree,0.12827051068108442,0.07037661529399497,0.22130179798820734,ADDS-BEYOND,1,1,0.013188928931988125,-0.006824409164197592,0.03305300565835879,TAUTOLOG,0,0,0,INCONCLUSIVE-kernel-disagree,0
3000,0.5,53,0.1524421203676485,0.05672088936322839,0.25411165076513653,ADDS-BEYOND,1,1,0.005195343216423668,-0.015205696990083884,0.025216239312051084,TAUTOLOG,0,0,0,INCONCLUSIVE-kernel-disagree,0.15473652978419317,0.06105049536508907,0.26144385102249296,ADDS-BEYOND,1,1,0.007104016671536956,-0.012387086070108288,0.027075086047796366,TAUTOLOG,0,0,0,INCONCLUSIVE-kernel-disagree,0
3000,0.5,54,0.1038327123312322,0.0492032449577896,0.18422757122074526,ADDS-BEYOND,1,1,0.01890844931475159,-0.0029735192973941323,0.040376249076160796,TAUTOLOG,0,0,0,INCONCLUSIVE-kernel-disagree,0.09985122904847973,0.04619171958767725,0.18524781734668092,ADDS-BEYOND,1,1,0.017474738872185345,-0.004114288990934428,0.03799645714973307,TAUTOLOG,0,0,0,INCONCLUSIVE-kernel-disagree,0
3000,0.5,55,0.14984399727283776,0.08848842688098088,0.19480608993525944,ADDS-BEYOND,1,1,-0.0016212813683423994,-0.021832255912010604,0.018626174012900804,TAUTOLOG,0,0,0,INCONCLUSIVE-kernel-disagree,0.13932817158223104,0.07196212190482856,0.18769517999534896,ADDS-BEYOND,1,1,-0.006666196416569349,-0.02545249104699138,0.011679881512022046,TAUTOLOG,0,0,0,INCONCLUSIVE-kernel-disagree,0
3000,0.5,56,0.0919652127299597,0.032389697526980996,0.19724390726846183,ADDS-BEYOND,1,1,0.0173391678070204,-0.0033533170249029362,0.03850680598647067,TAUTOLOG,0,0,0,INCONCLUSIVE-kernel-disagree,0.08662559896093822,0.032459033397550095,0.18022360092643191,ADDS-BEYOND,1,1,0.015077638154902467,-0.004349535972038896,0.03422488611514562,TAUTOLOG,0,0,0,INCONCLUSIVE-kernel-disagree,0
3000,0.5,57,0.07121245862438949,0.022011807593204438,0.1434639009191085,ADDS-BEYOND,1,1,0.02087562261305249,0.00014800187862788053,0.04087517183848318,ADDS-BEYOND,1,1,1,ADDS-BEYOND,0.07498858482805384,0.03076288083928552,0.14321031489500682,ADDS-BEYOND,1,1,0.024398148884992293,0.005610890266537927,0.04495186952094368,ADDS-BEYOND,1,1,1,ADDS-BEYOND,1
3000,0.5,58,0.09736008062050783,0.05379352348546882,0.18057146419928913,ADDS-BEYOND,1,1,0.013055679289171897,-0.007549834975794595,0.03408650301829553,TAUTOLOG,0,0,0,INCONCLUSIVE-kernel-disagree,0.08286465261269046,0.036687860425884726,0.16303065296977706,ADDS-BEYOND,1,1,0.005887127076340671,-0.013370908085495122,0.025980344466337922,TAUTOLOG,0,0,0,INCONCLUSIVE-kernel-disagree,0
3000,0.5,59,0.1648111772617901,0.0614714859046626,0.24874260399865417,ADDS-BEYOND,1,1,0.01322282169827936,-0.008620923789764841,0.0350024810725283,TAUTOLOG,0,0,0,INCONCLUSIVE-kernel-disagree,0.1607902555779649,0.06091447382088388,0.23951533020201443,ADDS-BEYOND,1,1,0.01164982591479023,-0.008794037798691388,0.03272151170133616,TAUTOLOG,0,0,0,INCONCLUSIVE-kernel-disagree,0
3000,0.5,60,0.08483514550758861,0.04574966554503303,0.1440834252362683,ADDS-BEYOND,1,1,0.008469013012581243,-0.011688533686732682,0.03011063424357628,TAUTOLOG,0,0,0,INCONCLUSIVE-kernel-disagree,0.07742034491895411,0.03452095883592692,0.13695159832726983,ADDS-BEYOND,1,1,0.004660951791749526,-0.014600849449809595,0.02492064277174584,TAUTOLOG,0,0,0,INCONCLUSIVE-kernel-disagree,0
3000,0.5,61,0.12570868769728216,0.08716242195897625,0.17701063677801618,ADDS-BEYOND,1,1,0.031951128638770684,0.011631748818420204,0.05255502232110738,ADDS-BEYOND,1,1,1,ADDS-BEYOND,0.1248096745158464,0.08622004550875069,0.17696135299537252,ADDS-BEYOND,1,1,0.03140605867129245,0.013511870288528275,0.0510615602202628,ADDS-BEYOND,1,1,1,ADDS-BEYOND,1
3000,0.5,62,0.09145492164409688,0.043893780367828095,0.16401812920646586,ADDS-BEYOND,1,1,0.013901141308573818,-0.007601658482141366,0.034493544820178024,TAUTOLOG,0,0,0,INCONCLUSIVE-kernel-disagree,0.08426372269407043,0.040078559754812344,0.15430824102759003,ADDS-BEYOND,1,1,0.011059720353746933,-0.008599865117667558,0.0316055205359583,TAUTOLOG,0,0,0,INCONCLUSIVE-kernel-disagree,0
3000,0.5,63,0.10375032932913691,0.05657117677570344,0.1905356227261393,ADDS-BEYOND,1,1,0.01832298659840572,-0.00308389929569813,0.039644305583194074,TAUTOLOG,0,0,0,INCONCLUSIVE-kernel-disagree,0.10841079048436984,0.055741813509692185,0.19651756993498148,ADDS-BEYOND,1,1,0.01781784509532539,-0.0027912485264177662,0.03869693308453689,TAUTOLOG,0,0,0,INCONCLUSIVE-kernel-disagree,0
3000,0.5,64,0.0805000502390085,0.03313012665550056,0.14503462391953814,ADDS-BEYOND,1,1,0.008228513657254393,-0.012321462289312796,0.028557912702421397,TAUTOLOG,0,0,0,INCONCLUSIVE-kernel-disagree,0.06550928879074577,0.020153519038761107,0.13353220877110994,ADDS-BEYOND,1,1,0.0024189220873607957,-0.017143859320143687,0.02178290335159702,TAUTOLOG,0,0,0,INCONCLUSIVE-kernel-disagree,0
3000,0.5,65,0.09443518974295126,0.041610166582162454,0.17914892418252104,ADDS-BEYOND,1,1,0.019726518550438676,-0.0008722224669515914,0.04147472968196546,TAUTOLOG,0,0,0,INCONCLUSIVE-kernel-disagree,0.09151637825486086,0.042161654663566396,0.1627924700629093,ADDS-BEYOND,1,1,0.01798313036655388,-0.0015155664153189716,0.038805274696126074,TAUTOLOG,0,0,0,INCONCLUSIVE-kernel-disagree,0
3000,0.5,66,0.05159768331552725,0.010352032793773587,0.0951863508256839,ADDS-BEYOND,1,1,0.005312807187268635,-0.015462754747766243,0.02650090364425782,TAUTOLOG,0,0,0,INCONCLUSIVE-kernel-disagree,0.04487205980730849,0.007029430708603597,0.08797536045434641,ADDS-BEYOND,1,1,0.0016509955744059483,-0.017943860264211398,0.022288338436123965,TAUTOLOG,0,0,0,INCONCLUSIVE-kernel-disagree,0
3000,0.5,67,0.10121316756059842,0.051455211813237346,0.17102578800154425,ADDS-BEYOND,1,1,0.02973695600256653,0.01016947667029462,0.05019704719421449,ADDS-BEYOND,1,1,1,ADDS-BEYOND,0.09510959298977881,0.045465923792903776,0.15438617443736352,ADDS-BEYOND,1,1,0.024634933964561196,0.0050671431195679385,0.04371006681386853,ADDS-BEYOND,1,1,1,ADDS-BEYOND,1
3000,0.5,68,0.14517409273824292,0.07887501930475455,0.23941365446112123,ADDS-BEYOND,1,1,0.0459906267193279,0.025512724570619073,0.06814141485527374,ADDS-BEYOND,1,1,1,ADDS-BEYOND,0.1369849603183311,0.07405737170045502,0.23521084424714675,ADDS-BEYOND,1,1,0.041980137469688254,0.023175325319019384,0.06301163299261352,ADDS-BEYOND,1,1,1,ADDS-BEYOND,1
3000,0.5,69,0.0983841902216333,0.05277597578400895,0.1668737578189963,ADDS-BEYOND,1,1,0.011279326907935351,-0.009893007209096905,0.03206867232985511,TAUTOLOG,0,0,0,INCONCLUSIVE-kernel-disagree,0.09167302204995587,0.04112917224405013,0.15567832938595044,ADDS-BEYOND,1,1,0.00792626446745173,-0.011166369869850189,0.027618761042853022,TAUTOLOG,0,0,0,INCONCLUSIVE-kernel-disagree,0
3000,0.5,70,0.12497456019265903,0.06607159144582364,0.23171964134584389,ADDS-BEYOND,1,1,0.012689358842544707,-0.007912270764026215,0.033769700989434916,TAUTOLOG,0,0,0,INCONCLUSIVE-kernel-disagree,0.11873544503478613,0.05729365278844011,0.22222436248070512,ADDS-BEYOND,1,1,0.010181758421463006,-0.009309430810379334,0.030133079644988518,TAUTOLOG,0,0,0,INCONCLUSIVE-kernel-disagree,0
3000,0.5,71,0.06424235422911181,0.02269062659710347,0.11922431022245655,ADDS-BEYOND,1,1,0.003164098661298239,-0.018084011126932118,0.023404433145410814,TAUTOLOG,0,0,0,INCONCLUSIVE-kernel-disagree,0.07001306117664699,0.027455247322117404,0.1239343521562976,ADDS-BEYOND,1,1,0.006814303162417352,-0.013197093500878672,0.027581443961542034,TAUTOLOG,0,0,0,INCONCLUSIVE-kernel-disagree,0
3000,0.5,72,0.11047456753616948,0.0598522976439013,0.19370848621286474,ADDS-BEYOND,1,1,0.008404477471286973,-0.011309831409395017,0.029457063330399123,TAUTOLOG,0,0,0,INCONCLUSIVE-kernel-disagree,0.09725252624895468,0.049989491240342784,0.174553280395055,ADDS-BEYOND,1,1,0.004666987489856184,-0.01465484856205429,0.024079809719015542,TAUTOLOG,0,0,0,INCONCLUSIVE-kernel-disagree,0
3000,0.5,73,0.08025112153894823,0.0385756139778917,0.1543619658980714,ADDS-BEYOND,1,1,0.007149980834041509,-0.013551619644731961,0.029392022135669455,TAUTOLOG,0,0,0,INCONCLUSIVE-kernel-disagree,0.08989432426545485,0.04045030597117531,0.15800871422267154,ADDS-BEYOND,1,1,0.009126439821737269,-0.010677454296888288,0.030476916360455217,TAUTOLOG,0,0,0,INCONCLUSIVE-kernel-disagree,0
3000,0.5,74,0.07598440334274037,0.029157637669495428,0.14683003895946123,ADDS-BEYOND,1,1,0.028268424224769564,0.007713613218888489,0.050914433824183286,ADDS-BEYOND,1,1,1,ADDS-BEYOND,0.07631707130713869,0.03057115489172303,0.15014120864144728,ADDS-BEYOND,1,1,0.028552566320252253,0.009446404555373626,0.05051223184240222,ADDS-BEYOND,1,1,1,ADDS-BEYOND,1
3000,0.5,75,0.13548685112393458,0.07595709225043706,0.22311034846090974,ADDS-BEYOND,1,1,0.029800562974921316,0.008684656120344074,0.05104204602542891,ADDS-BEYOND,1,1,1,ADDS-BEYOND,0.129952876373937,0.06781244966469012,0.22344648835653821,ADDS-BEYOND,1,1,0.025976251797648592,0.007229300820405184,0.04541131653092917,ADDS-BEYOND,1,1,1,ADDS-BEYOND,1
3000,0.5,76,0.10535728814295585,0.05328618546592547,0.20019085157752026,ADDS-BEYOND,1,1,0.025914966247642522,0.003863274682100704,0.048045218229198106,ADDS-BEYOND,1,1,1,ADDS-BEYOND,0.10345242263973328,0.05384761504353562,0.19408102731910884,ADDS-BEYOND,1,1,0.024574576983494613,0.005082200005936363,0.045332335009479564,ADDS-BEYOND,1,1,1,ADDS-BEYOND,1
3000,0.5,77,0.10571905686636277,0.04684417626393789,0.19779257926545843,ADDS-BEYOND,1,1,0.028936529576729677,0.007879799114151922,0.05128179035290348,ADDS-BEYOND,1,1,1,ADDS-BEYOND,0.09128344300887618,0.03572123453227453,0.18205160506244367,ADDS-BEYOND,1,1,0.021291157213472436,0.0009632526987518303,0.04148124549323188,ADDS-BEYOND,1,1,1,ADDS-BEYOND,1
3000,0.5,78,0.1169664999958961,0.06010627162852329,0.1958159180986084,ADDS-BEYOND,1,1,0.024870326190720875,0.004590636199658617,0.04557305036684193,ADDS-BEYOND,1,1,1,ADDS-BEYOND,0.10826882631140777,0.05307726996764,0.18808320818784846,ADDS-BEYOND,1,1,0.020942479576695473,0.0013645854045129164,0.041122531937660335,ADDS-BEYOND,1,1,1,ADDS-BEYOND,1
3000,0.5,79,0.1740075523614216,0.08144007652752486,0.2246001471695955,ADDS-BEYOND,1,1,0.016582384121339385,-0.005523518076633104,0.03764486766589298,TAUTOLOG,0,0,0,INCONCLUSIVE-kernel-disagree,0.16974779149883568,0.07020441209914824,0.21911286144372447,ADDS-BEYOND,1,1,0.014113783595716092,-0.006609402888384425,0.03489972025951648,TAUTOLOG,0,0,0,INCONCLUSIVE-kernel-disagree,0
3000,0.5,80,0.1200648623385613,0.07052570480869616,0.1930594931642328,ADDS-BEYOND,1,1,0.029742527416203444,0.008152417180696772,0.05057430483178672,ADDS-BEYOND,1,1,1,ADDS-BEYOND,0.10866987200148974,0.06041324166586653,0.1844724260717301,ADDS-BEYOND,1,1,0.02611692999198071,0.005460196546206532,0.04627427647177574,ADDS-BEYOND,1,1,1,ADDS-BEYOND,1
3000,0.5,81,0.12803486003075437,0.08290538214468932,0.18266144386893046,ADDS-BEYOND,1,1,0.02520553957787529,0.003577762458317352,0.045770837159631095,ADDS-BEYOND,1,1,1,ADDS-BEYOND,0.1246404393247392,0.07885779372431005,0.1762879655879454,ADDS-BEYOND,1,1,0.02218769052454608,0.0014140375414134932,0.041789317523463154,ADDS-BEYOND,1,1,1,ADDS-BEYOND,1
3000,0.5,82,0.11743059535142977,0.06463388681138955,0.2005893508502089,ADDS-BEYOND,1,1,0.0027954567923223327,-0.01752594837776054,0.023597860126755823,TAUTOLOG,0,0,0,INCONCLUSIVE-kernel-disagree,0.1292978127796559,0.07513862635417655,0.21834311529264816,ADDS-BEYOND,1,1,0.00942358188237276,-0.009992659171721048,0.02961876588838948,TAUTOLOG,0,0,0,INCONCLUSIVE-kernel-disagree,0
3000,0.5,83,0.10254757472333834,0.05773458550756963,0.15070938127606667,ADDS-BEYOND,1,1,0.02018755302889343,-0.002021979001668854,0.04261616917251001,TAUTOLOG,0,0,0,INCONCLUSIVE-kernel-disagree,0.09944588987392819,0.05347861500289196,0.1438791008119481,ADDS-BEYOND,1,1,0.018217129739304328,-0.0035409722223868818,0.03912557975733961,TAUTOLOG,0,0,0,INCONCLUSIVE-kernel-disagree,0
3000,0.5,84,0.078164103603444,0.0355753670448783,0.1581666633488863,ADDS-BEYOND,1,1,0.0029807062957497715,-0.01762843719095616,0.0228634241937255,TAUTOLOG,0,0,0,INCONCLUSIVE-kernel-disagree,0.07492055316886001,0.02832655196838102,0.14937541618890396,ADDS-BEYOND,1,1,-0.0012280324224701162,-0.019962987434230164,0.0173420233113128,TAUTOLOG,0,0,0,INCONCLUSIVE-kernel-disagree,0
3000,0.5,85,0.09195351876639815,0.05012315312828622,0.14897623287431316,ADDS-BEYOND,1,1,0.01945676927351802,-0.003212909831877571,0.03992740297461691,TAUTOLOG,0,0,0,INCONCLUSIVE-kernel-disagree,0.07857560689259208,0.04112963324256831,0.13194745207800326,ADDS-BEYOND,1,1,0.013169428984258921,-0.008254439675222675,0.03259161669612832,TAUTOLOG,0,0,0,INCONCLUSIVE-kernel-disagree,0
3000,0.5,86,0.2062591542655201,0.14915080573373035,0.2462021389316502,ADDS-BEYOND,1,1,0.02954659936997192,0.00802740438410283,0.05031420033348653,ADDS-BEYOND,1,1,1,ADDS-BEYOND,0.20898950885044718,0.1518314847095536,0.24683023275994523,ADDS-BEYOND,1,1,0.03105691675004575,0.011481002504542865,0.050515371688661034,ADDS-BEYOND,1,1,1,ADDS-BEYOND,1
3000,0.5,87,0.06971718715198996,0.01640937559632327,0.17165271813609975,ADDS-BEYOND,1,1,-0.007372837379518127,-0.02822843765050787,0.013474102811279247,TAUTOLOG,0,0,0,INCONCLUSIVE-kernel-disagree,0.06600782888867907,0.013655986729178218,0.1586604009476992,ADDS-BEYOND,1,1,-0.010384650734740677,-0.030811079548246367,0.009094156853747785,TAUTOLOG,0,0,0,INCONCLUSIVE-kernel-disagree,0
3000,0.5,88,0.14617296722697254,0.053322071462649896,0.19735291884784417,ADDS-BEYOND,1,1,-0.004467809452336457,-0.0263932892997674,0.016891659258179825,TAUTOLOG,0,0,0,INCONCLUSIVE-kernel-disagree,0.14867002542233088,0.06440066748211383,0.20398394527273347,ADDS-BEYOND,1,1,0.0005599270705100038,-0.021604369503490248,0.02116451684732435,TAUTOLOG,0,0,0,INCONCLUSIVE-kernel-disagree,0
3000,0.5,89,0.11992916995032907,0.013576593145354813,0.17506301586042744,ADDS-BEYOND,1,1,0.020522766416047847,0.0005441614047557527,0.042366550135858515,ADDS-BEYOND,1,1,1,ADDS-BEYOND,0.12670920779141776,0.017217738115521235,0.19247799574254687,ADDS-BEYOND,1,1,0.022226226135534745,0.0020795320076139275,0.04213908199058206,ADDS-BEYOND,1,1,1,ADDS-BEYOND,1
3000,0.5,90,0.06997635399921054,0.022399176196174105,0.13538061505587032,ADDS-BEYOND,1,1,0.011797468376168489,-0.010802084428341492,0.032390519902727094,TAUTOLOG,0,0,0,INCONCLUSIVE-kernel-disagree,0.06768832336322753,0.01841343048099118,0.1343124937726864,ADDS-BEYOND,1,1,0.009841902189611161,-0.010838669486689982,0.02950367725285199,TAUTOLOG,0,0,0,INCONCLUSIVE-kernel-disagree,0
3000,0.5,91,0.05247496239443353,0.011634614253069326,0.10408947300497755,ADDS-BEYOND,1,1,0.021014443669505632,0.0005364903807716783,0.04212460882315747,ADDS-BEYOND,1,1,1,ADDS-BEYOND,0.05378488859881339,0.013020604848669794,0.10615389499653523,ADDS-BEYOND,1,1,0.025664252633981328,0.006268302800636496,0.0464205626249734,ADDS-BEYOND,1,1,1,ADDS-BEYOND,1
3000,0.5,92,0.0808363442078279,0.04046191394555926,0.16285282410416516,ADDS-BEYOND,1,1,0.023374401629209073,0.0024135718490395823,0.04460854965448594,ADDS-BEYOND,1,1,1,ADDS-BEYOND,0.07484129988344307,0.03254778156234035,0.15507880911437594,ADDS-BEYOND,1,1,0.019217662771600398,0.0003266814813796456,0.03911696551834397,ADDS-BEYOND,1,1,1,ADDS-BEYOND,1
3000,0.5,93,0.10857502200412542,0.0572339061966827,0.15354867221141738,ADDS-BEYOND,1,1,0.001859459301320535,-0.018430867182971458,0.020456605919090775,TAUTOLOG,0,0,0,INCONCLUSIVE-kernel-disagree,0.09710133552520243,0.04477759254401537,0.13711049633907688,ADDS-BEYOND,1,1,-0.0037077757753672396,-0.022603758846675915,0.014232577139864427,TAUTOLOG,0,0,0,INCONCLUSIVE-kernel-disagree,0
3000,0.5,94,0.09290844378928428,0.04971978321575771,0.1523057415185762,ADDS-BEYOND,1,1,0.01906212747423651,-0.003196586806569793,0.04024184273305219,TAUTOLOG,0,0,0,INCONCLUSIVE-kernel-disagree,0.09201060404760325,0.05084180251383641,0.1497152073710197,ADDS-BEYOND,1,1,0.018530521756380824,-0.0018049961867419796,0.03906818183538676,TAUTOLOG,0,0,0,INCONCLUSIVE-kernel-disagree,0
3000,0.5,95,0.09875038028920607,0.05719203004878775,0.14138194763267314,ADDS-BEYOND,1,1,0.030139026353363928,0.008753571699864248,0.04911590651407491,ADDS-BEYOND,1,1,1,ADDS-BEYOND,0.09514926157246381,0.05183286813867054,0.14041190372177031,ADDS-BEYOND,1,1,0.027903960916021344,0.008793228222047282,0.04687305037296474,ADDS-BEYOND,1,1,1,ADDS-BEYOND,1
3000,0.5,96,0.17390365725484438,0.10495997141675444,0.23019845912233997,ADDS-BEYOND,1,1,0.021900298437775193,0.0005939810957188359,0.0422091422074406,ADDS-BEYOND,1,1,1,ADDS-BEYOND,0.16758934027165323,0.10269153243047839,0.22540595632485377,ADDS-BEYOND,1,1,0.020186624459953947,-0.0005929390751707549,0.04053700556657136,TAUTOLOG,0,0,0,INCONCLUSIVE-kernel-disagree,0
3000,0.5,97,0.08417291896313053,0.03656498323595032,0.1545793520031802,ADDS-BEYOND,1,1,0.02635742934730756,0.004720651524367158,0.04888518816634475,ADDS-BEYOND,1,1,1,ADDS-BEYOND,0.07295332710859959,0.028956298137175034,0.1433646235544434,ADDS-BEYOND,1,1,0.0228191174033965,0.0013980059836895548,0.044051696862454234,ADDS-BEYOND,1,1,1,ADDS-BEYOND,1
3000,0.5,98,0.13836824874816483,0.08306565553514841,0.22167851436089292,ADDS-BEYOND,1,1,0.00462380903417009,-0.01668944270010725,0.024759201620284915,TAUTOLOG,0,0,0,INCONCLUSIVE-kernel-disagree,0.14318307261999078,0.08620229987980108,0.22877627899878128,ADDS-BEYOND,1,1,0.008764297935337763,-0.010094548215296489,0.028031907977713724,TAUTOLOG,0,0,0,INCONCLUSIVE-kernel-disagree,0
3000,0.5,99,0.12644186774293514,0.0810221233818013,0.18416500374417374,ADDS-BEYOND,1,1,0.026414072052616203,0.006413973585292676,0.04824408299044203,ADDS-BEYOND,1,1,1,ADDS-BEYOND,0.12645676680578458,0.07838357832154592,0.18322261357443048,ADDS-BEYOND,1,1,0.02645167909466538,0.00824747686673816,0.045838030113408486,ADDS-BEYOND,1,1,1,ADDS-BEYOND,1
3000,0.5,100,0.054889979479915724,0.010015593048352709,0.1219023694645642,ADDS-BEYOND,1,1,0.00458620199212091,-0.01781910314894568,0.024500153065234075,TAUTOLOG,0,0,0,INCONCLUSIVE-kernel-disagree,0.055062301249982515,0.012758586654643552,0.12288775513539081,ADDS-BEYOND,1,1,0.004760308668274519,-0.016266027423748216,0.023637200949183444,TAUTOLOG,0,0,0,INCONCLUSIVE-kernel-disagree,0
3000,0.5,101,0.12552767088122474,0.07006759651450271,0.21091611131302557,ADDS-BEYOND,1,1,0.025628038445341377,0.005178098624787769,0.0466024641565328,ADDS-BEYOND,1,1,1,ADDS-BEYOND,0.12000855712616848,0.05873195335156501,0.20685813193437244,ADDS-BEYOND,1,1,0.024393041755825115,0.004529355820550221,0.045517155887096074,ADDS-BEYOND,1,1,1,ADDS-BEYOND,1
3000,0.5,102,0.07346084680422416,0.028881142691161786,0.13321072464944203,ADDS-BEYOND,1,1,0.00021728513183970298,-0.021887797762096595,0.023298488908622666,TAUTOLOG,0,0,0,INCONCLUSIVE-kernel-disagree,0.07113879698396502,0.028583883402637258,0.13193364234506536,ADDS-BEYOND,1,1,-0.0006648553606719117,-0.021275466342091827,0.02159589968602106,TAUTOLOG,0,0,0,INCONCLUSIVE-kernel-disagree,0
3000,0.5,103,0.18769387224876946,0.09835210794383245,0.23431272134920972,ADDS-BEYOND,1,1,0.022965831295835272,-0.0002792493084767301,0.043738727550230255,TAUTOLOG,0,0,0,INCONCLUSIVE-kernel-disagree,0.18406769374648507,0.08776351418954899,0.2335152878788695,ADDS-BEYOND,1,1,0.02218258339537891,0.00023743906428486095,0.04286841995284232,ADDS-BEYOND,1,1,1,ADDS-BEYOND,0
3000,0.5,104,0.08017518864606513,0.03998999305245963,0.13383092624345796,ADDS-BEYOND,1,1,0.033514374448395216,0.011118384879672552,0.05343842467915101,ADDS-BEYOND,1,1,1,ADDS-BEYOND,0.0749776107859621,0.035573004926180055,0.12085315092232544,ADDS-BEYOND,1,1,0.028134710297483594,0.006684032118256105,0.04871717501770071,ADDS-BEYOND,1,1,1,ADDS-BEYOND,1
3000,0.5,105,0.13987387539524387,0.08459163861663933,0.2118979892693764,ADDS-BEYOND,1,1,0.01870277129465546,-0.00186405699082947,0.03912761430600554,TAUTOLOG,0,0,0,INCONCLUSIVE-kernel-disagree,0.14389708155791234,0.09255486636315152,0.21931883508526176,ADDS-BEYOND,1,1,0.020774408598648524,0.0007695758830885348,0.039386533741768946,ADDS-BEYOND,1,1,1,ADDS-BEYOND,0
3000,0.5,106,0.13717233395344341,0.08987937121555568,0.20184437991819948,ADDS-BEYOND,1,1,0.030945488477307444,0.010850974073580818,0.050998094220971374,ADDS-BEYOND,1,1,1,ADDS-BEYOND,0.1319728330156812,0.08113803608317151,0.19962173245838746,ADDS-BEYOND,1,1,0.02744292643756659,0.008197055291116168,0.0468805547995032,ADDS-BEYOND,1,1,1,ADDS-BEYOND,1
3000,0.5,107,0.13945406084015272,0.09263802421711644,0.18097710144734286,ADDS-BEYOND,1,1,0.012468823719416803,-0.009435747506327157,0.03516071839759968,TAUTOLOG,0,0,0,INCONCLUSIVE-kernel-disagree,0.13524290598519692,0.08896463083038673,0.17901188389406458,ADDS-BEYOND,1,1,0.010538328894225594,-0.011572810856611916,0.031371101573689074,TAUTOLOG,0,0,0,INCONCLUSIVE-kernel-disagree,0
3000,0.5,108,0.12656811986407654,0.06790083845867381,0.1646693729092293,ADDS-BEYOND,1,1,0.021111943408151656,0.0004100577147700042,0.04122228982139539,ADDS-BEYOND,1,1,1,ADDS-BEYOND,0.12346188985156095,0.06382551201598508,0.16114369658976202,ADDS-BEYOND,1,1,0.01911273448143849,-0.00042062783626186284,0.03894599411876119,TAUTOLOG,0,0,0,INCONCLUSIVE-kernel-disagree,0
3000,0.5,109,0.08797208977425991,0.038477258234251195,0.15992583972884258,ADDS-BEYOND,1,1,0.0012837465588392708,-0.021118850574563214,0.02263830723577472,TAUTOLOG,0,0,0,INCONCLUSIVE-kernel-disagree,0.1310943134132579,0.054570220843203995,0.17973722469305956,ADDS-BEYOND,1,1,0.00824197790687694,-0.013542988876901767,0.02853111549771856,TAUTOLOG,0,0,0,INCONCLUSIVE-kernel-disagree,0
3000,0.5,110,0.13623629330208692,0.07520283898527852,0.17354689167551168,ADDS-BEYOND,1,1,0.012254324294395555,-0.007853347112928259,0.032154994907050545,TAUTOLOG,0,0,0,INCONCLUSIVE-kernel-disagree,0.13175965888184338,0.07573398052473095,0.17032550792300735,ADDS-BEYOND,1,1,0.009437974700934791,-0.011093174679243553,0.028537486398577942,TAUTOLOG,0,0,0,INCONCLUSIVE-kernel-disagree,0
3000,0.5,111,0.12293494425498201,0.05891985432818131,0.1701278727398862,ADDS-BEYOND,1,1,0.019375983775782746,-0.0008371367724732911,0.03924918540914167,TAUTOLOG,0,0,0,INCONCLUSIVE-kernel-disagree,0.12490401789472137,0.0609842345373585,0.16776803665594403,ADDS-BEYOND,1,1,0.020514873580062213,0.002007377354976844,0.040267982893072964,ADDS-BEYOND,1,1,1,ADDS-BEYOND,0
3000,0.5,112,0.09166031968941538,0.0389013951481564,0.15888906149277454,ADDS-BEYOND,1,1,0.03273762653051525,0.010424333092555174,0.05383214774681699,ADDS-BEYOND,1,1,1,ADDS-BEYOND,0.08400828816864728,0.038192116197718104,0.15358724597202097,ADDS-BEYOND,1,1,0.0320820568592382,0.010957211105990884,0.0524649390739377,ADDS-BEYOND,1,1,1,ADDS-BEYOND,1
3000,0.5,113,0.12094044411076932,0.07300710616032552,0.208341288368582,ADDS-BEYOND,1,1,0.02720428422011871,0.005270031286542947,0.04879831998599415,ADDS-BEYOND,1,1,1,ADDS-BEYOND,0.11525797948306075,0.071349256063877,0.2032017052801571,ADDS-BEYOND,1,1,0.026306822340105576,0.005277824087689226,0.04689278119446991,ADDS-BEYOND,1,1,1,ADDS-BEYOND,1
3000,0.5,114,0.1076702680829737,0.0606207987329165,0.1650826687287529,ADDS-BEYOND,1,1,0.014299497383613274,-0.007626288639664938,0.036068433995639124,TAUTOLOG,0,0,0,INCONCLUSIVE-kernel-disagree,0.10244433948018103,0.058724612238595805,0.16158993414473413,ADDS-BEYOND,1,1,0.012863001234228571,-0.008300091940662184,0.03267895809551752,TAUTOLOG,0,0,0,INCONCLUSIVE-kernel-disagree,0
3000,0.5,115,0.06873095779012703,0.02297726648866251,0.13010160829832387,ADDS-BEYOND,1,1,0.011057398931398217,-0.009658371592185978,0.031975218998370976,TAUTOLOG,0,0,0,INCONCLUSIVE-kernel-disagree,0.07793573321744177,0.029882996719444558,0.14513668222906728,ADDS-BEYOND,1,1,0.015331601759851862,-0.004969108550196395,0.03451864682067775,TAUTOLOG,0,0,0,INCONCLUSIVE-kernel-disagree,0
3000,0.5,116,0.1728377640999029,0.10871458839785036,0.2728727475305142,ADDS-BEYOND,1,1,0.011517504840913486,-0.008573888469849734,0.03353344143226945,TAUTOLOG,0,0,0,INCONCLUSIVE-kernel-disagree,0.1735511770749355,0.10904413968768763,0.27364880958086524,ADDS-BEYOND,1,1,0.012006860672022562,-0.007147679944166895,0.032074085373142734,TAUTOLOG,0,0,0,INCONCLUSIVE-kernel-disagree,0
3000,0.5,117,0.14419700168247226,0.10509364929569272,0.2006960117722145,ADDS-BEYOND,1,1,0.01747891743241303,-0.0031004514744133256,0.03938809309399679,TAUTOLOG,0,0,0,INCONCLUSIVE-kernel-disagree,0.14477168014466424,0.10565676319265949,0.20240225895105757,ADDS-BEYOND,1,1,0.01793159479041241,-0.0014328855616693123,0.03816792220698578,TAUTOLOG,0,0,0,INCONCLUSIVE-kernel-disagree,0
3000,0.5,118,0.060644192212515324,0.020913578842663483,0.09126779698811935,ADDS-BEYOND,1,1,0.01105600607798899,-0.008706599686107956,0.030378854450540994,TAUTOLOG,0,0,0,INCONCLUSIVE-kernel-disagree,0.06210440806738726,0.019696244784599998,0.09219497220720378,ADDS-BEYOND,1,1,0.011992932137930274,-0.006539071148498337,0.030056213318340914,TAUTOLOG,0,0,0,INCONCLUSIVE-kernel-disagree,0
3000,0.5,119,0.1317108122143923,0.06794094242081376,0.23118823766013644,ADDS-BEYOND,1,1,0.01764234556576255,-0.0030709393116908185,0.04011703338152483,TAUTOLOG,0,0,0,INCONCLUSIVE-kernel-disagree,0.13563901478512658,0.07333891264841241,0.24119687905397513,ADDS-BEYOND,1,1,0.018906592176872617,-0.0009323569766011381,0.03972176526665305,TAUTOLOG,0,0,0,INCONCLUSIVE-kernel-disagree,0
3000,0.5,120,0.12667922798706927,0.056443382763663695,0.1743042731666044,ADDS-BEYOND,1,1,0.005882948516112984,-0.014343781613325805,0.025545135279219845,TAUTOLOG,0,0,0,INCONCLUSIVE-kernel-disagree,0.12370643181127552,0.054534673190113556,0.16623013789679944,ADDS-BEYOND,1,1,0.0021686727581693432,-0.017545781120253203,0.021191204956814636,TAUTOLOG,0,0,0,INCONCLUSIVE-kernel-disagree,0
3000,0.5,121,0.17302115893792547,0.11683881664841429,0.22466646477106494,ADDS-BEYOND,1,1,0.02463400539562171,0.0024976963722192764,0.04584507668713685,ADDS-BEYOND,1,1,1,ADDS-BEYOND,0.17686365203390322,0.1258333446445724,0.23168389697248645,ADDS-BEYOND,1,1,0.028466673693349806,0.00655880583814549,0.04847303867366583,ADDS-BEYOND,1,1,1,ADDS-BEYOND,1
3000,0.5,122,0.12889270644542591,0.07637221491498061,0.19024264249550923,ADDS-BEYOND,1,1,0.008157013848913977,-0.01284878702968645,0.030312183476654528,TAUTOLOG,0,0,0,INCONCLUSIVE-kernel-disagree,0.14079317631303884,0.07823395718236706,0.20169768744580885,ADDS-BEYOND,1,1,0.011381933775748544,-0.00991152377112953,0.032440183325902226,TAUTOLOG,0,0,0,INCONCLUSIVE-kernel-disagree,0
3000,0.5,123,0.07291005807828885,0.03285780318816509,0.11780683157595605,ADDS-BEYOND,1,1,-0.005207414612636984,-0.02611780168237833,0.01637989563592093,TAUTOLOG,0,0,0,INCONCLUSIVE-kernel-disagree,0.07351359360140186,0.04021473847610438,0.12092544217445124,ADDS-BEYOND,1,1,-0.0020140660297449393,-0.02180212181459796,0.018469797271577416,TAUTOLOG,0,0,0,INCONCLUSIVE-kernel-disagree,0
3000,0.5,124,0.17290111701156463,0.1119377316176783,0.21416121023426019,ADDS-BEYOND,1,1,0.03477397821480785,0.015062613066161112,0.05623655182659709,ADDS-BEYOND,1,1,1,ADDS-BEYOND,0.16989337339774296,0.10697096368700357,0.21463714131095463,ADDS-BEYOND,1,1,0.03346841028589066,0.014688083747910401,0.05433633125301722,ADDS-BEYOND,1,1,1,ADDS-BEYOND,1
3000,0.5,125,0.11778258077850266,0.06960800170491502,0.1583494560374718,ADDS-BEYOND,1,1,0.04579841294885432,0.02526437896915843,0.06558163122866757,ADDS-BEYOND,1,1,1,ADDS-BEYOND,0.10799804977192781,0.06350410818593721,0.14812239869784405,ADDS-BEYOND,1,1,0.03646675939149066,0.017801877207747084,0.05536525130803285,ADDS-BEYOND,1,1,1,ADDS-BEYOND,1
3000,0.5,126,0.09830378799359686,0.05996999764145903,0.1486626621378321,ADDS-BEYOND,1,1,0.00791697877805687,-0.014412379325230259,0.02789903878346509,TAUTOLOG,0,0,0,INCONCLUSIVE-kernel-disagree,0.10677918010602974,0.057031598148115537,0.147525755271577,ADDS-BEYOND,1,1,0.005655449125938936,-0.014156312390226262,0.024681002614945977,TAUTOLOG,0,0,0,INCONCLUSIVE-kernel-disagree,0
3000,0.5,127,0.13112111476967164,0.07886419842691046,0.2099772480415671,ADDS-BEYOND,1,1,0.022872974401886684,0.0008852171816460319,0.04581019451584644,ADDS-BEYOND,1,1,1,ADDS-BEYOND,0.12933347627930142,0.07770460398203267,0.21094521559074533,ADDS-BEYOND,1,1,0.02243376129350985,0.002637155047753326,0.04333208841987433,ADDS-BEYOND,1,1,1,ADDS-BEYOND,1
3000,0.5,128,0.12244781030410322,0.0400861496130101,0.1720522374790786,ADDS-BEYOND,1,1,0.011852718228067901,-0.007703425035589807,0.031842275515168654,TAUTOLOG,0,0,0,INCONCLUSIVE-kernel-disagree,0.12772172238097235,0.04640539103674064,0.17606799653097271,ADDS-BEYOND,1,1,0.014235426126788747,-0.004868211409309541,0.033656992875263275,TAUTOLOG,0,0,0,INCONCLUSIVE-kernel-disagree,0
3000,0.5,129,0.13890886243045403,0.08691481208668127,0.18594327231527433,ADDS-BEYOND,1,1,0.02709099880950143,0.006902053525337464,0.04695045874271303,ADDS-BEYOND,1,1,1,ADDS-BEYOND,0.1395769480272826,0.0899821842376878,0.18561406150953583,ADDS-BEYOND,1,1,0.027531604771287493,0.00783187197139731,0.04698355107746684,ADDS-BEYOND,1,1,1,ADDS-BEYOND,1
3000,0.5,130,0.16636420724430323,0.06722704729349235,0.269689212468697,ADDS-BEYOND,1,1,0.025442324657444195,0.004880252314596942,0.04631934861122921,ADDS-BEYOND,1,1,1,ADDS-BEYOND,0.16327471444902408,0.06464608018244633,0.2724290024091769,ADDS-BEYOND,1,1,0.0237648648682629,0.00496971555020059,0.04458984871087763,ADDS-BEYOND,1,1,1,ADDS-BEYOND,1
3000,0.5,131,0.09509897237907103,0.05874227611122231,0.14199926919329553,ADDS-BEYOND,1,1,0.035631511630423086,0.013876849548985928,0.05705882306283493,ADDS-BEYOND,1,1,1,ADDS-BEYOND,0.0957667027580292,0.06122588403168179,0.14160790746344312,ADDS-BEYOND,1,1,0.03548804772927252,0.015038504262773167,0.05599279746565907,ADDS-BEYOND,1,1,1,ADDS-BEYOND,1
3000,0.5,132,0.18473515007090982,0.09636287140878652,0.24731830785847003,ADDS-BEYOND,1,1,0.010952934925706054,-0.01011629761583475,0.03288535090239557,TAUTOLOG,0,0,0,INCONCLUSIVE-kernel-disagree,0.1895570202010804,0.10417173407603253,0.2492996261422205,ADDS-BEYOND,1,1,0.013770213088106305,-0.005234496917636885,0.03464332531059241,TAUTOLOG,0,0,0,INCONCLUSIVE-kernel-disagree,0
3000,0.5,133,0.11718434741938225,0.04436658016396945,0.21529592208749848,ADDS-BEYOND,1,1,0.007361694552244296,-0.01247916331360629,0.029279679919659237,TAUTOLOG,0,0,0,INCONCLUSIVE-kernel-disagree,0.12639801590722954,0.05670653804632507,0.2251470072981756,ADDS-BEYOND,1,1,0.010140437103655883,-0.009913460302350144,0.030969275050336875,TAUTOLOG,0,0,0,INCONCLUSIVE-kernel-disagree,0
3000,0.5,134,0.246651993907427,0.13964013820112575,0.32519947957457074,ADDS-BEYOND,1,1,0.0447811656756475,0.02356312610465941,0.06641932646573219,ADDS-BEYOND,1,1,1,ADDS-BEYOND,0.22570557267789382,0.1176821831453784,0.31016264207040256,ADDS-BEYOND,1,1,0.03710515053738723,0.016981057489180235,0.05784650222366871,ADDS-BEYOND,1,1,1,ADDS-BEYOND,1
3000,0.5,135,0.09419504161142486,0.05784180042324189,0.12750473765644446,ADDS-BEYOND,1,1,0.034761906818594535,0.012941289169885396,0.05508535637054635,ADDS-BEYOND,1,1,1,ADDS-BEYOND,0.08041458266568224,0.04342741340996068,0.11379853433073882,ADDS-BEYOND,1,1,0.02605703729538387,0.004922550361365196,0.045093958660972745,ADDS-BEYOND,1,1,1,ADDS-BEYOND,1
3000,0.5,136,0.09625758890000528,0.05116626295943894,0.1370316182808339,ADDS-BEYOND,1,1,0.009912473429012091,-0.009220649602825884,0.029508087654391026,TAUTOLOG,0,0,0,INCONCLUSIVE-kernel-disagree,0.09518752839891295,0.055906606573268104,0.13619850702791006,ADDS-BEYOND,1,1,0.010090294380923645,-0.008430660859240513,0.028288304327677673,TAUTOLOG,0,0,0,INCONCLUSIVE-kernel-disagree,0
3000,0.5,137,0.05571624526386426,0.014006517905582326,0.11497092494268014,ADDS-BEYOND,1,1,0.010686899924543341,-0.011354108588089391,0.03127905477859933,TAUTOLOG,0,0,0,INCONCLUSIVE-kernel-disagree,0.05964994813101457,0.019123688178551243,0.11530543271294531,ADDS-BEYOND,1,1,0.013667141935823367,-0.006913205608722394,0.03345508456744126,TAUTOLOG,0,0,0,INCONCLUSIVE-kernel-disagree,0
3000,0.5,138,0.07638959207299537,0.03291232179473517,0.14258949656170355,ADDS-BEYOND,1,1,-0.0036892043965775214,-0.0242298893225456,0.01916018504878597,TAUTOLOG,0,0,0,INCONCLUSIVE-kernel-disagree,0.07508660380031307,0.028037224239188842,0.1362086329270232,ADDS-BEYOND,1,1,-0.004542559251965073,-0.02396921516145112,0.01689965808756972,TAUTOLOG,0,0,0,INCONCLUSIVE-kernel-disagree,0
3000,0.5,139,0.14376983300829066,0.0742486968139362,0.22637594835845015,ADDS-BEYOND,1,1,0.032682376678615836,0.010926297717310057,0.05496814198203289,ADDS-BEYOND,1,1,1,ADDS-BEYOND,0.12979320824906226,0.061133789213261625,0.2194145416816844,ADDS-BEYOND,1,1,0.02503793288429808,0.00400719323161226,0.046260040359310826,ADDS-BEYOND,1,1,1,ADDS-BEYOND,1
3000,0.5,140,0.05733273825748836,0.020942181632063125,0.11318165362619259,ADDS-BEYOND,1,1,0.013243714499417794,-0.007792995982013455,0.03370197851111762,TAUTOLOG,0,0,0,INCONCLUSIVE-kernel-disagree,0.06451093981693667,0.02483951507417914,0.1205996321849814,ADDS-BEYOND,1,1,0.01639434891109349,-0.004250484937924968,0.03598987478480862,TAUTOLOG,0,0,0,INCONCLUSIVE-kernel-disagree,0
3000,0.5,141,0.09301827655141354,0.050901212288842396,0.17182570458308769,ADDS-BEYOND,1,1,0.01748216742370123,-0.0047595438737177516,0.03800538342096905,TAUTOLOG,0,0,0,INCONCLUSIVE-kernel-disagree,0.09326454920178562,0.053191859474769,0.1694927767470315,ADDS-BEYOND,1,1,0.017699916840010675,-0.003891087075559045,0.0376374038812013,TAUTOLOG,0,0,0,INCONCLUSIVE-kernel-disagree,0
3000,0.5,142,0.10467418100402584,0.05730704070635518,0.1351593913312315,ADDS-BEYOND,1,1,0.012552859208440277,-0.007198088072602155,0.032441758342402566,TAUTOLOG,0,0,0,INCONCLUSIVE-kernel-disagree,0.10161117351295784,0.056920158621953085,0.1309130396671651,ADDS-BEYOND,1,1,0.005128021968310939,-0.014472757717361343,0.024694880031909183,TAUTOLOG,0,0,0,INCONCLUSIVE-kernel-disagree,0
3000,0.5,143,0.04750931751203882,0.00797007437419037,0.08806211865669278,ADDS-BEYOND,1,1,0.02875313721118121,0.005537802369323643,0.05052659038963288,ADDS-BEYOND,1,1,1,ADDS-BEYOND,0.038531026429005355,0.0026779801990551157,0.07517743749049642,ADDS-BEYOND,1,1,0.022201154774168626,0.002340962778093254,0.04291152281142717,ADDS-BEYOND,1,1,1,ADDS-BEYOND,1
3000,0.5,144,0.08381328545408778,0.04814996428729984,0.14176246120233815,ADDS-BEYOND,1,1,0.01639156320427503,-0.004558530668569712,0.0375712432505028,TAUTOLOG,0,0,0,INCONCLUSIVE-kernel-disagree,0.08956331325855621,0.05453512638197925,0.14321671840631986,ADDS-BEYOND,1,1,0.01970098290460281,0.0004938355334059541,0.0390562455146476,ADDS-BEYOND,1,1,1,ADDS-BEYOND,0
3000,0.5,145,0.09612179646717084,0.04530576219830591,0.17881697374998617,ADDS-BEYOND,1,1,0.035434190730782335,0.014315438791787233,0.05610350281414527,ADDS-BEYOND,1,1,1,ADDS-BEYOND,0.09540046313269798,0.04435304954490643,0.19140082227818342,ADDS-BEYOND,1,1,0.03348466024233167,0.014132238104946836,0.053631046114236074,ADDS-BEYOND,1,1,1,ADDS-BEYOND,1
3000,0.5,146,0.06176665641549828,0.021667786230639852,0.10717219143101733,ADDS-BEYOND,1,1,0.016101385410685683,-0.006332603257071056,0.03705220021789575,TAUTOLOG,0,0,0,INCONCLUSIVE-kernel-disagree,0.05746984085964249,0.01679732752557581,0.10006125208521909,ADDS-BEYOND,1,1,0.012153110279991592,-0.007408721756343715,0.03291241465969268,TAUTOLOG,0,0,0,INCONCLUSIVE-kernel-disagree,0
3000,0.5,147,0.1452469849167375,0.048191016786432735,0.21723252711506472,ADDS-BEYOND,1,1,0.025183253923327625,0.0035093038338385707,0.04609574116361436,ADDS-BEYOND,1,1,1,ADDS-BEYOND,0.14485259442706278,0.045919872364409024,0.2430451902274046,ADDS-BEYOND,1,1,0.02483457628655067,0.0033392564154249163,0.043480608092394686,ADDS-BEYOND,1,1,1,ADDS-BEYOND,1
3000,0.5,148,0.17122193254914994,0.08457159847130476,0.23006529063899178,ADDS-BEYOND,1,1,0.009279189412282701,-0.012173597361677092,0.031005525034691978,TAUTOLOG,0,0,0,INCONCLUSIVE-kernel-disagree,0.17067374805986713,0.08045440913848048,0.2279731455771097,ADDS-BEYOND,1,1,0.00874804797889676,-0.01150434433396331,0.028386766173971976,TAUTOLOG,0,0,0,INCONCLUSIVE-kernel-disagree,0
3000,0.5,149,0.08161132920728903,0.03191025468378762,0.16266598623419873,ADDS-BEYOND,1,1,0.005586735024416979,-0.014169460829173338,0.026469923506844826,TAUTOLOG,0,0,0,INCONCLUSIVE-kernel-disagree,0.08432382272358799,0.036881616828551025,0.16294071711357971,ADDS-BEYOND,1,1,0.006624875098762226,-0.013423050987515396,0.02609650817981638,TAUTOLOG,0,0,0,INCONCLUSIVE-kernel-disagree,0
3000,0.5,150,0.14219105126163795,0.07746364900193464,0.25065683336880695,ADDS-BEYOND,1,1,0.018882449384445985,-0.0015083753094451244,0.03947608973724112,TAUTOLOG,0,0,0,INCONCLUSIVE-kernel-disagree,0.12780980835853115,0.07363243066952614,0.24807933120861658,ADDS-BEYOND,1,1,0.01691666893955431,-0.0022049362850346086,0.036607022700587195,TAUTOLOG,0,0,0,INCONCLUSIVE-kernel-disagree,0
3000,0.5,151,0.0982527417313419,0.034030902229971904,0.1875629670578268,ADDS-BEYOND,1,1,0.025972073237420908,0.005300581751338317,0.04732796950060841,ADDS-BEYOND,1,1,1,ADDS-BEYOND,0.09923122212929585,0.03486707907724161,0.19194843015746027,ADDS-BEYOND,1,1,0.026800821015912083,0.006968799946269721,0.048187263428352535,ADDS-BEYOND,1,1,1,ADDS-BEYOND,1
3000,0.5,152,0.10838739811595725,0.059110091472366844,0.16484707636869608,ADDS-BEYOND,1,1,0.014318068762402993,-0.006860298914058655,0.0343218309133943,TAUTOLOG,0,0,0,INCONCLUSIVE-kernel-disagree,0.11066443968420002,0.05959755505973718,0.16557598576651758,ADDS-BEYOND,1,1,0.015713707878450316,-0.005188785490341765,0.034768952242049844,TAUTOLOG,0,0,0,INCONCLUSIVE-kernel-disagree,0
3000,0.5,153,0.1447388124951715,0.09746096459019031,0.2357693290014412,ADDS-BEYOND,1,1,0.039336037414502124,0.018689890140813105,0.06201877049372552,ADDS-BEYOND,1,1,1,ADDS-BEYOND,0.13767659116933528,0.0893855906017353,0.2187229264592308,ADDS-BEYOND,1,1,0.03355058863703517,0.013941469575124902,0.05569127729035102,ADDS-BEYOND,1,1,1,ADDS-BEYOND,1
3000,0.5,154,0.12346054216090507,0.053621224271888604,0.1971039286791442,ADDS-BEYOND,1,1,0.0100865801051657,-0.01184500927608843,0.032370382140328786,TAUTOLOG,0,0,0,INCONCLUSIVE-kernel-disagree,0.09840258066067199,0.03937225663891912,0.19171226369907174,ADDS-BEYOND,1,1,0.003998882137896073,-0.01646400655618054,0.02475689310224274,TAUTOLOG,0,0,0,INCONCLUSIVE-kernel-disagree,0
3000,0.5,155,0.1416717379656566,0.06275942612709413,0.2509124355128667,ADDS-BEYOND,1,1,0.030402739932177927,0.008605085661970859,0.0511855620749609,ADDS-BEYOND,1,1,1,ADDS-BEYOND,0.12514034134637558,0.04617687276461032,0.23363499567389495,ADDS-BEYOND,1,1,0.022200690489698884,0.0014343798946158403,0.04126637948524565,ADDS-BEYOND,1,1,1,ADDS-BEYOND,1
3000,0.5,156,0.10499988222265465,0.05481410467383388,0.15907575727613577,ADDS-BEYOND,1,1,0.019021734725368868,-0.00201388335025926,0.04074430282259987,TAUTOLOG,0,0,0,INCONCLUSIVE-kernel-disagree,0.10747234357543513,0.06274179585834823,0.17514947947859227,ADDS-BEYOND,1,1,0.02616103701660629,0.006192463943992715,0.046694237915921664,ADDS-BEYOND,1,1,1,ADDS-BEYOND,0
3000,0.5,157,0.10039761059629673,0.05180345970843396,0.1631104936221508,ADDS-BEYOND,1,1,0.014666282114710208,-0.005280344795654768,0.036742792149611854,TAUTOLOG,0,0,0,INCONCLUSIVE-kernel-disagree,0.10285088011101196,0.05328664358933047,0.1626939695249415,ADDS-BEYOND,1,1,0.016444955918295468,-0.0032492695277139307,0.038532518235340533,TAUTOLOG,0,0,0,INCONCLUSIVE-kernel-disagree,0
3000,0.5,158,0.10589690245072106,0.07659553424386023,0.14623828823020685,ADDS-BEYOND,1,1,-0.0024890290422919822,-0.022692335826131668,0.017756270857530395,TAUTOLOG,0,0,0,INCONCLUSIVE-kernel-disagree,0.10240580643734416,0.07349677132561616,0.14020581751063088,ADDS-BEYOND,1,1,-0.005035629358832091,-0.0251400975746168,0.013555060968255503,TAUTOLOG,0,0,0,INCONCLUSIVE-kernel-disagree,0
3000,0.5,159,0.11910978270951592,0.06296189714490599,0.19023281272410084,ADDS-BEYOND,1,1,0.012634108990645295,-0.00790804241025402,0.0342762969286175,TAUTOLOG,0,0,0,INCONCLUSIVE-kernel-disagree,0.11664955608758285,0.05954805717300333,0.19080753869989364,ADDS-BEYOND,1,1,0.011201791401488278,-0.008604888743887217,0.031001204398950415,TAUTOLOG,0,0,0,INCONCLUSIVE-kernel-disagree,0
3000,0.5,160,0.07817940134791129,0.030551012182579346,0.14434871399379964,ADDS-BEYOND,1,1,0.001013532997448871,-0.019340790378204863,0.022647516397418847,TAUTOLOG,0,0,0,INCONCLUSIVE-kernel-disagree,0.08483193309071219,0.039999291810266076,0.15460521426420795,ADDS-BEYOND,1,1,0.006642517908612458,-0.013111408001889722,0.027216824406504223,TAUTOLOG,0,0,0,INCONCLUSIVE-kernel-disagree,0
3000,0.5,161,0.13607264587664247,0.07831700752504267,0.19372124469193922,ADDS-BEYOND,1,1,0.008029799904204408,-0.011443385168623418,0.030941842797316384,TAUTOLOG,0,0,0,INCONCLUSIVE-kernel-disagree,0.135780642225575,0.07971726777521215,0.19508921574107452,ADDS-BEYOND,1,1,0.007624015277649065,-0.01208382826731322,0.028521865317575636,TAUTOLOG,0,0,0,INCONCLUSIVE-kernel-disagree,0
3000,0.5,162,0.07653521031888863,0.03565815168565457,0.1473106621768358,ADDS-BEYOND,1,1,0.013665284797944398,-0.0074157590558589625,0.034639664038448224,TAUTOLOG,0,0,0,INCONCLUSIVE-kernel-disagree,0.062350385391084645,0.024961407893318986,0.13823087413957416,ADDS-BEYOND,1,1,0.010242115402529589,-0.010118562143496233,0.030458346018005074,TAUTOLOG,0,0,0,INCONCLUSIVE-kernel-disagree,0
3000,0.5,163,0.10177110352199194,0.05590584783308159,0.14363076380322778,ADDS-BEYOND,1,1,-0.005193950363014439,-0.026742730578635115,0.01595786612820127,TAUTOLOG,0,0,0,INCONCLUSIVE-kernel-disagree,0.10047143592929907,0.0550937721890398,0.1424724396059318,ADDS-BEYOND,1,1,-0.005974412556652347,-0.026888159489087075,0.013865436414453142,TAUTOLOG,0,0,0,INCONCLUSIVE-kernel-disagree,0
3000,0.5,164,0.15995243128202064,0.05800776563962628,0.20878355061971127,ADDS-BEYOND,1,1,0.016611169758463447,-0.004058428136531123,0.03820448097544055,TAUTOLOG,0,0,0,INCONCLUSIVE-kernel-disagree,0.1616908375746602,0.041321999227480276,0.20967744084342257,ADDS-BEYOND,1,1,0.013318928583516153,-0.0076319773166313104,0.03440077831168608,TAUTOLOG,0,0,0,INCONCLUSIVE-kernel-disagree,0
3000,0.5,165,0.08090886574392048,0.04391797198984745,0.13208577481645428,ADDS-BEYOND,1,1,0.019316091079185905,-0.0012062462293638521,0.0407889968199183,TAUTOLOG,0,0,0,INCONCLUSIVE-kernel-disagree,0.08128091814279867,0.04443469300586022,0.13096812993276957,ADDS-BEYOND,1,1,0.01954962616746661,-0.0006494687903782526,0.04027561875576744,TAUTOLOG,0,0,0,INCONCLUSIVE-kernel-disagree,0
3000,0.5,166,0.18201746299370622,0.09866711231572006,0.22792803810153542,ADDS-BEYOND,1,1,0.018486414731755243,-0.00039529837763933076,0.0393624272841729,TAUTOLOG,0,0,0,INCONCLUSIVE-kernel-disagree,0.17724752477399563,0.08784851981230841,0.22582814448442495,ADDS-BEYOND,1,1,0.016463527297085185,-0.0010895686239773916,0.037092495127411494,TAUTOLOG,0,0,0,INCONCLUSIVE-kernel-disagree,0
3000,0.5,167,0.11216722233526699,0.06481722652393346,0.16130990560121752,ADDS-BEYOND,1,1,-0.0006058912330145564,-0.020889030449922835,0.01951828446514332,TAUTOLOG,0,0,0,INCONCLUSIVE-kernel-disagree,0.10936279203893805,0.06329714226170688,0.15819098583088573,ADDS-BEYOND,1,1,-0.0014657460709785093,-0.020783608836615026,0.017575997229730116,TAUTOLOG,0,0,0,INCONCLUSIVE-kernel-disagree,0
3000,0.5,168,0.08794439898012749,0.04402388861444529,0.1541550899706631,ADDS-BEYOND,1,1,0.022268940306751098,0.0002825830053119622,0.04422261231876395,ADDS-BEYOND,1,1,1,ADDS-BEYOND,0.09110863178394765,0.04551896391153554,0.16003551011889894,ADDS-BEYOND,1,1,0.024600112629330474,0.0038093220897753074,0.04591114384003641,ADDS-BEYOND,1,1,1,ADDS-BEYOND,1
3000,0.5,169,0.11161617963016211,0.05388847680177406,0.20294381997695815,ADDS-BEYOND,1,1,0.021117514821788568,5.693923224994122e-05,0.041604464115335006,ADDS-BEYOND,1,1,1,ADDS-BEYOND,0.11406568012049208,0.05668923270256149,0.20317070979701282,ADDS-BEYOND,1,1,0.0227466890261166,0.00216682243749663,0.042997278536121154,ADDS-BEYOND,1,1,1,ADDS-BEYOND,1
3000,0.5,170,0.12285751393788592,0.07232136074703209,0.1823677334583577,ADDS-BEYOND,1,1,0.010015544581295027,-0.010230787761988354,0.03020404669794713,TAUTOLOG,0,0,0,INCONCLUSIVE-kernel-disagree,0.1339392010073731,0.08361216846558024,0.20480240607393968,ADDS-BEYOND,1,1,0.012985108049770967,-0.005720899796090151,0.032594587144485786,TAUTOLOG,0,0,0,INCONCLUSIVE-kernel-disagree,0
3000,0.5,171,0.07527996900175613,0.03264836710749753,0.14392625018616348,ADDS-BEYOND,1,1,0.026726071216283467,0.004658197482754305,0.04613568050246288,ADDS-BEYOND,1,1,1,ADDS-BEYOND,0.07656940910749463,0.033847427805919116,0.151970408603723,ADDS-BEYOND,1,1,0.02794760365617718,0.007175878011824245,0.04573453026450679,ADDS-BEYOND,1,1,1,ADDS-BEYOND,1
3000,0.5,172,0.10238480575603594,0.060402915836100475,0.15984647507122632,ADDS-BEYOND,1,1,0.005556556533883686,-0.015162794418161641,0.027600140331702546,TAUTOLOG,0,0,0,INCONCLUSIVE-kernel-disagree,0.0950199813684683,0.057234948443624194,0.15681785448434757,ADDS-BEYOND,1,1,0.0035410976507295184,-0.015363236627757682,0.02474085881708203,TAUTOLOG,0,0,0,INCONCLUSIVE-kernel-disagree,0
3000,0.5,173,0.10375668984103956,0.0487524662266669,0.18172340069061924,ADDS-BEYOND,1,1,0.00704644539728883,-0.013615668483825972,0.028046487571143287,TAUTOLOG,0,0,0,INCONCLUSIVE-kernel-disagree,0.10692332690643373,0.05135250004428202,0.1860180662779518,ADDS-BEYOND,1,1,0.009634831316105803,-0.01050940405930799,0.02921505448102432,TAUTOLOG,0,0,0,INCONCLUSIVE-kernel-disagree,0
3000,0.5,174,0.07485108734248244,0.032872131349606405,0.1534620664427514,ADDS-BEYOND,1,1,0.004835058467903134,-0.014471780297093204,0.02503340953880518,TAUTOLOG,0,0,0,INCONCLUSIVE-kernel-disagree,0.07336507156658675,0.031615135262552864,0.14716142963137469,ADDS-BEYOND,1,1,0.003525776263228001,-0.014298668606890672,0.023959166082746335,TAUTOLOG,0,0,0,INCONCLUSIVE-kernel-disagree,0
3000,0.5,175,0.0654928627844158,0.012735204703426374,0.1513691157450304,ADDS-BEYOND,1,1,0.011372648086353685,-0.008866332284256411,0.03166593068184236,TAUTOLOG,0,0,0,INCONCLUSIVE-kernel-disagree,0.06525609100366705,0.013748466678930392,0.14664257994789157,ADDS-BEYOND,1,1,0.010560150264303512,-0.009207246044946348,0.03037166872788082,TAUTOLOG,0,0,0,INCONCLUSIVE-kernel-disagree,0
3000,0.5,176,0.08335763889749442,0.0393151191996187,0.15043871003151324,ADDS-BEYOND,1,1,0.026719571233707065,0.006710146461749905,0.04909287125283749,ADDS-BEYOND,1,1,1,ADDS-BEYOND,0.08206544775277055,0.040955038907452924,0.14562518507472388,ADDS-BEYOND,1,1,0.0249246474736808,0.005037363127183785,0.04607944108714344,ADDS-BEYOND,1,1,1,ADDS-BEYOND,1
3000,0.5,177,0.09439978864400753,0.03865609572368,0.2018241599119905,ADDS-BEYOND,1,1,0.031802557608452936,0.010026553443799865,0.053537999314326845,ADDS-BEYOND,1,1,1,ADDS-BEYOND,0.10047799584792699,0.04326280177863241,0.21009166060193452,ADDS-BEYOND,1,1,0.035665404396714326,0.016041380830312518,0.05659919956507464,ADDS-BEYOND,1,1,1,ADDS-BEYOND,1
3000,0.5,178,0.11121370288036886,0.04973836189994704,0.15505972714652413,ADDS-BEYOND,1,1,0.015190459281050004,-0.005513674875764654,0.036156087799369005,TAUTOLOG,0,0,0,INCONCLUSIVE-kernel-disagree,0.11065242307026288,0.048924637966954156,0.1512464169575815,ADDS-BEYOND,1,1,0.01484085307533356,-0.005748446269933415,0.035628271650470916,TAUTOLOG,0,0,0,INCONCLUSIVE-kernel-disagree,0
3000,0.5,179,0.15185918184144134,0.0749028907491242,0.2072776680811098,ADDS-BEYOND,1,1,0.026595142995815953,0.004590775054261786,0.04780879043634185,ADDS-BEYOND,1,1,1,ADDS-BEYOND,0.11119353588419825,0.06496067015844008,0.17990439913024492,ADDS-BEYOND,1,1,0.02172990603737953,0.0017676159328729,0.042896600225477415,ADDS-BEYOND,1,1,1,ADDS-BEYOND,1
3000,0.5,180,0.1674789856427895,0.0957271912410771,0.22574846223441547,ADDS-BEYOND,1,1,-0.002770849715425956,-0.022746220741912324,0.019969562638056094,TAUTOLOG,0,0,0,INCONCLUSIVE-kernel-disagree,0.16474720167576956,0.09140204949249908,0.22527099443794701,ADDS-BEYOND,1,1,-0.00504955789292438,-0.024565197720837057,0.016496657467270963,TAUTOLOG,0,0,0,INCONCLUSIVE-kernel-disagree,0
3000,0.5,181,0.12234197378727879,0.05967815755097992,0.20096349036726102,ADDS-BEYOND,1,1,0.026786892481819792,0.005795701104862683,0.04734911504002973,ADDS-BEYOND,1,1,1,ADDS-BEYOND,0.15312369257538627,0.06325050294262653,0.2040734235282989,ADDS-BEYOND,1,1,0.028808851347550363,0.007987557140829207,0.04768835891587186,ADDS-BEYOND,1,1,1,ADDS-BEYOND,1
3000,0.5,182,0.09977436173829345,0.04726588179099874,0.16647484201325127,ADDS-BEYOND,1,1,0.018894985065129044,-0.0029672028320234726,0.04083516270472235,TAUTOLOG,0,0,0,INCONCLUSIVE-kernel-disagree,0.09763596676601832,0.04185645337927196,0.1563706736521795,ADDS-BEYOND,1,1,0.018023058830951774,-0.00326021918329074,0.04031114481635284,TAUTOLOG,0,0,0,INCONCLUSIVE-kernel-disagree,0
3000,0.5,183,0.11588754026390749,0.0643616156663907,0.21299242850480643,ADDS-BEYOND,1,1,0.024202220838760762,0.003867391974068297,0.046683286692547996,ADDS-BEYOND,1,1,1,ADDS-BEYOND,0.09457832171033863,0.04975373668440722,0.17455683080581358,ADDS-BEYOND,1,1,0.014691817760546072,-0.0031045014385190314,0.035874187081651084,TAUTOLOG,0,0,0,INCONCLUSIVE-kernel-disagree,0
3000,0.5,184,0.13199742827023403,0.07743278597283393,0.2184289748341174,ADDS-BEYOND,1,1,0.02088351544903812,-0.0015053059163652536,0.04241928976112891,TAUTOLOG,0,0,0,INCONCLUSIVE-kernel-disagree,0.1290297710910953,0.07532846376677985,0.20921909404439726,ADDS-BEYOND,1,1,0.019492054893218484,-0.0009779952876330603,0.03953577076928298,TAUTOLOG,0,0,0,INCONCLUSIVE-kernel-disagree,0
3000,0.5,185,0.12040566889223488,0.0602321214883243,0.16984373436240213,ADDS-BEYOND,1,1,0.03750211375901746,0.017009298901461852,0.05882973280650345,ADDS-BEYOND,1,1,1,ADDS-BEYOND,0.11946136314023814,0.0545478724151515,0.16952607361582664,ADDS-BEYOND,1,1,0.036488580761568586,0.015351787267059984,0.05755702813275162,ADDS-BEYOND,1,1,1,ADDS-BEYOND,1
3000,0.5,186,0.1316695223888643,0.07313507001239461,0.17804429415941875,ADDS-BEYOND,1,1,0.03376694519993538,0.010825572758493473,0.05789841584255131,ADDS-BEYOND,1,1,1,ADDS-BEYOND,0.12976305031199042,0.07285218415214882,0.1755564863167234,ADDS-BEYOND,1,1,0.03239823458313315,0.011590008866714215,0.05602691866985788,ADDS-BEYOND,1,1,1,ADDS-BEYOND,1
3000,0.5,187,0.18593186809196804,0.11129784371129274,0.24466171219766117,ADDS-BEYOND,1,1,0.027173177160645934,0.005262790966741629,0.04882343369277946,ADDS-BEYOND,1,1,1,ADDS-BEYOND,0.17468885616226595,0.10311366768693754,0.2388498540156845,ADDS-BEYOND,1,1,0.022466725490861598,0.0019597201677753317,0.04300553181791822,ADDS-BEYOND,1,1,1,ADDS-BEYOND,1
3000,0.5,188,0.09716815913427079,0.04534561761003932,0.16593412761057635,ADDS-BEYOND,1,1,0.022138476370753328,0.0016409121674601066,0.043170298487846426,ADDS-BEYOND,1,1,1,ADDS-BEYOND,0.10149255479388761,0.0474287353024776,0.1686534952503674,ADDS-BEYOND,1,1,0.024071756902762993,0.004219912091154002,0.04437654349129229,ADDS-BEYOND,1,1,1,ADDS-BEYOND,1
3000,0.5,189,0.18582331743584782,0.127947608748722,0.24162546580163513,ADDS-BEYOND,1,1,0.04291102783152288,0.02261547229253594,0.06416044447877507,ADDS-BEYOND,1,1,1,ADDS-BEYOND,0.18512429827910432,0.12374726139722249,0.24276295634464462,ADDS-BEYOND,1,1,0.038476182576538176,0.018959099000417732,0.05802502923626886,ADDS-BEYOND,1,1,1,ADDS-BEYOND,1
3000,0.5,190,0.0581206607660851,0.02419831420318899,0.09658995168304463,ADDS-BEYOND,1,1,-0.012070003359907603,-0.03355105602494786,0.010302406029073655,TAUTOLOG,0,0,0,INCONCLUSIVE-kernel-disagree,0.0769841664538167,0.04252454567649937,0.11915618819026709,ADDS-BEYOND,1,1,-0.002349279416899353,-0.022217331043802784,0.01836143280682664,TAUTOLOG,0,0,0,INCONCLUSIVE-kernel-disagree,0
3000,0.5,191,0.11175101328479398,0.032685829498501434,0.16899313837868,ADDS-BEYOND,1,1,0.004025810637141164,-0.017123284136278207,0.024764760919458794,TAUTOLOG,0,0,0,INCONCLUSIVE-kernel-disagree,0.1025085644781174,0.024144146717025302,0.15910257120739568,ADDS-BEYOND,1,1,-0.0012354609739860035,-0.021189909180651157,0.018385630474879826,TAUTOLOG,0,0,0,INCONCLUSIVE-kernel-disagree,0
3000,0.5,192,0.13761052482900923,0.07214988292963838,0.19573809837995804,ADDS-BEYOND,1,1,0.02280797457612267,0.0020751014378438738,0.04316290831601701,ADDS-BEYOND,1,1,1,ADDS-BEYOND,0.13884730725998312,0.07644299722348569,0.19513742087573877,ADDS-BEYOND,1,1,0.024598255491451504,0.00527584251502074,0.044730610961688295,ADDS-BEYOND,1,1,1,ADDS-BEYOND,1
3000,0.5,193,0.13561059348172433,0.07424029843379701,0.21743979665260982,ADDS-BEYOND,1,1,0.01675324080620479,-0.005739827957900073,0.03801827555389124,TAUTOLOG,0,0,0,INCONCLUSIVE-kernel-disagree,0.15275516236188785,0.09098741673651294,0.2417985225210153,ADDS-BEYOND,1,1,0.023751400618640353,0.0031309162146389356,0.04443091833563385,ADDS-BEYOND,1,1,1,ADDS-BEYOND,0
3000,0.5,194,0.07779986018387244,0.041221954502556675,0.12995679282470007,ADDS-BEYOND,1,1,0.022126869259009755,0.0015397044905124731,0.04330876741272122,ADDS-BEYOND,1,1,1,ADDS-BEYOND,0.06515587812021079,0.02659126691085687,0.11729127044431029,ADDS-BEYOND,1,1,0.01890891359922133,-0.0008349940945631769,0.037924584817831966,TAUTOLOG,0,0,0,INCONCLUSIVE-kernel-disagree,0
3000,0.5,195,0.07199555876028957,0.0348165248911358,0.13044919887126366,ADDS-BEYOND,1,1,0.020346802602015265,-0.0019135868766497577,0.042684429955223924,TAUTOLOG,0,0,0,INCONCLUSIVE-kernel-disagree,0.06307993785383853,0.030274663804855037,0.11985946150593715,ADDS-BEYOND,1,1,0.017121418390710956,-0.004524015451848999,0.03790363468857385,TAUTOLOG,0,0,0,INCONCLUSIVE-kernel-disagree,0
3000,0.5,196,0.10659739461369605,0.054792463345474864,0.19593646240015755,ADDS-BEYOND,1,1,0.02482668345056504,0.004836041408221051,0.04483844301692051,ADDS-BEYOND,1,1,1,ADDS-BEYOND,0.1058814253520603,0.05639909590325978,0.19350617924407726,ADDS-BEYOND,1,1,0.024187363735728988,0.005015439529558373,0.04294689723252349,ADDS-BEYOND,1,1,1,ADDS-BEYOND,1
3000,0.5,197,0.13407297917942992,0.06679763753458393,0.23566271798007782,ADDS-BEYOND,1,1,0.023697543620150172,0.0032130830980514817,0.04398104833773325,ADDS-BEYOND,1,1,1,ADDS-BEYOND,0.12938368564840858,0.06387820398970744,0.23071509140132762,ADDS-BEYOND,1,1,0.019035198974991417,-0.0007905437012331578,0.038848407514308674,TAUTOLOG,0,0,0,INCONCLUSIVE-kernel-disagree,0
3000,0.5,198,0.10328524369813213,0.049535717092599706,0.1912564270059256,ADDS-BEYOND,1,1,0.017627488462730777,-0.0023040345121851285,0.03894454187077158,TAUTOLOG,0,0,0,INCONCLUSIVE-kernel-disagree,0.0954545891966864,0.04252474488474574,0.19621303485977362,ADDS-BEYOND,1,1,0.011702754344340925,-0.007961291478994504,0.03280754362323875,TAUTOLOG,0,0,0,INCONCLUSIVE-kernel-disagree,0
3000,0.5,199,0.07991240129555247,0.037856094766769675,0.13836295827857056,ADDS-BEYOND,1,1,0.00912179697703984,-0.011622447546351387,0.030856317776116127,TAUTOLOG,0,0,0,INCONCLUSIVE-kernel-disagree,0.07943913991477322,0.0348281850538354,0.1351668752000717,ADDS-BEYOND,1,1,0.008564655613348291,-0.01248701312263498,0.030420258610183028,TAUTOLOG,0,0,0,INCONCLUSIVE-kernel-disagree,0
3000,0.9,0,0.18268563667931595,0.13267108747405296,0.2314469967700198,ADDS-BEYOND,1,1,0.0013575677895284006,-0.02005564454261368,0.02335748029860493,TAUTOLOG,0,0,0,INCONCLUSIVE-kernel-disagree,0.18423096101324368,0.12994843887930854,0.23029035882125973,ADDS-BEYOND,1,1,0.001901709188067144,-0.018376675746061864,0.02293435510825196,TAUTOLOG,0,0,0,INCONCLUSIVE-kernel-disagree,0
3000,0.9,1,0.15308843401427968,0.10871601869717738,0.22857044429336892,ADDS-BEYOND,1,1,0.01861641438328327,-0.00228010803678798,0.04014299124210937,TAUTOLOG,0,0,0,INCONCLUSIVE-kernel-disagree,0.14973920438513527,0.10546366221658643,0.2284354567393822,ADDS-BEYOND,1,1,0.016115778229247712,-0.003507652802932051,0.03649160170917075,TAUTOLOG,0,0,0,INCONCLUSIVE-kernel-disagree,0
3000,0.9,2,0.12617439034932687,0.05995943835561588,0.2217843874536597,ADDS-BEYOND,1,1,0.002449100577894088,-0.019932988439674608,0.024177295256469094,TAUTOLOG,0,0,0,INCONCLUSIVE-kernel-disagree,0.15637566498095912,0.0554245247142771,0.21565336657302367,ADDS-BEYOND,1,1,-0.0012763180073233835,-0.022338744381588876,0.019304428485035757,TAUTOLOG,0,0,0,INCONCLUSIVE-kernel-disagree,0
3000,0.9,3,0.15260029372964534,0.09998732835003665,0.23198255015080912,ADDS-BEYOND,1,1,0.014343604408238854,-0.005773871685688308,0.03555351851841157,TAUTOLOG,0,0,0,INCONCLUSIVE-kernel-disagree,0.15135894457340437,0.09803701084639761,0.22754930147842975,ADDS-BEYOND,1,1,0.013786463044547309,-0.0054538322847288625,0.03449254291792559,TAUTOLOG,0,0,0,INCONCLUSIVE-kernel-disagree,0
3000,0.9,4,0.14278915784344753,0.08193165019032654,0.20470911366982106,ADDS-BEYOND,1,1,0.014311104495356849,-0.007974980638197217,0.0367671883567342,TAUTOLOG,0,0,0,INCONCLUSIVE-kernel-disagree,0.1393544722514911,0.07857628563224532,0.20164007897510464,ADDS-BEYOND,1,1,0.012171217374311568,-0.009475074828035444,0.03428579326693151,TAUTOLOG,0,0,0,INCONCLUSIVE-kernel-disagree,0
3000,0.9,5,0.15313772599516745,0.09394849207108462,0.19549011116970627,ADDS-BEYOND,1,1,0.0050045222993593125,-0.014458503400761618,0.026125578355818694,TAUTOLOG,0,0,0,INCONCLUSIVE-kernel-disagree,0.1598227217746482,0.10328123392599924,0.20017505906691097,ADDS-BEYOND,1,1,0.008818154933827945,-0.010554249665586555,0.028974251481597654,TAUTOLOG,0,0,0,INCONCLUSIVE-kernel-disagree,0
3000,0.9,6,0.05369067220428356,0.007958305433646987,0.10075119603331091,ADDS-BEYOND,1,1,0.010914399314717388,-0.009509618043745702,0.030827078814442584,TAUTOLOG,0,0,0,INCONCLUSIVE-kernel-disagree,0.05134412289779158,0.0028353463081591656,0.09736637602220291,ADDS-BEYOND,1,1,0.006811517455598894,-0.013113270074464235,0.02523011360065492,TAUTOLOG,0,0,0,INCONCLUSIVE-kernel-disagree,0
3000,0.9,7,0.17512276763989515,0.09967872733964638,0.24013904133053782,ADDS-BEYOND,1,1,0.016999311575168555,-0.0039936999179732615,0.03896019374714007,TAUTOLOG,0,0,0,INCONCLUSIVE-kernel-disagree,0.1737879094349181,0.09949889536963497,0.2427603166332202,ADDS-BEYOND,1,1,0.015488065626155238,-0.004409954721209755,0.03672012595715916,TAUTOLOG,0,0,0,INCONCLUSIVE-kernel-disagree,0
3000,0.9,8,0.20027497135486014,0.1156701957291369,0.27874398864593597,ADDS-BEYOND,1,1,0.01712373981305967,-0.0038573051164310663,0.037645224718237065,TAUTOLOG,0,0,0,INCONCLUSIVE-kernel-disagree,0.20179760089461826,0.11560557890146865,0.28270297737974004,ADDS-BEYOND,1,1,0.01854445029047311,4.998814657949671e-05,0.037779487686664566,ADDS-BEYOND,1,1,1,ADDS-BEYOND,0
3000,0.9,9,0.1421635549359696,0.06558649830851643,0.20441060441942693,ADDS-BEYOND,1,1,0.019462804971624677,-0.001038960449772041,0.041341495399346284,TAUTOLOG,0,0,0,INCONCLUSIVE-kernel-disagree,0.14096718147336834,0.0647149887241728,0.2001255298868243,ADDS-BEYOND,1,1,0.01862895006396633,-0.0003707697548529625,0.039029298542970284,TAUTOLOG,0,0,0,INCONCLUSIVE-kernel-disagree,0
3000,0.9,10,0.2135276683572117,0.1310204055558744,0.26672282795128727,ADDS-BEYOND,1,1,0.014650960727208692,-0.006971916075820623,0.03629956961587017,TAUTOLOG,0,0,0,INCONCLUSIVE-kernel-disagree,0.1999565009800418,0.12145459891939832,0.26271202501213337,ADDS-BEYOND,1,1,0.008760583659579818,-0.012702626553363617,0.02877226141554586,TAUTOLOG,0,0,0,INCONCLUSIVE-kernel-disagree,0
3000,0.9,11,0.17139439662266798,0.1086402366771449,0.22766080350344414,ADDS-BEYOND,1,1,0.03275341220248651,0.011587704448250202,0.05520738575999179,ADDS-BEYOND,1,1,1,ADDS-BEYOND,0.1695037755507863,0.10620846065845896,0.22568556710413515,ADDS-BEYOND,1,1,0.030304775909062165,0.010396638924775438,0.05150871450057177,ADDS-BEYOND,1,1,1,ADDS-BEYOND,1
3000,0.9,12,0.18813320583277712,0.14606756458771664,0.25478689463820475,ADDS-BEYOND,1,1,0.029927776919630885,0.007086021181447127,0.051252594150242116,ADDS-BEYOND,1,1,1,ADDS-BEYOND,0.18463946432124648,0.14336217809464594,0.25311655515490455,ADDS-BEYOND,1,1,0.02488332615587368,0.00365462158490286,0.045197959884930854,ADDS-BEYOND,1,1,1,ADDS-BEYOND,1
3000,0.9,13,0.09478510910362778,0.05205043087609082,0.1573160036916253,ADDS-BEYOND,1,1,0.025784966596114494,0.004562703293251934,0.04643295475673,ADDS-BEYOND,1,1,1,ADDS-BEYOND,0.09373866017221075,0.05444092072674726,0.15393842601184513,ADDS-BEYOND,1,1,0.025106182701350295,0.005057618208252396,0.04518112162491718,ADDS-BEYOND,1,1,1,ADDS-BEYOND,1
3000,0.9,14,0.11733026433914932,0.0558582185407221,0.20915054638530176,ADDS-BEYOND,1,1,0.03154348687433637,0.011795025369576351,0.05167862679466048,ADDS-BEYOND,1,1,1,ADDS-BEYOND,0.10019043315345073,0.05229704903563132,0.1964467431320548,ADDS-BEYOND,1,1,0.02706778458601428,0.007934567712470647,0.04630395427729473,ADDS-BEYOND,1,1,1,ADDS-BEYOND,1
3000,0.9,15,0.13101174904225016,0.07674158942663657,0.24392620925679778,ADDS-BEYOND,1,1,0.005082986374745872,-0.017159689014217314,0.026123329222425815,TAUTOLOG,0,0,0,INCONCLUSIVE-kernel-disagree,0.11550845967294099,0.0623904100064482,0.23084075346264385,ADDS-BEYOND,1,1,-0.0023242080555332333,-0.023156551610168323,0.017840861203540916,TAUTOLOG,0,0,0,INCONCLUSIVE-kernel-disagree,0
3000,0.9,16,0.16409956761240796,0.10900379029957626,0.23829392104467545,ADDS-BEYOND,1,1,0.02050512360619761,-6.529092609369459e-05,0.0430330840407027,TAUTOLOG,0,0,0,INCONCLUSIVE-kernel-disagree,0.16167100456578173,0.11006814108525226,0.23731578169498074,ADDS-BEYOND,1,1,0.018449271974175806,-0.0015838535486903552,0.040112378648534855,TAUTOLOG,0,0,0,INCONCLUSIVE-kernel-disagree,0
3000,0.9,17,0.22443732133801952,0.13691188450947445,0.3052866073416371,ADDS-BEYOND,1,1,0.03689436538812393,0.015376228098474744,0.059939531066811116,ADDS-BEYOND,1,1,1,ADDS-BEYOND,0.23058242855990183,0.127428085701707,0.2997630558944812,ADDS-BEYOND,1,1,0.03235737754979577,0.010727525891371105,0.053679141280938085,ADDS-BEYOND,1,1,1,ADDS-BEYOND,1
3000,0.9,18,0.2002599731836569,0.1057693593066049,0.3378679158349184,ADDS-BEYOND,1,1,0.027929496561857208,0.007189578720552424,0.04898646594697883,ADDS-BEYOND,1,1,1,ADDS-BEYOND,0.2016794381541828,0.10906397707073885,0.33679492327520655,ADDS-BEYOND,1,1,0.029723956037413728,0.009521444520107376,0.04953423984361207,ADDS-BEYOND,1,1,1,ADDS-BEYOND,1
3000,0.9,19,0.18539000379885928,0.1048104349053726,0.2368384149793561,ADDS-BEYOND,1,1,0.030802488860626615,0.009506163170994078,0.05208257916371445,ADDS-BEYOND,1,1,1,ADDS-BEYOND,0.1848384487848702,0.10510456734121602,0.2351640439645882,ADDS-BEYOND,1,1,0.029319099979797873,0.008424688132967708,0.04916731269453593,ADDS-BEYOND,1,1,1,ADDS-BEYOND,1
3000,0.9,20,0.15660790006341088,0.09719922903092328,0.27852049613348917,ADDS-BEYOND,1,1,0.04622787608336655,0.024958174893513606,0.06763612733549418,ADDS-BEYOND,1,1,1,ADDS-BEYOND,0.1493607046064146,0.08987642793774124,0.27260171809274464,ADDS-BEYOND,1,1,0.0388202173686177,0.01772582286950813,0.05913380470282816,ADDS-BEYOND,1,1,1,ADDS-BEYOND,1
3000,0.9,21,0.14818606038226223,0.08499931850135575,0.261584717017874,ADDS-BEYOND,1,1,0.02117230038921824,0.0027217695995711954,0.0405866824858376,ADDS-BEYOND,1,1,1,ADDS-BEYOND,0.14390981625783145,0.07727436832415673,0.2517762303037007,ADDS-BEYOND,1,1,0.016100921126215938,-0.0013763787097200548,0.034418747698710866,TAUTOLOG,0,0,0,INCONCLUSIVE-kernel-disagree,0
3000,0.9,22,0.14685599977957636,0.05878945775060223,0.21941280258573495,ADDS-BEYOND,1,1,0.03128813041597774,0.009253402211330876,0.053462145149313335,ADDS-BEYOND,1,1,1,ADDS-BEYOND,0.14388756864712296,0.05537925879836203,0.21226525476466046,ADDS-BEYOND,1,1,0.027836639667908614,0.006740398081345999,0.049782785572371535,ADDS-BEYOND,1,1,1,ADDS-BEYOND,1
3000,0.9,23,0.17507187310912364,0.1331526973641472,0.24692524997609003,ADDS-BEYOND,1,1,0.02670471413067529,0.003961208571156673,0.0482080317505685,ADDS-BEYOND,1,1,1,ADDS-BEYOND,0.17470206103318167,0.13352481168890004,0.249288456025013,ADDS-BEYOND,1,1,0.02611182286281354,0.004945465901347453,0.0474001033545434,ADDS-BEYOND,1,1,1,ADDS-BEYOND,1
3000,0.9,24,0.18229153029681322,0.09724527211822306,0.3231185433554536,ADDS-BEYOND,1,1,0.03739207833968838,0.015721912371510206,0.058415185217121836,ADDS-BEYOND,1,1,1,ADDS-BEYOND,0.169053072072664,0.08519273180768207,0.31133071113053273,ADDS-BEYOND,1,1,0.026342107959806044,0.005610595304483796,0.046843575297533455,ADDS-BEYOND,1,1,1,ADDS-BEYOND,1
3000,0.9,25,0.20181683937317674,0.10743001207647973,0.320582725849886,ADDS-BEYOND,1,1,0.06006401756617635,0.039072631998234846,0.08292752426962663,ADDS-BEYOND,1,1,1,ADDS-BEYOND,0.19030007024993154,0.10194768772248963,0.30404899397344914,ADDS-BEYOND,1,1,0.05067200702774612,0.029525052095819137,0.07223141032753926,ADDS-BEYOND,1,1,1,ADDS-BEYOND,1
3000,0.9,26,0.15653019533347828,0.07829231075786741,0.22984876001958152,ADDS-BEYOND,1,1,0.012931715335750528,-0.006911452894883053,0.03392423986687804,TAUTOLOG,0,0,0,INCONCLUSIVE-kernel-disagree,0.1546144621321182,0.07727242183702475,0.22981697908252366,ADDS-BEYOND,1,1,0.0119251466053478,-0.008188875749730675,0.031166662786990047,TAUTOLOG,0,0,0,INCONCLUSIVE-kernel-disagree,0
3000,0.9,27,0.12343300438769005,0.07770282566027965,0.19513491672401712,ADDS-BEYOND,1,1,0.018323450882875465,-0.0029064965809080068,0.03942033057211303,TAUTOLOG,0,0,0,INCONCLUSIVE-kernel-disagree,0.11784007041298342,0.07101930241072674,0.1911721664789688,ADDS-BEYOND,1,1,0.014034855235859789,-0.006460005464789304,0.03523226528382016,TAUTOLOG,0,0,0,INCONCLUSIVE-kernel-disagree,0
3000,0.9,28,0.215102543562613,0.10990891625022063,0.2770900507459311,ADDS-BEYOND,1,1,0.03226962778501435,0.009946578839357166,0.053557520447518624,ADDS-BEYOND,1,1,1,ADDS-BEYOND,0.21193030034519128,0.10656381391923983,0.2719998910853893,ADDS-BEYOND,1,1,0.02973092030445987,0.008977722960781014,0.04988098755524349,ADDS-BEYOND,1,1,1,ADDS-BEYOND,1
3000,0.9,29,0.17256202462922876,0.12554846925208965,0.22639386311986198,ADDS-BEYOND,1,1,0.035036298940212623,0.013483006444161725,0.05660792859623381,ADDS-BEYOND,1,1,1,ADDS-BEYOND,0.164140321907874,0.11715021804782079,0.21622821830545985,ADDS-BEYOND,1,1,0.026976784829944665,0.006668264982133106,0.04845583538792704,ADDS-BEYOND,1,1,1,ADDS-BEYOND,1
3000,0.9,30,0.20157931196396647,0.10556889283772969,0.26830411289279893,ADDS-BEYOND,1,1,0.02724792696027455,0.0055447953532116265,0.047726784358548484,ADDS-BEYOND,1,1,1,ADDS-BEYOND,0.2000892550896999,0.10319201772085028,0.26513081402831085,ADDS-BEYOND,1,1,0.026066322984778727,0.005879117083549662,0.047193925761250116,ADDS-BEYOND,1,1,1,ADDS-BEYOND,1
3000,0.9,31,0.19952980529650985,0.1194459625608617,0.2599720767922714,ADDS-BEYOND,1,1,0.027620747389478142,0.006713414382100492,0.047707500616317663,ADDS-BEYOND,1,1,1,ADDS-BEYOND,0.19690129406399068,0.1127236667965381,0.25746223712271066,ADDS-BEYOND,1,1,0.025503145922980523,0.005441972990472665,0.04445152257292046,ADDS-BEYOND,1,1,1,ADDS-BEYOND,1
3000,0.9,32,0.226766348690167,0.11220885241986171,0.29206033012127697,ADDS-BEYOND,1,1,0.043637633026670605,0.02240017861395989,0.06658528729129119,ADDS-BEYOND,1,1,1,ADDS-BEYOND,0.21916388566240388,0.10229712966940632,0.28644488244405364,ADDS-BEYOND,1,1,0.03675461576273129,0.015713948578846223,0.05774831356246143,ADDS-BEYOND,1,1,1,ADDS-BEYOND,1
3000,0.9,33,0.15558212785626518,0.1144545222316306,0.22065265693561856,ADDS-BEYOND,1,1,0.04451002354531762,0.02294531085816025,0.06765110474162364,ADDS-BEYOND,1,1,1,ADDS-BEYOND,0.15756361485320733,0.11737819041496855,0.2207708123477625,ADDS-BEYOND,1,1,0.04624830460003524,0.0261170952114633,0.0676663927745416,ADDS-BEYOND,1,1,1,ADDS-BEYOND,1
3000,0.9,34,0.2694234895737773,0.17597708217501318,0.3265368885581184,ADDS-BEYOND,1,1,0.04969283108105822,0.02689789307433936,0.07219352271712771,ADDS-BEYOND,1,1,1,ADDS-BEYOND,0.267883705254729,0.18156646643836527,0.3243938579314121,ADDS-BEYOND,1,1,0.04731476602703481,0.026519478061171716,0.06804492215647698,ADDS-BEYOND,1,1,1,ADDS-BEYOND,1
3000,0.9,35,0.08700503275922902,0.043847544575226764,0.14614730121730052,ADDS-BEYOND,1,1,0.006512518257084431,-0.014643964213508604,0.0264934205317801,TAUTOLOG,0,0,0,INCONCLUSIVE-kernel-disagree,0.0877151091201871,0.04750081161808586,0.14586602479438396,ADDS-BEYOND,1,1,0.007247480572687529,-0.013161203030631138,0.026621345142080914,TAUTOLOG,0,0,0,INCONCLUSIVE-kernel-disagree,0
3000,0.9,36,0.17862626084756228,0.12508565170120783,0.25401191159473224,ADDS-BEYOND,1,1,0.025654038375646983,0.0030517222142371243,0.04646013180521364,ADDS-BEYOND,1,1,1,ADDS-BEYOND,0.18167288515596608,0.12620677512742492,0.2618671494017197,ADDS-BEYOND,1,1,0.029341385634345532,0.00825497792028666,0.04893325859134195,ADDS-BEYOND,1,1,1,ADDS-BEYOND,1
3000,0.9,37,0.20983894461718078,0.06555620642363942,0.29335773516212904,ADDS-BEYOND,1,1,0.04337995514596326,0.021658665132449857,0.06484268108382434,ADDS-BEYOND,1,1,1,ADDS-BEYOND,0.20495521703075933,0.06252685310821993,0.29160179674137354,ADDS-BEYOND,1,1,0.03627408133654734,0.01585942289620382,0.0581057400113668,ADDS-BEYOND,1,1,1,ADDS-BEYOND,1
3000,0.9,38,0.10421979240239734,0.054130257134875424,0.15861348375564732,ADDS-BEYOND,1,1,-0.012453502331915283,-0.033882822272007874,0.009731934697268163,TAUTOLOG,0,0,0,INCONCLUSIVE-kernel-disagree,0.104081135000605,0.05604458335389138,0.16103770973122455,ADDS-BEYOND,1,1,-0.012624359016780693,-0.03298276827023762,0.008379326291604592,TAUTOLOG,0,0,0,INCONCLUSIVE-kernel-disagree,0
3000,0.9,39,0.20287349300523955,0.15180650513638067,0.2540777602548321,ADDS-BEYOND,1,1,0.020197767287227775,-0.0002998551178315204,0.04330822772124597,TAUTOLOG,0,0,0,INCONCLUSIVE-kernel-disagree,0.2043449921065235,0.15294871083650494,0.2568289147672753,ADDS-BEYOND,1,1,0.022147297775678445,0.0020647508281455475,0.04425867010470422,ADDS-BEYOND,1,1,1,ADDS-BEYOND,0
3000,0.9,40,0.1782432932988452,0.1268699771491836,0.26297062761945234,ADDS-BEYOND,1,1,0.053378785486347544,0.03242403962757754,0.07573429553359394,ADDS-BEYOND,1,1,1,ADDS-BEYOND,0.17676231790699265,0.12396895781425338,0.2667411377348865,ADDS-BEYOND,1,1,0.05195157502635771,0.03084935923907435,0.07161323077169118,ADDS-BEYOND,1,1,1,ADDS-BEYOND,1
3000,0.9,41,0.18429193320521461,0.12153433627018609,0.28677803172677163,ADDS-BEYOND,1,1,0.019940089406520436,-0.00016178226056788527,0.03995855099934999,TAUTOLOG,0,0,0,INCONCLUSIVE-kernel-disagree,0.19348062745998307,0.12045158489708652,0.28421301435411295,ADDS-BEYOND,1,1,0.017849416439267907,-0.0009016940236206555,0.03882331845110371,TAUTOLOG,0,0,0,INCONCLUSIVE-kernel-disagree,0
3000,0.9,42,0.23486567344669754,0.17252855322584829,0.313748068413993,ADDS-BEYOND,1,1,0.0400728568679842,0.017783710589331043,0.06302039558405799,ADDS-BEYOND,1,1,1,ADDS-BEYOND,0.23486711649401773,0.171671113170414,0.3142270247200108,ADDS-BEYOND,1,1,0.03515701290234579,0.013769669729048957,0.056780341513018556,ADDS-BEYOND,1,1,1,ADDS-BEYOND,1
3000,0.9,43,0.1109185939732974,0.05958544943802611,0.21997001551898726,ADDS-BEYOND,1,1,0.04040342741044118,0.02068979705061842,0.06269136329122178,ADDS-BEYOND,1,1,1,ADDS-BEYOND,0.10992231792890748,0.057658098854656205,0.2122530443621952,ADDS-BEYOND,1,1,0.039433537153148145,0.019664155672173448,0.061443568129895945,ADDS-BEYOND,1,1,1,ADDS-BEYOND,1
3000,0.9,44,0.19915110113254664,0.14035057861086653,0.26824570899077615,ADDS-BEYOND,1,1,0.04119596100029241,0.020959697708964616,0.06344305978473996,ADDS-BEYOND,1,1,1,ADDS-BEYOND,0.19086746157830528,0.1343976978095576,0.25906658260061216,ADDS-BEYOND,1,1,0.03450515750682668,0.01461998197534476,0.05606794008117085,ADDS-BEYOND,1,1,1,ADDS-BEYOND,1
3000,0.9,45,0.22554308689526056,0.11955202238132989,0.29017719015109084,ADDS-BEYOND,1,1,0.04339434796452529,0.021542053011007214,0.06551204280512374,ADDS-BEYOND,1,1,1,ADDS-BEYOND,0.21974207267583748,0.1146696832801057,0.2777092646675441,ADDS-BEYOND,1,1,0.03907278812015787,0.019409100747060936,0.059178033160822034,ADDS-BEYOND,1,1,1,ADDS-BEYOND,1
3000,0.9,46,0.1701355911400906,0.11735085419991727,0.24887507189743419,ADDS-BEYOND,1,1,0.016532705683076885,-0.0037874720669446673,0.0387239113877123,TAUTOLOG,0,0,0,INCONCLUSIVE-kernel-disagree,0.16942348433773458,0.11605670158796891,0.24651316439477575,ADDS-BEYOND,1,1,0.01499499551928822,-0.004982775791562315,0.03629099165664491,TAUTOLOG,0,0,0,INCONCLUSIVE-kernel-disagree,0
3000,0.9,47,0.14735311923088942,0.0780906594713539,0.2620739271034309,ADDS-BEYOND,1,1,0.05097379193307904,0.029292199206068393,0.07303721329077496,ADDS-BEYOND,1,1,1,ADDS-BEYOND,0.1358089366639081,0.06608724073585165,0.24658992250108344,ADDS-BEYOND,1,1,0.04145085317418129,0.021831583478429423,0.06187461053333033,ADDS-BEYOND,1,1,1,ADDS-BEYOND,1
3000,0.9,48,0.19532094030509656,0.09733872138608589,0.249698116151221,ADDS-BEYOND,1,1,0.01917402003144456,-0.0024865906043600536,0.04106515029615477,TAUTOLOG,0,0,0,INCONCLUSIVE-kernel-disagree,0.1953496297009419,0.10251169936528587,0.24855192412640656,ADDS-BEYOND,1,1,0.019330483897747934,-0.0018029147377851896,0.03921717181018255,TAUTOLOG,0,0,0,INCONCLUSIVE-kernel-disagree,0
3000,0.9,49,0.1493066124061627,0.08539648612692372,0.2586376390966346,ADDS-BEYOND,1,1,0.03779786296624371,0.014142212358072129,0.05798326198465675,ADDS-BEYOND,1,1,1,ADDS-BEYOND,0.14060393017067424,0.07827598575623751,0.26192413512316975,ADDS-BEYOND,1,1,0.03567515437057892,0.013292682018069525,0.05526527031058634,ADDS-BEYOND,1,1,1,ADDS-BEYOND,1
3000,0.9,50,0.17001631791860133,0.09602275728871396,0.23159481230436926,ADDS-BEYOND,1,1,0.037026222177530925,0.015248047507912341,0.05780902606296966,ADDS-BEYOND,1,1,1,ADDS-BEYOND,0.17032711907572679,0.09342990407893106,0.2300678527058193,ADDS-BEYOND,1,1,0.03722354307717168,0.016216212676669943,0.05731415648006744,ADDS-BEYOND,1,1,1,ADDS-BEYOND,1
3000,0.9,51,0.2445756097551612,0.15056253748043572,0.3284335566826853,ADDS-BEYOND,1,1,0.041209889534384696,0.020029501188603173,0.06163843304234121,ADDS-BEYOND,1,1,1,ADDS-BEYOND,0.23815701632305863,0.1359219804384663,0.3182322985907889,ADDS-BEYOND,1,1,0.03354919578362593,0.013658736389812994,0.05263911524624442,ADDS-BEYOND,1,1,1,ADDS-BEYOND,1
3000,0.9,52,0.12932158644701294,0.06551909910406384,0.23937704084807215,ADDS-BEYOND,1,1,0.010035973097963717,-0.011382421382366704,0.0333495792135623,TAUTOLOG,0,0,0,INCONCLUSIVE-kernel-disagree,0.1276439641216807,0.06647450842895271,0.238955109626341,ADDS-BEYOND,1,1,0.008329263387188614,-0.011405831954013962,0.02946785943264881,TAUTOLOG,0,0,0,INCONCLUSIVE-kernel-disagree,0
3000,0.9,53,0.22590327173012165,0.13634225472995515,0.28968374556234294,ADDS-BEYOND,1,1,0.03267959097179738,0.010815240259217578,0.05257015771907535,ADDS-BEYOND,1,1,1,ADDS-BEYOND,0.20913516760080297,0.1311335563628095,0.28177071820795596,ADDS-BEYOND,1,1,0.026434964853754635,0.0070765742598617,0.046418201147835306,ADDS-BEYOND,1,1,1,ADDS-BEYOND,1
3000,0.9,54,0.20283643452599817,0.11573558944208327,0.2594997109050952,ADDS-BEYOND,1,1,0.02537407484039198,0.003754085706202805,0.0461543786273066,ADDS-BEYOND,1,1,1,ADDS-BEYOND,0.19875096747759938,0.10768053211107569,0.2528026090319601,ADDS-BEYOND,1,1,0.021403049770680485,0.0010356355062406404,0.04177575676618352,ADDS-BEYOND,1,1,1,ADDS-BEYOND,1
3000,0.9,55,0.17959071088610806,0.11948361672965294,0.24046156375418468,ADDS-BEYOND,1,1,0.019688911508389497,-0.0021693253240162606,0.04059448941045218,TAUTOLOG,0,0,0,INCONCLUSIVE-kernel-disagree,0.1849030964528729,0.12884902925801295,0.24878489769867493,ADDS-BEYOND,1,1,0.02497293305853407,0.00435779303606971,0.045676922251454206,ADDS-BEYOND,1,1,1,ADDS-BEYOND,0
3000,0.9,56,0.2565036270968484,0.14673974785590033,0.31479375509381285,ADDS-BEYOND,1,1,0.05185871813240911,0.03125561790864306,0.07440471377783377,ADDS-BEYOND,1,1,1,ADDS-BEYOND,0.25545514507981754,0.14735685687667802,0.31190454370272847,ADDS-BEYOND,1,1,0.05064182853721283,0.030048085694506343,0.07133681841702699,ADDS-BEYOND,1,1,1,ADDS-BEYOND,1
3000,0.9,57,0.12478015683097321,0.07379448354853838,0.18926057860073314,ADDS-BEYOND,1,1,0.03528051257129741,0.012689749681559271,0.05647127653193087,ADDS-BEYOND,1,1,1,ADDS-BEYOND,0.12125217977856698,0.06906203507453776,0.1967050677792523,ADDS-BEYOND,1,1,0.029129207631673003,0.0075438000866494825,0.049186744160808156,ADDS-BEYOND,1,1,1,ADDS-BEYOND,1
3000,0.9,58,0.16136974953620586,0.09350503850850178,0.21694662600905876,ADDS-BEYOND,1,1,0.02955634934383652,0.007609877530144114,0.050867848814510924,ADDS-BEYOND,1,1,1,ADDS-BEYOND,0.1547080262393234,0.08978418612631371,0.21386855205603789,ADDS-BEYOND,1,1,0.024358220420594396,0.003056203614716874,0.04531408002409943,ADDS-BEYOND,1,1,1,ADDS-BEYOND,1
3000,0.9,59,0.14541613288496863,0.07764991995062505,0.2229272953932117,ADDS-BEYOND,1,1,0.016096742565988253,-0.004702222482837486,0.03716907480877245,TAUTOLOG,0,0,0,INCONCLUSIVE-kernel-disagree,0.1455328027545713,0.0786622378492419,0.2215639894195335,ADDS-BEYOND,1,1,0.016821490623257006,-0.0030595556941400153,0.03800535923568299,TAUTOLOG,0,0,0,INCONCLUSIVE-kernel-disagree,0
3000,0.9,60,0.21320416031566333,0.15288438998177184,0.2677050546817358,ADDS-BEYOND,1,1,0.030590775142423827,0.007719788233496382,0.05349638578337316,ADDS-BEYOND,1,1,1,ADDS-BEYOND,0.2108889904131277,0.15347114062175685,0.2662064763482545,ADDS-BEYOND,1,1,0.029249457309336428,0.007905838419340033,0.052185072160174,ADDS-BEYOND,1,1,1,ADDS-BEYOND,1
3000,0.9,61,0.1431960165387493,0.08507048952081442,0.22621770365504423,ADDS-BEYOND,1,1,0.016020135628480665,-0.005599295831572995,0.038845641448002954,TAUTOLOG,0,0,0,INCONCLUSIVE-kernel-disagree,0.14321535289480636,0.08574934346819005,0.2258868589939381,ADDS-BEYOND,1,1,0.016037314153861157,-0.0035869739511610777,0.03847055642601737,TAUTOLOG,0,0,0,INCONCLUSIVE-kernel-disagree,0
3000,0.9,62,0.14245846096558618,0.10493999664376082,0.20944110476672587,ADDS-BEYOND,1,1,0.010644185753326988,-0.009637988983996747,0.03309281293502345,TAUTOLOG,0,0,0,INCONCLUSIVE-kernel-disagree,0.14859773398182774,0.10634073709659721,0.20859111031938352,ADDS-BEYOND,1,1,0.01180071836745669,-0.007728689301450407,0.033077043008073924,TAUTOLOG,0,0,0,INCONCLUSIVE-kernel-disagree,0
3000,0.9,63,0.1568567449601225,0.10360074555642829,0.2839709554980156,ADDS-BEYOND,1,1,0.02343336575686643,0.0019359810310604461,0.04392261085453935,ADDS-BEYOND,1,1,1,ADDS-BEYOND,0.16710989146992616,0.11018872854544091,0.2981045736423889,ADDS-BEYOND,1,1,0.031812771866787284,0.011000294303132306,0.052426713211881026,ADDS-BEYOND,1,1,1,ADDS-BEYOND,1
3000,0.9,64,0.21906412287342047,0.15263046683057996,0.25901495459497287,ADDS-BEYOND,1,1,0.025230610939241407,0.004748882386022639,0.046442812231705134,ADDS-BEYOND,1,1,1,ADDS-BEYOND,0.22067369930823183,0.15674631166678216,0.26311973148822126,ADDS-BEYOND,1,1,0.026762285404923418,0.005958558648027329,0.04595980017882005,ADDS-BEYOND,1,1,1,ADDS-BEYOND,1
3000,0.9,65,0.17931280708145594,0.11524282250180344,0.26903038667433776,ADDS-BEYOND,1,1,0.02621164402380827,0.004503135378482224,0.04754366115770268,ADDS-BEYOND,1,1,1,ADDS-BEYOND,0.18758364824429052,0.12685880865971502,0.274390999829356,ADDS-BEYOND,1,1,0.030178490533292083,0.009712322725481155,0.051790065918008873,ADDS-BEYOND,1,1,1,ADDS-BEYOND,1
3000,0.9,66,0.23673734690125225,0.18826189816277175,0.299777913280226,ADDS-BEYOND,1,1,0.026699142717038375,0.005520853494284542,0.047572331729833904,ADDS-BEYOND,1,1,1,ADDS-BEYOND,0.23818346574481697,0.1903659897910426,0.3001090026214604,ADDS-BEYOND,1,1,0.027688532922060614,0.007790056412071946,0.047096110729606754,ADDS-BEYOND,1,1,1,ADDS-BEYOND,1
3000,0.9,67,0.18484860893078897,0.10891374423925025,0.2313278739655741,ADDS-BEYOND,1,1,0.03058984657348434,0.010814329566506775,0.05126030713538472,ADDS-BEYOND,1,1,1,ADDS-BEYOND,0.1794680520882592,0.1081547606570636,0.22651641237884151,ADDS-BEYOND,1,1,0.030243490359056095,0.0114827691270194,0.04981569386736408,ADDS-BEYOND,1,1,1,ADDS-BEYOND,1
3000,0.9,68,0.14926839832733668,0.08665572104280148,0.24151342972290044,ADDS-BEYOND,1,1,0.020419230979295166,-0.00028256770035590257,0.04063337361864545,TAUTOLOG,0,0,0,INCONCLUSIVE-kernel-disagree,0.1525926374080546,0.09107546580483722,0.2556686805243107,ADDS-BEYOND,1,1,0.022888760073857945,0.003283005210497121,0.04150532919987485,ADDS-BEYOND,1,1,1,ADDS-BEYOND,0
3000,0.9,69,0.17502615537553068,0.08616938477098612,0.23295602894814538,ADDS-BEYOND,1,1,0.01938434089623812,-0.003009864405301003,0.04102598135259445,TAUTOLOG,0,0,0,INCONCLUSIVE-kernel-disagree,0.17335972923668796,0.08840765465764733,0.22949304230063,ADDS-BEYOND,1,1,0.017518381612341184,-0.0024994972072380993,0.03873316331385168,TAUTOLOG,0,0,0,INCONCLUSIVE-kernel-disagree,0
3000,0.9,70,0.16153602394201544,0.10827110924171095,0.21892483030436888,ADDS-BEYOND,1,1,0.007648622354545442,-0.012495165282972861,0.028669675056360686,TAUTOLOG,0,0,0,INCONCLUSIVE-kernel-disagree,0.16405246425621944,0.11164064776956958,0.2220378447136006,ADDS-BEYOND,1,1,0.009149189760754673,-0.011686403927650812,0.02925012184535903,TAUTOLOG,0,0,0,INCONCLUSIVE-kernel-disagree,0
3000,0.9,71,0.17865509944653007,0.13028089380628233,0.26399261336310537,ADDS-BEYOND,1,1,0.012610430482688404,-0.007850960864534573,0.034850623469827376,TAUTOLOG,0,0,0,INCONCLUSIVE-kernel-disagree,0.1812007133690678,0.13168001251008793,0.2590884717213065,ADDS-BEYOND,1,1,0.012952143852419218,-0.005902912965845271,0.03357421936675675,TAUTOLOG,0,0,0,INCONCLUSIVE-kernel-disagree,0
3000,0.9,72,0.2358671330767089,0.16757641739611204,0.28451417890750286,ADDS-BEYOND,1,1,0.0479912284994503,0.026838976670139215,0.06921770865082194,ADDS-BEYOND,1,1,1,ADDS-BEYOND,0.22619029236313473,0.16307033281138386,0.27561227910545955,ADDS-BEYOND,1,1,0.03773982740752585,0.017252177572155556,0.05744871939034072,ADDS-BEYOND,1,1,1,ADDS-BEYOND,1
3000,0.9,73,0.17965848224059056,0.10832887719961146,0.22725174794901107,ADDS-BEYOND,1,1,0.022487154007530288,0.001956882293026367,0.04545917266447954,ADDS-BEYOND,1,1,1,ADDS-BEYOND,0.17957478156349255,0.11119687809793809,0.2263683203241657,ADDS-BEYOND,1,1,0.022389189984414522,0.0026292012530599,0.044173656715161096,ADDS-BEYOND,1,1,1,ADDS-BEYOND,1
3000,0.9,74,0.1532268455784258,0.0876595161160513,0.2451500767353297,ADDS-BEYOND,1,1,0.018826270963607086,-0.001250120328490373,0.03911066855137605,TAUTOLOG,0,0,0,INCONCLUSIVE-kernel-disagree,0.15904010107280828,0.09403663230496521,0.2455883248978659,ADDS-BEYOND,1,1,0.021583656429410496,0.0009767941742182663,0.04226762856012313,ADDS-BEYOND,1,1,1,ADDS-BEYOND,0
3000,0.9,75,0.1618929830313905,0.08644368443956406,0.26262184940919325,ADDS-BEYOND,1,1,0.032480412934277655,0.010606790643411626,0.05269496382421649,ADDS-BEYOND,1,1,1,ADDS-BEYOND,0.15887447099760682,0.08504485221439063,0.2543068337382718,ADDS-BEYOND,1,1,0.027789746936464577,0.007272190355396014,0.046693532912373104,ADDS-BEYOND,1,1,1,ADDS-BEYOND,1
3000,0.9,76,0.22805263121338978,0.17034448622730075,0.2744784947316787,ADDS-BEYOND,1,1,0.027018106147751787,0.005168784473115153,0.04872041742918703,ADDS-BEYOND,1,1,1,ADDS-BEYOND,0.22837587522318611,0.1654787609447414,0.2735529243648079,ADDS-BEYOND,1,1,0.027489354884540886,0.006710992378254154,0.04841150937057497,ADDS-BEYOND,1,1,1,ADDS-BEYOND,1
3000,0.9,77,0.1658234082904398,0.059451287983585184,0.22969652500150076,ADDS-BEYOND,1,1,0.015430494351907112,-0.005425130539061568,0.03665952393588304,TAUTOLOG,0,0,0,INCONCLUSIVE-kernel-disagree,0.16883698962046648,0.05930906735385201,0.23431684394124533,ADDS-BEYOND,1,1,0.01737677484906958,-0.0024467331754208354,0.037621257338689276,TAUTOLOG,0,0,0,INCONCLUSIVE-kernel-disagree,0
3000,0.9,78,0.21738469101901414,0.16988871135359226,0.25329719039328835,ADDS-BEYOND,1,1,0.01424703323853232,-0.005726688135454878,0.03460636854233279,TAUTOLOG,0,0,0,INCONCLUSIVE-kernel-disagree,0.2083954811689679,0.16152494091828956,0.24744008165679351,ADDS-BEYOND,1,1,0.008176513796643184,-0.011147424840101765,0.02805179122984902,TAUTOLOG,0,0,0,INCONCLUSIVE-kernel-disagree,0
3000,0.9,79,0.19573949732749973,0.10784066523281617,0.26520391471856636,ADDS-BEYOND,1,1,0.017413917606649017,-0.005054299277743272,0.03887372368019404,TAUTOLOG,0,0,0,INCONCLUSIVE-kernel-disagree,0.19745413442271487,0.11078575228515034,0.2653367967709729,ADDS-BEYOND,1,1,0.018824413825728113,-0.0029549998638706164,0.03945899562872229,TAUTOLOG,0,0,0,INCONCLUSIVE-kernel-disagree,0
3000,0.9,80,0.19384346789256607,0.14605859713546895,0.25219094161520467,ADDS-BEYOND,1,1,0.018494771852210615,-0.002443041958007066,0.039834120749412096,TAUTOLOG,0,0,0,INCONCLUSIVE-kernel-disagree,0.19341117221922297,0.14672646831510613,0.24602937985239845,ADDS-BEYOND,1,1,0.017883773490028884,-0.0023256088070433426,0.03784308853834059,TAUTOLOG,0,0,0,INCONCLUSIVE-kernel-disagree,0
3000,0.9,81,0.14621124136620017,0.08768822897284619,0.18272287583371674,ADDS-BEYOND,1,1,0.023173366453810375,0.0031131358572130427,0.044265519698775437,ADDS-BEYOND,1,1,1,ADDS-BEYOND,0.14504253985002694,0.08706807297347828,0.18012850713147635,ADDS-BEYOND,1,1,0.02207904795862623,0.002886225258463485,0.04177433343270094,ADDS-BEYOND,1,1,1,ADDS-BEYOND,1
3000,0.9,82,0.1520312868021786,0.103360671362721,0.22557307006539115,ADDS-BEYOND,1,1,0.014700174881001444,-0.005020446469903135,0.03564209566895978,TAUTOLOG,0,0,0,INCONCLUSIVE-kernel-disagree,0.14851484005334742,0.10208107935998711,0.21912262695246237,ADDS-BEYOND,1,1,0.011063434629504878,-0.00867265766557876,0.031135523305395717,TAUTOLOG,0,0,0,INCONCLUSIVE-kernel-disagree,0
3000,0.9,83,0.2217781178553994,0.1281742657653199,0.28589197777603487,ADDS-BEYOND,1,1,0.03708286488283957,0.014922777647510745,0.060014686196701264,ADDS-BEYOND,1,1,1,ADDS-BEYOND,0.2132263968842309,0.12711656584071027,0.2842618469853537,ADDS-BEYOND,1,1,0.034932299218990194,0.013440058236760932,0.057004866051893366,ADDS-BEYOND,1,1,1,ADDS-BEYOND,1
3000,0.9,84,0.24357835857383492,0.1423167814354486,0.32570125537540423,ADDS-BEYOND,1,1,0.04192256619544013,0.019040193867774714,0.06332026142753519,ADDS-BEYOND,1,1,1,ADDS-BEYOND,0.24067347372346215,0.14166552765343896,0.3273444840732203,ADDS-BEYOND,1,1,0.040350498980890485,0.018924467991917802,0.06057173592195041,ADDS-BEYOND,1,1,1,ADDS-BEYOND,1
3000,0.9,85,0.2038811273540357,0.13524016965094796,0.3092279200338475,ADDS-BEYOND,1,1,0.03735632843551817,0.014541885939397037,0.0571674498383599,ADDS-BEYOND,1,1,1,ADDS-BEYOND,0.19206443977035678,0.12418740172912876,0.29079151618021193,ADDS-BEYOND,1,1,0.02664807142536665,0.0058832998333327065,0.0452190121488449,ADDS-BEYOND,1,1,1,ADDS-BEYOND,1
3000,0.9,86,0.17167310459869944,0.07839052867794848,0.2212313433802917,ADDS-BEYOND,1,1,0.010997506234801377,-0.010289625339310148,0.032198740609602525,TAUTOLOG,0,0,0,INCONCLUSIVE-kernel-disagree,0.17135580960443172,0.07534991230141266,0.22006562395287313,ADDS-BEYOND,1,1,0.010645114322266475,-0.010341356616852168,0.030917011751335693,TAUTOLOG,0,0,0,INCONCLUSIVE-kernel-disagree,0
3000,0.9,87,0.15761616262464062,0.10489204406550522,0.25287489723137063,ADDS-BEYOND,1,1,0.03498662050195012,0.013644221077442224,0.0574711559342312,ADDS-BEYOND,1,1,1,ADDS-BEYOND,0.1575453390742999,0.10688412177028994,0.25436538287713417,ADDS-BEYOND,1,1,0.03537986944782241,0.015306767903678164,0.05625644989638813,ADDS-BEYOND,1,1,1,ADDS-BEYOND,1
3000,0.9,88,0.29461291479186724,0.18168456486603365,0.35469048358884553,ADDS-BEYOND,1,1,0.03855975378109191,0.01645331153954561,0.059631426060579036,ADDS-BEYOND,1,1,1,ADDS-BEYOND,0.29801006272357616,0.18439801616839097,0.35765533792496207,ADDS-BEYOND,1,1,0.04124796086090362,0.020207970550908925,0.06286856543815249,ADDS-BEYOND,1,1,1,ADDS-BEYOND,1
3000,0.9,89,0.24401712257526015,0.16257879641909867,0.3104865272787373,ADDS-BEYOND,1,1,0.014993602665878993,-0.005631009808154177,0.0371668045755908,TAUTOLOG,0,0,0,INCONCLUSIVE-kernel-disagree,0.237681926704253,0.15744315033627485,0.30278060556412423,ADDS-BEYOND,1,1,0.010428293474896514,-0.010374802974842182,0.02908831533595072,TAUTOLOG,0,0,0,INCONCLUSIVE-kernel-disagree,0
3000,0.9,90,0.17361573532926483,0.10767190829304286,0.22681902898135278,ADDS-BEYOND,1,1,0.01649092008080002,-0.004710296146255504,0.038319694167697066,TAUTOLOG,0,0,0,INCONCLUSIVE-kernel-disagree,0.1741224081628373,0.10767177767356935,0.22268749847193364,ADDS-BEYOND,1,1,0.01732198928163991,-0.003029596076485003,0.038092622826739864,TAUTOLOG,0,0,0,INCONCLUSIVE-kernel-disagree,0
3000,0.9,91,0.1524917558361508,0.11098296581334413,0.24115185610917977,ADDS-BEYOND,1,1,0.03422519397157168,0.013528120123579403,0.05490969015727105,ADDS-BEYOND,1,1,1,ADDS-BEYOND,0.1502574214347318,0.10912037349410024,0.24035700867666124,ADDS-BEYOND,1,1,0.03208437828158691,0.011863342180477816,0.052867571375566164,ADDS-BEYOND,1,1,1,ADDS-BEYOND,1
3000,0.9,92,0.22028645049177611,0.16957245374262944,0.2902614765949714,ADDS-BEYOND,1,1,0.04356752607173942,0.022981449440235568,0.06477406962115222,ADDS-BEYOND,1,1,1,ADDS-BEYOND,0.2237254522378833,0.17031437704461916,0.2903533813356626,ADDS-BEYOND,1,1,0.04596694821137101,0.02588961260552275,0.06641384188407498,ADDS-BEYOND,1,1,1,ADDS-BEYOND,1
3000,0.9,93,0.14609263066907008,0.08263044333913314,0.24785483146336765,ADDS-BEYOND,1,1,0.011211077090883138,-0.008211949089846488,0.03197499110186243,TAUTOLOG,0,0,0,INCONCLUSIVE-kernel-disagree,0.14576431765353542,0.08275516275606064,0.24589587028958926,ADDS-BEYOND,1,1,0.010080080122589296,-0.00903194875953115,0.030845731400111865,TAUTOLOG,0,0,0,INCONCLUSIVE-kernel-disagree,0
3000,0.9,94,0.24328172874354434,0.11175022248913537,0.32661943091393797,ADDS-BEYOND,1,1,0.016870704777049758,-0.005873542029429466,0.03820225249965442,TAUTOLOG,0,0,0,INCONCLUSIVE-kernel-disagree,0.22634027928586814,0.10188495526859147,0.3212530150502782,ADDS-BEYOND,1,1,0.01255332349291002,-0.008751836916170389,0.03255951700996667,TAUTOLOG,0,0,0,INCONCLUSIVE-kernel-disagree,0
3000,0.9,95,0.15453982630781007,0.0880537424661664,0.29033835406225644,ADDS-BEYOND,1,1,0.029258742998731286,0.008999238908129474,0.04956205651100173,ADDS-BEYOND,1,1,1,ADDS-BEYOND,0.15361605819394222,0.08657858973279475,0.28957065330845977,ADDS-BEYOND,1,1,0.028554887742600964,0.008465086162339517,0.04883715596897151,ADDS-BEYOND,1,1,1,ADDS-BEYOND,1
3000,0.9,96,0.12372237255864355,0.05383022490848367,0.24844205932117616,ADDS-BEYOND,1,1,0.012343931197055947,-0.009481646471036883,0.034938727498035095,TAUTOLOG,0,0,0,INCONCLUSIVE-kernel-disagree,0.12344342420608781,0.05189968043891827,0.24774234078304527,ADDS-BEYOND,1,1,0.012058860532633772,-0.00746885408389602,0.03260051810315748,TAUTOLOG,0,0,0,INCONCLUSIVE-kernel-disagree,0
3000,0.9,97,0.18209648132470346,0.12463011034025055,0.2872948142139252,ADDS-BEYOND,1,1,0.02990224127379502,0.006944134211031851,0.05283267259507517,ADDS-BEYOND,1,1,1,ADDS-BEYOND,0.18209360587141993,0.12252519785955279,0.285318086992345,ADDS-BEYOND,1,1,0.029322349971086074,0.008540546137753168,0.05094415719769672,ADDS-BEYOND,1,1,1,ADDS-BEYOND,1
3000,0.9,98,0.19389610606123475,0.142462087888917,0.2876844246409186,ADDS-BEYOND,1,1,0.029506206621104283,0.00828335281651485,0.050585910166985465,ADDS-BEYOND,1,1,1,ADDS-BEYOND,0.1924878058439448,0.14170669957577892,0.2840738205084392,ADDS-BEYOND,1,1,0.028437423771756,0.00799922113596126,0.04896765486586271,ADDS-BEYOND,1,1,1,ADDS-BEYOND,1
3000,0.9,99,0.259413570227364,0.14006099828870108,0.3349166761915845,ADDS-BEYOND,1,1,0.03377483803592101,0.011159118804575133,0.05568596738481529,ADDS-BEYOND,1,1,1,ADDS-BEYOND,0.25819916550204397,0.13956872240489981,0.33140391921870765,ADDS-BEYOND,1,1,0.0326981623505871,0.011139810521269554,0.053447383609219114,ADDS-BEYOND,1,1,1,ADDS-BEYOND,1
3000,0.9,100,0.23034606059352614,0.1625240692968456,0.30586635362920067,ADDS-BEYOND,1,1,0.014455496965446908,-0.007198573265386426,0.03430352469983136,TAUTOLOG,0,0,0,INCONCLUSIVE-kernel-disagree,0.22121211949892314,0.1530611151347828,0.2948332719283822,ADDS-BEYOND,1,1,0.005095522055428932,-0.01621350515453011,0.024926189853482505,TAUTOLOG,0,0,0,INCONCLUSIVE-kernel-disagree,0
3000,0.9,101,0.17753927694758548,0.10842915167685147,0.2305965779903386,ADDS-BEYOND,1,1,0.03395173041889308,0.012040727701842243,0.05618255891563027,ADDS-BEYOND,1,1,1,ADDS-BEYOND,0.17503139918120736,0.10573248196968633,0.22856329267938374,ADDS-BEYOND,1,1,0.03169530789594231,0.010775632279095112,0.05392756886893119,ADDS-BEYOND,1,1,1,ADDS-BEYOND,1
3000,0.9,102,0.1717450812220897,0.1201752447042662,0.23671350449300124,ADDS-BEYOND,1,1,0.028125888892558477,0.006267726627034857,0.049820142994180985,ADDS-BEYOND,1,1,1,ADDS-BEYOND,0.17037374033896513,0.11930759910269786,0.23712141013365118,ADDS-BEYOND,1,1,0.026829142368566403,0.006718508409300429,0.0476834002810361,ADDS-BEYOND,1,1,1,ADDS-BEYOND,1
3000,0.9,103,0.21670293331451712,0.08030476764164532,0.30757040492344573,ADDS-BEYOND,1,1,0.01653874138118355,-0.0037075183867345493,0.037349685870717554,TAUTOLOG,0,0,0,INCONCLUSIVE-kernel-disagree,0.20972593361942402,0.08138021341118433,0.305555874494361,ADDS-BEYOND,1,1,0.012663823196708843,-0.006580462904660311,0.03224162832398636,TAUTOLOG,0,0,0,INCONCLUSIVE-kernel-disagree,0
3000,0.9,104,0.1732669186976243,0.10802697473778988,0.23398277589265623,ADDS-BEYOND,1,1,0.04752369403841914,0.027880826471318582,0.0684644521027839,ADDS-BEYOND,1,1,1,ADDS-BEYOND,0.16596317489741988,0.10092965794787667,0.22464021327112807,ADDS-BEYOND,1,1,0.04431873834378352,0.024687878629115947,0.06458590543963574,ADDS-BEYOND,1,1,1,ADDS-BEYOND,1
3000,0.9,105,0.18578374390998337,0.1326948371876539,0.2671632790362949,ADDS-BEYOND,1,1,0.04505880778855379,0.02468859591973819,0.06543777175959899,ADDS-BEYOND,1,1,1,ADDS-BEYOND,0.18527121281469555,0.12913032620026194,0.2693311439837221,ADDS-BEYOND,1,1,0.04410098892747408,0.02423251794227748,0.06465147257974035,ADDS-BEYOND,1,1,1,ADDS-BEYOND,1
3000,0.9,106,0.16003778455333834,0.11509438927288487,0.22620863837656413,ADDS-BEYOND,1,1,0.03076116754281949,0.009325941537943952,0.0514805488055689,ADDS-BEYOND,1,1,1,ADDS-BEYOND,0.15979335691875424,0.11566651225424607,0.22549890638134826,ADDS-BEYOND,1,1,0.030624203624245318,0.010117158688308179,0.05097664434739372,ADDS-BEYOND,1,1,1,ADDS-BEYOND,1
3000,0.9,107,0.22156707218463487,0.15664030429182554,0.2913597722758852,ADDS-BEYOND,1,1,0.04364924013841418,0.021229244264526166,0.06411437300995369,ADDS-BEYOND,1,1,1,ADDS-BEYOND,0.21370256228504794,0.14837360044987447,0.2843217239116424,ADDS-BEYOND,1,1,0.03790418410981486,0.016734502537797638,0.057394077623151164,ADDS-BEYOND,1,1,1,ADDS-BEYOND,1
3000,0.9,108,0.1152417705370071,0.05627252209796753,0.16837859897862986,ADDS-BEYOND,1,1,0.013313821454348979,-0.007904681435227932,0.03470401293860827,TAUTOLOG,0,0,0,INCONCLUSIVE-kernel-disagree,0.11884827162677157,0.05982964996406825,0.1740681054998644,ADDS-BEYOND,1,1,0.016285706345173633,-0.003645290801441155,0.036658430232064394,TAUTOLOG,0,0,0,INCONCLUSIVE-kernel-disagree,0
3000,0.9,109,0.14543178725597,0.09755276761702128,0.1953735633741802,ADDS-BEYOND,1,1,0.007831086151154423,-0.014304023958936065,0.029061451596997735,TAUTOLOG,0,0,0,INCONCLUSIVE-kernel-disagree,0.14208033754503024,0.09702073694176398,0.1929044892791147,ADDS-BEYOND,1,1,0.005747377450948041,-0.013918114150500741,0.026247949365455315,TAUTOLOG,0,0,0,INCONCLUSIVE-kernel-disagree,0
3000,0.9,110,0.2203099478570566,0.1560117872290771,0.32035037805186556,ADDS-BEYOND,1,1,0.04400302490435831,0.019875096158319817,0.06533706806509644,ADDS-BEYOND,1,1,1,ADDS-BEYOND,0.22052562887986754,0.15643713017146257,0.3183870868110462,ADDS-BEYOND,1,1,0.04484570121694178,0.022477240960555585,0.06545706545514245,ADDS-BEYOND,1,1,1,ADDS-BEYOND,1
3000,0.9,111,0.10867522860209171,0.066655045537852,0.16813012063686722,ADDS-BEYOND,1,1,0.024299720577406782,0.0038394286852054087,0.04384053576547162,ADDS-BEYOND,1,1,1,ADDS-BEYOND,0.09922094392110903,0.059835205181399134,0.15718165258365965,ADDS-BEYOND,1,1,0.01488821009124734,-0.004326634551298419,0.03419751411811332,TAUTOLOG,0,0,0,INCONCLUSIVE-kernel-disagree,0
3000,0.9,112,0.17360941267697644,0.10363284300489221,0.3203325746174193,ADDS-BEYOND,1,1,0.03594490364749958,0.013271198227614394,0.05959025914188498,ADDS-BEYOND,1,1,1,ADDS-BEYOND,0.17130923883932672,0.10224513531406294,0.3141632158086222,ADDS-BEYOND,1,1,0.03344241035558505,0.011985639072529657,0.05384399575312547,ADDS-BEYOND,1,1,1,ADDS-BEYOND,1
3000,0.9,113,0.10487844651506072,0.05764897961889644,0.1937887544825509,ADDS-BEYOND,1,1,0.03470619268222538,0.013038295931248941,0.05518639925692081,ADDS-BEYOND,1,1,1,ADDS-BEYOND,0.10490531011131668,0.05674539648265812,0.1963731046354974,ADDS-BEYOND,1,1,0.03428276524581981,0.014200471979867691,0.054591242770371154,ADDS-BEYOND,1,1,1,ADDS-BEYOND,1
3000,0.9,114,0.23821277041685582,0.13612031224895993,0.315950551452663,ADDS-BEYOND,1,1,0.005644770583134848,-0.016265468078863022,0.027081399794284554,TAUTOLOG,0,0,0,INCONCLUSIVE-kernel-disagree,0.23077261583564282,0.12803819256507773,0.3059458261637406,ADDS-BEYOND,1,1,0.0008259620716727171,-0.021009772319313096,0.021207556252462435,TAUTOLOG,0,0,0,INCONCLUSIVE-kernel-disagree,0
3000,0.9,115,0.16503403932497074,0.09834514481806285,0.2698123814443183,ADDS-BEYOND,1,1,0.02060215906037389,0.00018514278795912442,0.04088037053711973,ADDS-BEYOND,1,1,1,ADDS-BEYOND,0.16234843670127566,0.09779714736070304,0.2685361305685879,ADDS-BEYOND,1,1,0.018634521477603246,-0.0015958091945122588,0.03892641686445431,TAUTOLOG,0,0,0,INCONCLUSIVE-kernel-disagree,0
3000,0.9,116,0.2389139326117118,0.15567548495845293,0.28181397781194284,ADDS-BEYOND,1,1,0.043260169752769584,0.022118734664235327,0.06585321319296605,ADDS-BEYOND,1,1,1,ADDS-BEYOND,0.23722818493681408,0.15287639934399852,0.27922889474359563,ADDS-BEYOND,1,1,0.04117367534574474,0.02120285133540521,0.06323341946459439,ADDS-BEYOND,1,1,1,ADDS-BEYOND,1
3000,0.9,117,0.12638048898369963,0.04105397575959915,0.25568130488307766,ADDS-BEYOND,1,1,0.01968194724134335,-0.002225967915178637,0.03890083685338371,TAUTOLOG,0,0,0,INCONCLUSIVE-kernel-disagree,0.12461952915037999,0.03887811607151294,0.2535251345205396,ADDS-BEYOND,1,1,0.017260239447164098,-0.0033584418641533216,0.03541238029918427,TAUTOLOG,0,0,0,INCONCLUSIVE-kernel-disagree,0
3000,0.9,118,0.16055833565808048,0.11672757806717995,0.2376367830625049,ADDS-BEYOND,1,1,0.03196737859521168,0.010144741604631087,0.05278086888839104,ADDS-BEYOND,1,1,1,ADDS-BEYOND,0.16581019115391998,0.121695420972299,0.23863189298440857,ADDS-BEYOND,1,1,0.03684422266539169,0.015545481181907433,0.05740866608613514,ADDS-BEYOND,1,1,1,ADDS-BEYOND,1
3000,0.9,119,0.2571802711312251,0.20692239295326723,0.3032306465928756,ADDS-BEYOND,1,1,0.02631007233139378,0.004623714349668491,0.04998602361166015,ADDS-BEYOND,1,1,1,ADDS-BEYOND,0.2513533308449881,0.19967862482678922,0.29646649227085126,ADDS-BEYOND,1,1,0.01845902194804041,-0.00166591146520271,0.04009735739743283,TAUTOLOG,0,0,0,INCONCLUSIVE-kernel-disagree,0
3000,0.9,120,0.1614225020717331,0.10104193654709327,0.2506764187072173,ADDS-BEYOND,1,1,0.01274507297891386,-0.010235884802396988,0.035184836322867986,TAUTOLOG,0,0,0,INCONCLUSIVE-kernel-disagree,0.1597233373495253,0.1001468731284988,0.26204536481373464,ADDS-BEYOND,1,1,0.01081736386054111,-0.011515495012098616,0.03312757605535292,TAUTOLOG,0,0,0,INCONCLUSIVE-kernel-disagree,0
3000,0.9,121,0.11142562566618859,0.06144480590777504,0.16500606281201152,ADDS-BEYOND,1,1,0.02889938681915024,0.009646261111397377,0.049291210486937284,ADDS-BEYOND,1,1,1,ADDS-BEYOND,0.10987601372041654,0.05735274075801149,0.16271838214777218,ADDS-BEYOND,1,1,0.02557000288662351,0.006182524819239386,0.046041648159730594,ADDS-BEYOND,1,1,1,ADDS-BEYOND,1
3000,0.9,122,0.16587269894276396,0.11333474515285122,0.2718434246182801,ADDS-BEYOND,1,1,0.03583718965051921,0.015304465584169986,0.05817444506510284,ADDS-BEYOND,1,1,1,ADDS-BEYOND,0.1698836631683639,0.11906038259604988,0.27515006319782565,ADDS-BEYOND,1,1,0.038924217089840125,0.019560505542879473,0.05955162196390378,ADDS-BEYOND,1,1,1,ADDS-BEYOND,1
3000,0.9,123,0.12576258419451264,0.07370878374949273,0.17094972725242596,ADDS-BEYOND,1,1,0.025184646776736857,0.00471986864640568,0.0445023257597774,ADDS-BEYOND,1,1,1,ADDS-BEYOND,0.12297773263073428,0.07079126529690627,0.16853202113069068,ADDS-BEYOND,1,1,0.02344125859285206,0.0040350228639978395,0.04255253761398647,ADDS-BEYOND,1,1,1,ADDS-BEYOND,1
3000,0.9,124,0.2440773542589015,0.12677102660405787,0.31067150336496163,ADDS-BEYOND,1,1,0.032190699425158044,0.009884638871878187,0.05288560070956163,ADDS-BEYOND,1,1,1,ADDS-BEYOND,0.24542015694244612,0.13008957057835172,0.3098312747344068,ADDS-BEYOND,1,1,0.03379248084577124,0.011981727075800816,0.053399967079535905,ADDS-BEYOND,1,1,1,ADDS-BEYOND,1
3000,0.9,125,0.1706944110017906,0.11458327251574014,0.22002115683054363,ADDS-BEYOND,1,1,0.03872643190572963,0.017532918533172293,0.05996244166593983,ADDS-BEYOND,1,1,1,ADDS-BEYOND,0.1688673257263571,0.11522442088715897,0.21700413168348973,ADDS-BEYOND,1,1,0.03605122479107072,0.015627629245516153,0.0563475868083333,ADDS-BEYOND,1,1,1,ADDS-BEYOND,1
3000,0.9,126,0.15670129095316707,0.0860136428487416,0.21937409981787115,ADDS-BEYOND,1,1,0.030370704303765664,0.011069262876940326,0.049812526711238814,ADDS-BEYOND,1,1,1,ADDS-BEYOND,0.14706461746029026,0.08698052852720432,0.21998333295264139,ADDS-BEYOND,1,1,0.03220694938159905,0.013327176538825956,0.051219294207345,ADDS-BEYOND,1,1,1,ADDS-BEYOND,1
3000,0.9,127,0.18612218292803692,0.134953552105652,0.2713781680055906,ADDS-BEYOND,1,1,0.04027574918126187,0.019083185863564896,0.06298159833616278,ADDS-BEYOND,1,1,1,ADDS-BEYOND,0.18234680900256664,0.12878442033934218,0.2692536682283753,ADDS-BEYOND,1,1,0.036883222560850096,0.017705003254761504,0.058287729380549956,ADDS-BEYOND,1,1,1,ADDS-BEYOND,1
3000,0.9,128,0.1427287685606975,0.08209645650743595,0.2604064449822141,ADDS-BEYOND,1,1,0.028394245316069905,0.005755849486849698,0.04992230482654384,ADDS-BEYOND,1,1,1,ADDS-BEYOND,0.13977466233781644,0.0783109984624278,0.25749544087924925,ADDS-BEYOND,1,1,0.02602268024462289,0.005192562085965493,0.0462935655476501,ADDS-BEYOND,1,1,1,ADDS-BEYOND,1
3000,0.9,129,0.1803904586989062,0.13125965434026352,0.23570174499992091,ADDS-BEYOND,1,1,0.019401055137148862,-0.001594863523839797,0.04121009914982306,TAUTOLOG,0,0,0,INCONCLUSIVE-kernel-disagree,0.17167674341959216,0.11302440870269378,0.22156255345949974,ADDS-BEYOND,1,1,0.009528974457004409,-0.010488093659882958,0.029609175282231233,TAUTOLOG,0,0,0,INCONCLUSIVE-kernel-disagree,0
3000,0.9,130,0.19329533070004107,0.15333480328144825,0.24531102876757804,ADDS-BEYOND,1,1,0.018527271765092626,-0.0017435549501919705,0.03856026153586649,TAUTOLOG,0,0,0,INCONCLUSIVE-kernel-disagree,0.18702488287420235,0.14339328278203295,0.23306593769961267,ADDS-BEYOND,1,1,0.015242459141661216,-0.0044102422995928895,0.0352425413966053,TAUTOLOG,0,0,0,INCONCLUSIVE-kernel-disagree,0
3000,0.9,131,0.2594336396369382,0.16181823247639565,0.32306918257237255,ADDS-BEYOND,1,1,0.05267400166127774,0.03101954905285751,0.0742816778268892,ADDS-BEYOND,1,1,1,ADDS-BEYOND,0.2579904091740219,0.1589610756112425,0.31769717393551555,ADDS-BEYOND,1,1,0.05134939806910109,0.030835436015060076,0.07055932202711271,ADDS-BEYOND,1,1,1,ADDS-BEYOND,1
3000,0.9,132,0.12914848380635788,0.06414958826036206,0.22948200059147802,ADDS-BEYOND,1,1,0.02612946567266377,0.0049590357355654684,0.047408606178812984,ADDS-BEYOND,1,1,1,ADDS-BEYOND,0.13004424530329,0.06500236111270118,0.22735462975016507,ADDS-BEYOND,1,1,0.027098427361017318,0.006437222836225818,0.04781414890879916,ADDS-BEYOND,1,1,1,ADDS-BEYOND,1
3000,0.9,133,0.22073404720874262,0.17672475318292546,0.26807671401372146,ADDS-BEYOND,1,1,0.01627827779365775,-0.003736590861945144,0.037612701436679906,TAUTOLOG,0,0,0,INCONCLUSIVE-kernel-disagree,0.2221867890043331,0.18135908204708137,0.26912227215236917,ADDS-BEYOND,1,1,0.01766416693584047,-0.0009587164002171799,0.03749298693895496,TAUTOLOG,0,0,0,INCONCLUSIVE-kernel-disagree,0
3000,0.9,134,0.16015466903855863,0.07843661690468175,0.26612540319456846,ADDS-BEYOND,1,1,0.020431766659978225,0.0003418479556091964,0.04166035507076743,ADDS-BEYOND,1,1,1,ADDS-BEYOND,0.1573573705215106,0.07094445789654677,0.26550855146794217,ADDS-BEYOND,1,1,0.0148909957980658,-0.004219187277655063,0.03514126081304519,TAUTOLOG,0,0,0,INCONCLUSIVE-kernel-disagree,0
3000,0.9,135,0.19758100927772493,0.13061048946341938,0.30386690624069673,ADDS-BEYOND,1,1,0.019668482991720807,-0.0008897208355033453,0.041601651691940834,TAUTOLOG,0,0,0,INCONCLUSIVE-kernel-disagree,0.1757694325956528,0.12221761874974203,0.29346844817024464,ADDS-BEYOND,1,1,0.013850534301371837,-0.006363947137962431,0.033884079879337524,TAUTOLOG,0,0,0,INCONCLUSIVE-kernel-disagree,0
3000,0.9,136,0.26744332717261904,0.1612999619167319,0.3154677812388286,ADDS-BEYOND,1,1,0.03494994202884043,0.01348903023853556,0.05641123931995058,ADDS-BEYOND,1,1,1,ADDS-BEYOND,0.26769020293471824,0.1575381906844282,0.3153150016436864,ADDS-BEYOND,1,1,0.03505951316369977,0.01476760076655126,0.05544320199115479,ADDS-BEYOND,1,1,1,ADDS-BEYOND,1
3000,0.9,137,0.12314807013665396,0.061117190315433785,0.20666602238054496,ADDS-BEYOND,1,1,0.010735185509396606,-0.009149995156643309,0.03205905066656022,TAUTOLOG,0,0,0,INCONCLUSIVE-kernel-disagree,0.12172808569047841,0.06295813362570858,0.19861661453018045,ADDS-BEYOND,1,1,0.008995047316800012,-0.010781523124048661,0.02993681738104523,TAUTOLOG,0,0,0,INCONCLUSIVE-kernel-disagree,0
3000,0.9,138,0.14511030219664156,0.10068345293840594,0.22341110203661696,ADDS-BEYOND,1,1,0.03812750493976121,0.017584109675615564,0.059698477576756497,ADDS-BEYOND,1,1,1,ADDS-BEYOND,0.14493237379649027,0.09589619141008576,0.22472619581047348,ADDS-BEYOND,1,1,0.03780993436245704,0.01794700691599248,0.058226826929328936,ADDS-BEYOND,1,1,1,ADDS-BEYOND,1
3000,0.9,139,0.18028623458101423,0.09801412033469623,0.23936024426698121,ADDS-BEYOND,1,1,0.029593492101415958,0.010276852369563565,0.05124208870796901,ADDS-BEYOND,1,1,1,ADDS-BEYOND,0.17651592513977468,0.09484258074746313,0.23307222118084023,ADDS-BEYOND,1,1,0.0251224326577913,0.005283626620775084,0.046104994459433044,ADDS-BEYOND,1,1,1,ADDS-BEYOND,1
3000,0.9,140,0.1992607884015429,0.1321999930575275,0.2364866446907738,ADDS-BEYOND,1,1,0.018423736328339945,-0.003868216799204591,0.03968085139250246,TAUTOLOG,0,0,0,INCONCLUSIVE-kernel-disagree,0.19500525762112986,0.12360665058985348,0.22995589818030313,ADDS-BEYOND,1,1,0.014819031705255642,-0.005637747692146646,0.03483334301469279,TAUTOLOG,0,0,0,INCONCLUSIVE-kernel-disagree,0
3000,0.9,141,0.17757908635317546,0.10868238043380288,0.278102904711089,ADDS-BEYOND,1,1,0.026421036319662347,0.004099929807395058,0.04852621612402569,ADDS-BEYOND,1,1,1,ADDS-BEYOND,0.17564342567418811,0.10782575142121988,0.2732853122916233,ADDS-BEYOND,1,1,0.02413722101299675,0.0026238043935657577,0.04443347508068713,ADDS-BEYOND,1,1,1,ADDS-BEYOND,1
3000,0.9,142,0.21669179388089696,0.11478350672666031,0.28047705616109725,ADDS-BEYOND,1,1,0.053892748394353,0.03165021119709246,0.07499985583602635,ADDS-BEYOND,1,1,1,ADDS-BEYOND,0.21381236002568052,0.11691945647382686,0.2766628422876216,ADDS-BEYOND,1,1,0.05062650714971131,0.028975109832512034,0.07140133731797926,ADDS-BEYOND,1,1,1,ADDS-BEYOND,1
3000,0.9,143,0.19827900747681346,0.1560426970223057,0.2515021989484853,ADDS-BEYOND,1,1,0.022022869537787333,0.0008913908126107949,0.04381304670499522,ADDS-BEYOND,1,1,1,ADDS-BEYOND,0.19665665085508563,0.15578405232868586,0.2461342724345032,ADDS-BEYOND,1,1,0.02052044499369913,0.0006257389109493212,0.04232670446159793,ADDS-BEYOND,1,1,1,ADDS-BEYOND,1
3000,0.9,144,0.24632508213151735,0.15611991327078886,0.3092771502211613,ADDS-BEYOND,1,1,0.04942586751095603,0.026624302420975073,0.07205004216687469,ADDS-BEYOND,1,1,1,ADDS-BEYOND,0.24718062738844154,0.15944629475532007,0.31137787611672696,ADDS-BEYOND,1,1,0.05014411558564838,0.02924777521115734,0.07180078659093041,ADDS-BEYOND,1,1,1,ADDS-BEYOND,1
3000,0.9,145,0.11240290378853682,0.06509883532072462,0.16037943122817072,ADDS-BEYOND,1,1,0.024204542261109477,0.00409364515894557,0.04718688873249589,ADDS-BEYOND,1,1,1,ADDS-BEYOND,0.11505350536158451,0.06609833840544302,0.16555359155811986,ADDS-BEYOND,1,1,0.025666574056330046,0.006362030345075712,0.047643049087249374,ADDS-BEYOND,1,1,1,ADDS-BEYOND,1
3000,0.9,146,0.12049745201764571,0.05017883973667879,0.2132720246668765,ADDS-BEYOND,1,1,0.02423472075164277,0.0032917314817401885,0.04687107161398599,ADDS-BEYOND,1,1,1,ADDS-BEYOND,0.11999078847606512,0.050996228907017514,0.2120145173753432,ADDS-BEYOND,1,1,0.023863293175848406,0.0033367728263430643,0.046208584883554,ADDS-BEYOND,1,1,1,ADDS-BEYOND,1
3000,0.9,147,0.13574109442591217,0.09126407522986185,0.17272114762235502,ADDS-BEYOND,1,1,0.016291742043280297,-0.004412798952208738,0.0375974338230589,TAUTOLOG,0,0,0,INCONCLUSIVE-kernel-disagree,0.13989764595667514,0.09789191734706129,0.1763711348787899,ADDS-BEYOND,1,1,0.02116997896686952,0.00126140496574417,0.03997106474980683,ADDS-BEYOND,1,1,1,ADDS-BEYOND,0
3000,0.9,148,0.1795805951088595,0.10958561164123691,0.3007861186410427,ADDS-BEYOND,1,1,0.02656171451399446,0.004427294005641402,0.04760498174658258,ADDS-BEYOND,1,1,1,ADDS-BEYOND,0.17495606554262685,0.10678389291766048,0.2935293315885906,ADDS-BEYOND,1,1,0.021053907849433784,-0.0004657535025028037,0.04110203058733654,TAUTOLOG,0,0,0,INCONCLUSIVE-kernel-disagree,0
3000,0.9,149,0.1992578962113805,0.1576808763019085,0.2422291817506571,ADDS-BEYOND,1,1,0.046079769337518554,0.025109181387775216,0.06736134396323974,ADDS-BEYOND,1,1,1,ADDS-BEYOND,0.181402330128723,0.1429282181499387,0.224808874738473,ADDS-BEYOND,1,1,0.03378923085448304,0.014191507105460424,0.05550601762704111,ADDS-BEYOND,1,1,1,ADDS-BEYOND,1
3000,0.9,150,0.22230876238789365,0.10725098968268296,0.2864223109867423,ADDS-BEYOND,1,1,0.031450165695918034,0.008362829074659767,0.05208350694105103,ADDS-BEYOND,1,1,1,ADDS-BEYOND,0.21778633624722316,0.1009881264363589,0.2814064573796775,ADDS-BEYOND,1,1,0.029090672020684338,0.0070169312194724096,0.04860225847642776,ADDS-BEYOND,1,1,1,ADDS-BEYOND,1
3000,0.9,151,0.18662950309626383,0.12601190719184605,0.23444275648705729,ADDS-BEYOND,1,1,0.029759705941583937,0.01029963251378312,0.052817546574778586,ADDS-BEYOND,1,1,1,ADDS-BEYOND,0.19004429195041544,0.13049106846360933,0.23940492742554925,ADDS-BEYOND,1,1,0.03452233603220717,0.015660052611396774,0.05643158476993158,ADDS-BEYOND,1,1,1,ADDS-BEYOND,1
3000,0.9,152,0.20771168629394865,0.12121889941991244,0.2563797608507521,ADDS-BEYOND,1,1,0.02479882638238046,0.004299215970277021,0.04514562758371618,ADDS-BEYOND,1,1,1,ADDS-BEYOND,0.20951176185391596,0.12397878247608868,0.25554993705532114,ADDS-BEYOND,1,1,0.026577500185965722,0.0068070037143903445,0.046790341781316976,ADDS-BEYOND,1,1,1,ADDS-BEYOND,1
3000,0.9,153,0.12179813663087041,0.07406099441236867,0.18602646831403183,ADDS-BEYOND,1,1,0.011817896892837179,-0.008065204213234466,0.0335136606521057,TAUTOLOG,0,0,0,INCONCLUSIVE-kernel-disagree,0.12945217705840587,0.08023926512482614,0.19145023228145205,ADDS-BEYOND,1,1,0.015485744203806525,-0.0030644401366114664,0.03522127899838982,TAUTOLOG,0,0,0,INCONCLUSIVE-kernel-disagree,0
3000,0.9,154,0.1491852418538852,0.07328826925796451,0.2696289119155947,ADDS-BEYOND,1,1,0.01813912994838751,-0.0034390275956579365,0.04131056119551097,TAUTOLOG,0,0,0,INCONCLUSIVE-kernel-disagree,0.1480600111876782,0.07378323132457258,0.2648999520362626,ADDS-BEYOND,1,1,0.01742088187369516,-0.003717185773678398,0.039542220851834016,TAUTOLOG,0,0,0,INCONCLUSIVE-kernel-disagree,0
3000,0.9,155,0.14088822305184692,0.08904769296430293,0.19065625459602106,ADDS-BEYOND,1,1,0.018472021913193214,-0.004548849351955752,0.03924709572659618,TAUTOLOG,0,0,0,INCONCLUSIVE-kernel-disagree,0.14052180513754373,0.08928351666405362,0.18895671559624982,ADDS-BEYOND,1,1,0.018209236903318698,-0.004185805952163052,0.039208379838207304,TAUTOLOG,0,0,0,INCONCLUSIVE-kernel-disagree,0
3000,0.9,156,0.2306012119189561,0.1570517535937363,0.2747650829215206,ADDS-BEYOND,1,1,0.030652524976899638,0.008890023902418569,0.0515315490151154,ADDS-BEYOND,1,1,1,ADDS-BEYOND,0.2237995789468863,0.13075517410008597,0.2645045458367831,ADDS-BEYOND,1,1,0.024507255735381886,0.004287705179859776,0.044564587084454085,ADDS-BEYOND,1,1,1,ADDS-BEYOND,1
3000,0.9,157,0.15312931246527284,0.08767881517903395,0.25325398726703285,ADDS-BEYOND,1,1,0.018741306905644125,-0.001854595841817471,0.03973233339461103,TAUTOLOG,0,0,0,INCONCLUSIVE-kernel-disagree,0.1531270698444634,0.08602285093192526,0.2503375541435767,ADDS-BEYOND,1,1,0.01871066413064109,-0.0011649921966879512,0.039526942879259896,TAUTOLOG,0,0,0,INCONCLUSIVE-kernel-disagree,0
3000,0.9,158,0.211803044459951,0.08678974032067488,0.29929811324253713,ADDS-BEYOND,1,1,0.028479209374032866,0.007908328925290477,0.050763802088944356,ADDS-BEYOND,1,1,1,ADDS-BEYOND,0.212569089811812,0.08986016640398445,0.2998586355570551,ADDS-BEYOND,1,1,0.029806598673027974,0.008243571744092449,0.05117497335061485,ADDS-BEYOND,1,1,1,ADDS-BEYOND,1
3000,0.9,159,0.16775464900304554,0.10266533228664168,0.26487466272588567,ADDS-BEYOND,1,1,0.0086036555088067,-0.01336304061628488,0.03055635504230363,TAUTOLOG,0,0,0,INCONCLUSIVE-kernel-disagree,0.1661453569070711,0.10203723716391681,0.2571659968223785,ADDS-BEYOND,1,1,0.005860198577095579,-0.01460362977638078,0.027944767297677826,TAUTOLOG,0,0,0,INCONCLUSIVE-kernel-disagree,0
3000,0.9,160,0.06967542516846555,0.028839781273778054,0.14744641925513682,ADDS-BEYOND,1,1,0.016580062698990667,-0.0046842780808484625,0.03774635842515419,TAUTOLOG,0,0,0,INCONCLUSIVE-kernel-disagree,0.0649859329461045,0.01939588763566719,0.14049932816832222,ADDS-BEYOND,1,1,0.012503645054647523,-0.006757167028859193,0.03373107311283544,TAUTOLOG,0,0,0,INCONCLUSIVE-kernel-disagree,0
3000,0.9,161,0.22940545732814202,0.1528696363873797,0.28276780599207596,ADDS-BEYOND,1,1,0.021290692929002694,2.442783174114758e-05,0.04321043280784078,ADDS-BEYOND,1,1,1,ADDS-BEYOND,0.2284692277168318,0.15204965168111045,0.2780859769181527,ADDS-BEYOND,1,1,0.020246052872081043,-0.0005344599530300284,0.040564753228047215,TAUTOLOG,0,0,0,INCONCLUSIVE-kernel-disagree,0
3000,0.9,162,0.15535065133643872,0.09277128147275568,0.24441262288459822,ADDS-BEYOND,1,1,0.029652920513543055,0.008593804171379497,0.05200473029975475,ADDS-BEYOND,1,1,1,ADDS-BEYOND,0.14606238327888244,0.08501920957300817,0.23813750493917463,ADDS-BEYOND,1,1,0.021553477938877203,0.001608232009513992,0.044431074503163456,ADDS-BEYOND,1,1,1,ADDS-BEYOND,1
3000,0.9,163,0.19849435993542325,0.12435836929493867,0.2604283407030262,ADDS-BEYOND,1,1,0.0387877174557357,0.015832017398739788,0.058588298021221535,ADDS-BEYOND,1,1,1,ADDS-BEYOND,0.19943103176633395,0.12713479328686203,0.26195032683276304,ADDS-BEYOND,1,1,0.03960021527778587,0.018166602503205797,0.05913517397371917,ADDS-BEYOND,1,1,1,ADDS-BEYOND,1
3000,0.9,164,0.13622700234771434,0.06923909036471079,0.20623706376640896,ADDS-BEYOND,1,1,0.024499827183865997,0.004908511651562239,0.0466884016134966,ADDS-BEYOND,1,1,1,ADDS-BEYOND,0.12837186673892656,0.06048802269785182,0.2028479032665875,ADDS-BEYOND,1,1,0.016557777044443008,-0.002624288237984783,0.03815478045284195,TAUTOLOG,0,0,0,INCONCLUSIVE-kernel-disagree,0
3000,0.9,165,0.1808003263355403,0.09300322759061655,0.28174423608709587,ADDS-BEYOND,1,1,0.023991899973967206,-9.157649520322251e-05,0.04626708189139596,TAUTOLOG,0,0,0,INCONCLUSIVE-kernel-disagree,0.1827698215519405,0.0954442014650744,0.27733140776017456,ADDS-BEYOND,1,1,0.024579219828192042,0.0018348100715591897,0.04583135826692188,ADDS-BEYOND,1,1,1,ADDS-BEYOND,0
3000,0.9,166,0.15008230514584103,0.09281816657209811,0.22846339548515587,ADDS-BEYOND,1,1,0.0033734909571523117,-0.015416684159707896,0.0242024898740795,TAUTOLOG,0,0,0,INCONCLUSIVE-kernel-disagree,0.1487846429312082,0.0918224448482578,0.22770118607856343,ADDS-BEYOND,1,1,0.0015864600331116775,-0.016863056738590582,0.022042372556915685,TAUTOLOG,0,0,0,INCONCLUSIVE-kernel-disagree,0
3000,0.9,167,0.19091183799937236,0.07922716313895811,0.28128386202246963,ADDS-BEYOND,1,1,0.024725933720630817,0.003129714763061449,0.047586911389118386,ADDS-BEYOND,1,1,1,ADDS-BEYOND,0.19138643966789134,0.08372370825615086,0.2916738892554725,ADDS-BEYOND,1,1,0.025607145644202946,0.005104850843762934,0.04703208642857501,ADDS-BEYOND,1,1,1,ADDS-BEYOND,1
3000,0.9,168,0.237973586916825,0.12061820863704033,0.30821895697698287,ADDS-BEYOND,1,1,0.04992079475570202,0.02909042337664056,0.07281421661767858,ADDS-BEYOND,1,1,1,ADDS-BEYOND,0.2327108875542458,0.1150829736904282,0.30067400893230634,ADDS-BEYOND,1,1,0.044864736880201234,0.02457898766476847,0.06612063806039492,ADDS-BEYOND,1,1,1,ADDS-BEYOND,1
3000,0.9,169,0.14006386094936077,0.09214539300624278,0.2040845091343655,ADDS-BEYOND,1,1,0.02515586113961279,0.005226697534918407,0.04547011254959822,ADDS-BEYOND,1,1,1,ADDS-BEYOND,0.13924925965740526,0.09249700926404154,0.20682668271970164,ADDS-BEYOND,1,1,0.024390256049006662,0.005607838774874863,0.044393944567710196,ADDS-BEYOND,1,1,1,ADDS-BEYOND,1
3000,0.9,170,0.13165922443739997,0.08515698105805636,0.19026173422011947,ADDS-BEYOND,1,1,0.01430831878853839,-0.00578260188548596,0.035689498939864055,TAUTOLOG,0,0,0,INCONCLUSIVE-kernel-disagree,0.1302025271017102,0.08369960649941012,0.18878594783014155,ADDS-BEYOND,1,1,0.013346321367230986,-0.0055785675175899245,0.034101078617991755,TAUTOLOG,0,0,0,INCONCLUSIVE-kernel-disagree,0
3000,0.9,171,0.1620453351769559,0.0918144654047089,0.23772159323974668,ADDS-BEYOND,1,1,0.034941120623915314,0.013803804139039562,0.05710096594718464,ADDS-BEYOND,1,1,1,ADDS-BEYOND,0.15793886090388365,0.08662714417319291,0.22631976871348913,ADDS-BEYOND,1,1,0.028351995429323297,0.007050011113608532,0.04887752467455218,ADDS-BEYOND,1,1,1,ADDS-BEYOND,1
3000,0.9,172,0.25244084150700014,0.1879662823680493,0.31077750946802457,ADDS-BEYOND,1,1,0.03618308158047772,0.015181718904784319,0.05686474328218987,ADDS-BEYOND,1,1,1,ADDS-BEYOND,0.24743862571642994,0.18143049640702397,0.3032971944976661,ADDS-BEYOND,1,1,0.03244280589222848,0.01258454443202315,0.052385953260590146,ADDS-BEYOND,1,1,1,ADDS-BEYOND,1
3000,0.9,173,0.2178149148523415,0.16159168856202538,0.2900213379382394,ADDS-BEYOND,1,1,0.029400814046472632,0.008212833530987725,0.05201401677774586,ADDS-BEYOND,1,1,1,ADDS-BEYOND,0.22263779625604851,0.17163593441828612,0.29419290932142017,ADDS-BEYOND,1,1,0.033246018024883785,0.012823387940904882,0.05410740663289128,ADDS-BEYOND,1,1,1,ADDS-BEYOND,1
3000,0.9,174,0.29426503091887435,0.2455633105849375,0.32833848326059173,ADDS-BEYOND,1,1,0.04228563665077912,0.02224112934734944,0.06373244908364069,ADDS-BEYOND,1,1,1,ADDS-BEYOND,0.2908410559806934,0.2416100598952355,0.32444627183367236,ADDS-BEYOND,1,1,0.0394070729383728,0.021621614064081852,0.058619058805576614,ADDS-BEYOND,1,1,1,ADDS-BEYOND,1
3000,0.9,175,0.18717477520360595,0.12966382104713484,0.23465527726726937,ADDS-BEYOND,1,1,0.015051173940127118,-0.006991857459109279,0.036825811763281216,TAUTOLOG,0,0,0,INCONCLUSIVE-kernel-disagree,0.18608433152673545,0.12601416289290343,0.23464690421122633,ADDS-BEYOND,1,1,0.014095212216926374,-0.00609937450593472,0.034207214060978465,TAUTOLOG,0,0,0,INCONCLUSIVE-kernel-disagree,0
3000,0.9,176,0.15800375250521664,0.09499835725687977,0.28368012216447297,ADDS-BEYOND,1,1,0.018409343509777912,-0.002881861496140526,0.03990736839836446,TAUTOLOG,0,0,0,INCONCLUSIVE-kernel-disagree,0.15945398656113896,0.09698860749240601,0.2820192433512394,ADDS-BEYOND,1,1,0.019936839415232235,-0.000275003880984763,0.039949001724586236,TAUTOLOG,0,0,0,INCONCLUSIVE-kernel-disagree,0
3000,0.9,177,0.22191309476072665,0.15967983904323862,0.2821109589700421,ADDS-BEYOND,1,1,0.024439934487269156,0.0045044091830953705,0.04627104781299052,ADDS-BEYOND,1,1,1,ADDS-BEYOND,0.22187238205235782,0.16238763750395052,0.2807393045108707,ADDS-BEYOND,1,1,0.024415791694842523,0.004021693492781806,0.045627271524748436,ADDS-BEYOND,1,1,1,ADDS-BEYOND,1
3000,0.9,178,0.17905257277409506,0.09827505096599824,0.24019767137823636,ADDS-BEYOND,1,1,0.01676577648688785,-0.005340618230400483,0.03851013960567871,TAUTOLOG,0,0,0,INCONCLUSIVE-kernel-disagree,0.17906398016828354,0.09655392092399386,0.24015510937445178,ADDS-BEYOND,1,1,0.016784812150147314,-0.004573933324749926,0.03667388141555059,TAUTOLOG,0,0,0,INCONCLUSIVE-kernel-disagree,0
3000,0.9,179,0.22067959555456929,0.08303664550065862,0.3281439864764289,ADDS-BEYOND,1,1,0.017521631603629382,-0.0036354849245697094,0.03876016930562554,TAUTOLOG,0,0,0,INCONCLUSIVE-kernel-disagree,0.22307113369880716,0.08389578911213927,0.32963373476429725,ADDS-BEYOND,1,1,0.01931516251024642,-0.0013510470196852035,0.03985037521821324,TAUTOLOG,0,0,0,INCONCLUSIVE-kernel-disagree,0
3000,0.9,180,0.1769684763186714,0.12637536122194584,0.24246971397575695,ADDS-BEYOND,1,1,0.023893471666381696,0.002025069385131447,0.04408349959821579,ADDS-BEYOND,1,1,1,ADDS-BEYOND,0.17711580912409466,0.12627978289924832,0.2392378275303444,ADDS-BEYOND,1,1,0.02407036404935376,0.0041232834674992495,0.04264028627379821,ADDS-BEYOND,1,1,1,ADDS-BEYOND,1
3000,0.9,181,0.1874063477930105,0.1061372439730435,0.24401136470625565,ADDS-BEYOND,1,1,0.028740601530498146,0.008643817444469674,0.051282022103944454,ADDS-BEYOND,1,1,1,ADDS-BEYOND,0.1882109909009203,0.10878314675934293,0.24390324454657517,ADDS-BEYOND,1,1,0.030450561232561454,0.011198574420242951,0.05153836282539525,ADDS-BEYOND,1,1,1,ADDS-BEYOND,1
3000,0.9,182,0.15449368417089793,0.11620065044202225,0.1995720018182073,ADDS-BEYOND,1,1,0.01654895563951789,-0.006880924974979779,0.03914200103415457,TAUTOLOG,0,0,0,INCONCLUSIVE-kernel-disagree,0.14723537851524215,0.10771673587798906,0.189570988487605,ADDS-BEYOND,1,1,0.00824522789816514,-0.014730604861163905,0.02921610601136963,TAUTOLOG,0,0,0,INCONCLUSIVE-kernel-disagree,0
3000,0.9,183,0.2291494473452429,0.159937718888325,0.272328356026881,ADDS-BEYOND,1,1,0.019936839415232235,-0.0014445062531812495,0.043523998429190455,TAUTOLOG,0,0,0,INCONCLUSIVE-kernel-disagree,0.2274278774046397,0.15309648527503023,0.26920332670732916,ADDS-BEYOND,1,1,0.01819020124005924,-0.0030666006838252716,0.04045978234183764,TAUTOLOG,0,0,0,INCONCLUSIVE-kernel-disagree,0
3000,0.9,184,0.12023600105728906,0.07768273561051327,0.18826283443139433,ADDS-BEYOND,1,1,0.030930167089805925,0.009764130861051393,0.05295094268226471,ADDS-BEYOND,1,1,1,ADDS-BEYOND,0.11355504446669018,0.07277386184927395,0.1847382318246817,ADDS-BEYOND,1,1,0.02778417552282766,0.007887952233976035,0.04840967345607824,ADDS-BEYOND,1,1,1,ADDS-BEYOND,1
3000,0.9,185,0.21525355482666259,0.14625186738257012,0.29302950836458186,ADDS-BEYOND,1,1,0.04075349790062737,0.01848671180578416,0.062346559156342275,ADDS-BEYOND,1,1,1,ADDS-BEYOND,0.19897810061192242,0.14213384018514433,0.27389196144168765,ADDS-BEYOND,1,1,0.03423494394543628,0.014291417409124419,0.05504568438960579,ADDS-BEYOND,1,1,1,ADDS-BEYOND,1
3000,0.9,186,0.23163997366575845,0.13213842936344355,0.2811651536698543,ADDS-BEYOND,1,1,0.015003816924213337,-0.008414007229361836,0.0356651701196693,TAUTOLOG,0,0,0,INCONCLUSIVE-kernel-disagree,0.2314969907638233,0.1309153289094356,0.28075144190803225,ADDS-BEYOND,1,1,0.014785603223434148,-0.007162420966124019,0.03464704118061652,TAUTOLOG,0,0,0,INCONCLUSIVE-kernel-disagree,0
3000,0.9,187,0.14829301774910658,0.10141822203721376,0.19279331963917926,ADDS-BEYOND,1,1,0.002837242394599198,-0.018422315872300334,0.024362068001775868,TAUTOLOG,0,0,0,INCONCLUSIVE-kernel-disagree,0.14645018078889088,0.1032589603552758,0.1957682381622911,ADDS-BEYOND,1,1,0.00436613115346275,-0.016387674717834155,0.026467682939133815,TAUTOLOG,0,0,0,INCONCLUSIVE-kernel-disagree,0
3000,0.9,188,0.1634148723404932,0.0931231523839958,0.2713289492981059,ADDS-BEYOND,1,1,0.02699999905343181,0.005288700422346209,0.0483662291447466,ADDS-BEYOND,1,1,1,ADDS-BEYOND,0.15825465161503988,0.08681077876331857,0.26634727939771485,ADDS-BEYOND,1,1,0.022452796956769307,0.0006124643156587513,0.04305129172424791,ADDS-BEYOND,1,1,1,ADDS-BEYOND,1
3000,0.9,189,0.2330324374062185,0.11869119867738386,0.2936673664024673,ADDS-BEYOND,1,1,0.03156252253759583,0.00942023765791455,0.05160176177668984,ADDS-BEYOND,1,1,1,ADDS-BEYOND,0.22873239822532743,0.11591585354892511,0.2895863995478549,ADDS-BEYOND,1,1,0.027846389641773217,0.006247352158770302,0.04718711764671983,ADDS-BEYOND,1,1,1,ADDS-BEYOND,1
3000,0.9,190,0.12311717311952594,0.05520018794507595,0.22258248069633446,ADDS-BEYOND,1,1,0.02944306393321924,0.009454727393726329,0.048965542112961016,ADDS-BEYOND,1,1,1,ADDS-BEYOND,0.12434723224139281,0.057028892103924055,0.22335555589901776,ADDS-BEYOND,1,1,0.030710096251147765,0.011157706302893505,0.04975899927193618,ADDS-BEYOND,1,1,1,ADDS-BEYOND,1
3000,0.9,191,0.1593442126761488,0.10546347937045152,0.2086195048457104,ADDS-BEYOND,1,1,0.031784450514132964,0.012059439068107325,0.053835875053415416,ADDS-BEYOND,1,1,1,ADDS-BEYOND,0.15978722567372397,0.10588008277984116,0.21036123083672809,ADDS-BEYOND,1,1,0.03215959236568527,0.013026131143424727,0.052708201538597454,ADDS-BEYOND,1,1,1,ADDS-BEYOND,1
3000,0.9,192,0.13106798247281573,0.08085239833467957,0.19128746504007277,ADDS-BEYOND,1,1,0.024122828194434717,0.0008008306681240928,0.04631341998818442,ADDS-BEYOND,1,1,1,ADDS-BEYOND,0.12877552356573785,0.07742395328188434,0.1807657121778389,ADDS-BEYOND,1,1,0.022182119110909167,-0.001458259550851019,0.044296606056594454,TAUTOLOG,0,0,0,INCONCLUSIVE-kernel-disagree,0
3000,0.9,193,0.20774646408751504,0.15843549097744605,0.30180654389239897,ADDS-BEYOND,1,1,0.04886083331127885,0.026973334066612772,0.0691068001099505,ADDS-BEYOND,1,1,1,ADDS-BEYOND,0.20651047996835048,0.15685784842447695,0.3034604370168404,ADDS-BEYOND,1,1,0.047704764981618894,0.026133417662766677,0.06802583487273994,ADDS-BEYOND,1,1,1,ADDS-BEYOND,1
3000,0.9,194,0.18816560686738917,0.11835063228348786,0.23535031873020948,ADDS-BEYOND,1,1,0.04549894946587011,0.023638912789761362,0.06693750937495535,ADDS-BEYOND,1,1,1,ADDS-BEYOND,0.1862571444692985,0.11026678375848534,0.22988375732643895,ADDS-BEYOND,1,1,0.0434203478948309,0.0229427018771419,0.06463678020851363,ADDS-BEYOND,1,1,1,ADDS-BEYOND,1
3000,0.9,195,0.19858233209177661,0.11717696336419968,0.2714991150356208,ADDS-BEYOND,1,1,0.05888891357325694,0.03711396729872352,0.08032284169206169,ADDS-BEYOND,1,1,1,ADDS-BEYOND,0.1963544466145037,0.11662363071590148,0.27384659947000434,ADDS-BEYOND,1,1,0.056880883241618656,0.035526189430203525,0.07649811742452153,ADDS-BEYOND,1,1,1,ADDS-BEYOND,1
3000,0.9,196,0.21327020489772155,0.11337222219596452,0.30083525956022916,ADDS-BEYOND,1,1,0.02765974728493655,0.005499230998654109,0.04898611193012042,ADDS-BEYOND,1,1,1,ADDS-BEYOND,0.21927531035038625,0.11206211574037635,0.30636673294865524,ADDS-BEYOND,1,1,0.030797846015929182,0.009535878668185662,0.05057756122624679,ADDS-BEYOND,1,1,1,ADDS-BEYOND,1
3000,0.9,197,0.22986929384280236,0.17016636579488834,0.2895897231729277,ADDS-BEYOND,1,1,0.043511811935370265,0.021955836923803547,0.06532394118208304,ADDS-BEYOND,1,1,1,ADDS-BEYOND,0.23451692452102732,0.17652303547597684,0.2973592434366771,ADDS-BEYOND,1,1,0.04724048051187594,0.02839369563503899,0.06811643170479055,ADDS-BEYOND,1,1,1,ADDS-BEYOND,1
3000,0.9,198,0.11127536861945699,0.05020710452895649,0.20655744452744118,ADDS-BEYOND,1,1,0.03185780746035235,0.009572248487261095,0.053487164982863614,ADDS-BEYOND,1,1,1,ADDS-BEYOND,0.09873323442999803,0.04601584991645492,0.18933608170651303,ADDS-BEYOND,1,1,0.025106182701350295,0.0031385031613692087,0.045278328378809976,ADDS-BEYOND,1,1,1,ADDS-BEYOND,1
3000,0.9,199,0.1845251302185351,0.14501501117899085,0.23549284487280112,ADDS-BEYOND,1,1,0.04963433123787061,0.027070792187781304,0.06968413372450244,ADDS-BEYOND,1,1,1,ADDS-BEYOND,0.18363509240421577,0.14452324587525894,0.2339553933432156,ADDS-BEYOND,1,1,0.048946261653711555,0.027322701555003798,0.06998970624997673,ADDS-BEYOND,1,1,1,ADDS-BEYOND,1
3000,0.998,0,0.22357213042732554,0.14698953049330543,0.36286706670922114,ADDS-BEYOND,1,1,0.026702392708326576,0.005602484040595116,0.04782329301354763,ADDS-BEYOND,1,1,1,ADDS-BEYOND,0.2219098282138219,0.14858636457897503,0.36180830394269375,ADDS-BEYOND,1,1,0.023847043219407404,0.0039532469476261396,0.04456876592933264,ADDS-BEYOND,1,1,1,ADDS-BEYOND,1
3000,0.998,1,0.20996955998656275,0.10559915411485916,0.27242861838916926,ADDS-BEYOND,1,1,-0.00222160118772004,-0.022061444793437423,0.019873662413311115,TAUTOLOG,0,0,0,INCONCLUSIVE-kernel-disagree,0.21084184593661745,0.10439358843209347,0.26887593799394166,ADDS-BEYOND,1,1,-0.0008463905883414071,-0.021094664338029746,0.02161639532020701,TAUTOLOG,0,0,0,INCONCLUSIVE-kernel-disagree,0
3000,0.998,2,0.18546659000634946,0.1017821371766437,0.3137859694177199,ADDS-BEYOND,1,1,-0.005179093259982664,-0.025527731106377592,0.01652788812827145,TAUTOLOG,0,0,0,INCONCLUSIVE-kernel-disagree,0.18518314856618295,0.0991431964459146,0.3118622210509361,ADDS-BEYOND,1,1,-0.0055184852073647634,-0.026044539441050986,0.014193444820311997,TAUTOLOG,0,0,0,INCONCLUSIVE-kernel-disagree,0
3000,0.998,3,0.14997748096945582,0.1022410928962529,0.23127474735136674,ADDS-BEYOND,1,1,-0.023239759132983616,-0.04442121215646358,-0.0015201770847517893,SIGN-FLIPPED,1,0,0,INCONCLUSIVE-kernel-disagree,0.14763327268209944,0.0975748984730328,0.22862734808552596,ADDS-BEYOND,1,1,-0.026682428476127628,-0.048410258745873326,-0.005970989012785055,SIGN-FLIPPED,1,0,0,INCONCLUSIVE-kernel-disagree,0
3000,0.998,4,0.21886519119952325,0.11411354838728546,0.2799776453515891,ADDS-BEYOND,1,1,0.013146679045241517,-0.009212536309508997,0.03331677013596825,TAUTOLOG,0,0,0,INCONCLUSIVE-kernel-disagree,0.21154171982045847,0.10993822533171956,0.2758654207651427,ADDS-BEYOND,1,1,0.0046702374811443854,-0.01596189289311871,0.023558845983417412,TAUTOLOG,0,0,0,INCONCLUSIVE-kernel-disagree,0
3000,0.998,5,0.24963936723644548,0.15159303362063334,0.3143553537183228,ADDS-BEYOND,1,1,-0.010157151344566628,-0.02954569327307296,0.01232620806246484,TAUTOLOG,0,0,0,INCONCLUSIVE-kernel-disagree,0.247739312017424,0.14757828410534413,0.31644575747905657,ADDS-BEYOND,1,1,-0.012416823858805591,-0.032580688560218084,0.009016627199702984,TAUTOLOG,0,0,0,INCONCLUSIVE-kernel-disagree,0
3000,0.998,6,0.239484253910892,0.1503402878505103,0.30603457722678484,ADDS-BEYOND,1,1,-0.005975341125591832,-0.026986043262400766,0.013588874104708873,TAUTOLOG,0,0,0,INCONCLUSIVE-kernel-disagree,0.23478516123029672,0.1472886832212876,0.30708488332760747,ADDS-BEYOND,1,1,-0.0030921345684880807,-0.02375825436150116,0.016619471032416774,TAUTOLOG,0,0,0,INCONCLUSIVE-kernel-disagree,0
3000,0.998,7,0.23211368525146278,0.12416330881279693,0.2990297953874032,ADDS-BEYOND,1,1,-0.0020683873127048647,-0.023075962077494676,0.020001492479733828,TAUTOLOG,0,0,0,INCONCLUSIVE-kernel-disagree,0.2159793529881721,0.11572095190946152,0.2857777899105775,ADDS-BEYOND,1,1,-0.010493293300660528,-0.030687623015279115,0.00929566902023323,TAUTOLOG,0,0,0,INCONCLUSIVE-kernel-disagree,0
3000,0.998,8,0.2661606906087045,0.1307424146206198,0.3140695111579794,ADDS-BEYOND,1,1,0.005533806594866283,-0.017701980211190085,0.02798598542450735,TAUTOLOG,0,0,0,INCONCLUSIVE-kernel-disagree,0.25558712070594813,0.12196109842820273,0.3084623548185604,ADDS-BEYOND,1,1,0.0007874264606840518,-0.02150223542107991,0.021902587287726972,TAUTOLOG,0,0,0,INCONCLUSIVE-kernel-disagree,0
3000,0.998,9,0.20548087957126546,0.1237938269073349,0.2690739074616332,ADDS-BEYOND,1,1,0.007383980206791958,-0.01426567361644682,0.02775374406941495,TAUTOLOG,0,0,0,INCONCLUSIVE-kernel-disagree,0.20519182947195197,0.12027726840121943,0.26652403838134436,ADDS-BEYOND,1,1,0.006922945728337203,-0.015487116678651977,0.027960387733260803,TAUTOLOG,0,0,0,INCONCLUSIVE-kernel-disagree,0
3000,0.998,10,0.2310698795618378,0.167445831989867,0.3155337675569218,ADDS-BEYOND,1,1,0.013233964525553192,-0.008171881519326114,0.03662732602997563,TAUTOLOG,0,0,0,INCONCLUSIVE-kernel-disagree,0.22778959820709954,0.16704552578466542,0.3147446826177593,ADDS-BEYOND,1,1,0.010770006844627329,-0.009175588883530424,0.03198517771615197,TAUTOLOG,0,0,0,INCONCLUSIVE-kernel-disagree,0
3000,0.998,11,0.20285912612572465,0.15303374135937078,0.262438556408376,ADDS-BEYOND,1,1,0.01724677519754155,-0.0033322873766402535,0.03686285083386347,TAUTOLOG,0,0,0,INCONCLUSIVE-kernel-disagree,0.20112579988309828,0.1490255224664206,0.2609900331627523,ADDS-BEYOND,1,1,0.015160280790516713,-0.004589797683888438,0.034270971865236304,TAUTOLOG,0,0,0,INCONCLUSIVE-kernel-disagree,0
3000,0.998,12,0.2083179137639464,0.13082452164935024,0.30826550624889654,ADDS-BEYOND,1,1,0.009982116099473535,-0.012111187731856148,0.030946219179006966,TAUTOLOG,0,0,0,INCONCLUSIVE-kernel-disagree,0.1968919424801609,0.11709312048946291,0.2948729278943007,ADDS-BEYOND,1,1,0.0011653540190548171,-0.018930112857630306,0.021776963110864706,TAUTOLOG,0,0,0,INCONCLUSIVE-kernel-disagree,0
3000,0.998,13,0.19047847090959502,0.09837966766962061,0.23276916502612585,ADDS-BEYOND,1,1,0.003525311978758258,-0.016581958430238655,0.024556754785789274,TAUTOLOG,0,0,0,INCONCLUSIVE-kernel-disagree,0.190170384022094,0.10060103871797516,0.23367143077838776,ADDS-BEYOND,1,1,0.003409240861322519,-0.016352381875623396,0.024801594049947435,TAUTOLOG,0,0,0,INCONCLUSIVE-kernel-disagree,0
3000,0.998,14,0.15939142698441303,0.09233930122048029,0.23108420194367923,ADDS-BEYOND,1,1,-0.010594507315064491,-0.030943497736687565,0.012201002182284796,TAUTOLOG,0,0,0,INCONCLUSIVE-kernel-disagree,0.1563474135012687,0.09037841563448722,0.22900291286750127,ADDS-BEYOND,1,1,-0.013717748943025352,-0.03348254303312092,0.008572937886881514,TAUTOLOG,0,0,0,INCONCLUSIVE-kernel-disagree,0
3000,0.998,15,0.21068343803492076,0.1169416049825378,0.28379178036672503,ADDS-BEYOND,1,1,0.007656515190531072,-0.013484163775328968,0.02759796631901082,TAUTOLOG,0,0,0,INCONCLUSIVE-kernel-disagree,0.20882629672499492,0.1119290459400476,0.2794342876866893,ADDS-BEYOND,1,1,0.005553770827065229,-0.014919330600999006,0.02503221449465737,TAUTOLOG,0,0,0,INCONCLUSIVE-kernel-disagree,0
3000,0.998,16,0.13191709375324873,0.0773175327941646,0.2226570040396657,ADDS-BEYOND,1,1,0.0034872406522393354,-0.017249934540664143,0.024758665802377663,TAUTOLOG,0,0,0,INCONCLUSIVE-kernel-disagree,0.1323807303197929,0.07786541746232177,0.22469774930352687,ADDS-BEYOND,1,1,0.003897203839022365,-0.015818101485682547,0.023633791424142996,TAUTOLOG,0,0,0,INCONCLUSIVE-kernel-disagree,0
3000,0.998,17,0.1947406635593656,0.11952757414442727,0.31403799918523595,ADDS-BEYOND,1,1,-0.002833063834371512,-0.023251949177284917,0.018889842270861934,TAUTOLOG,0,0,0,INCONCLUSIVE-kernel-disagree,0.19796504383781702,0.12452601134561586,0.3113874203068283,ADDS-BEYOND,1,1,4.410702462558073e-05,-0.018712861424272025,0.019905423469192808,TAUTOLOG,0,0,0,INCONCLUSIVE-kernel-disagree,0
3000,0.998,18,0.1852965371630563,0.1428399903304688,0.23877279521743128,ADDS-BEYOND,1,1,0.010150187077520485,-0.011636300373798394,0.03020457949788671,TAUTOLOG,0,0,0,INCONCLUSIVE-kernel-disagree,0.18494703166022197,0.14281401562119123,0.2408609148738851,ADDS-BEYOND,1,1,0.009773188088089205,-0.01177577474528157,0.029251508317112745,TAUTOLOG,0,0,0,INCONCLUSIVE-kernel-disagree,0
3000,0.998,19,0.2782087848994533,0.13144982749867884,0.34294446179516375,ADDS-BEYOND,1,1,0.016476062977768248,-0.004112724614823034,0.038440574673233766,TAUTOLOG,0,0,0,INCONCLUSIVE-kernel-disagree,0.2718238967849413,0.11982537565179069,0.342721730541268,ADDS-BEYOND,1,1,0.011913075209134484,-0.008606080092302806,0.033138914880078675,TAUTOLOG,0,0,0,INCONCLUSIVE-kernel-disagree,0
3000,0.998,20,0.2080524523519741,0.14554280538453973,0.25239830314544864,ADDS-BEYOND,1,1,-0.0024467791555453735,-0.02268536473861432,0.019932689789295216,TAUTOLOG,0,0,0,INCONCLUSIVE-kernel-disagree,0.20699550753399734,0.14091485652882593,0.2514390387892004,ADDS-BEYOND,1,1,-0.003812239781059404,-0.023758631977029456,0.01787425935395355,TAUTOLOG,0,0,0,INCONCLUSIVE-kernel-disagree,0
3000,0.998,21,0.2731882353334005,0.15570321966387315,0.3352226691263178,ADDS-BEYOND,1,1,-0.0029788491578707998,-0.02280685923107763,0.020689704798106744,TAUTOLOG,0,0,0,INCONCLUSIVE-kernel-disagree,0.27274249156477504,0.15501959791335979,0.3320846073738238,ADDS-BEYOND,1,1,-0.0035610618829284655,-0.02255657761966951,0.018349760840198775,TAUTOLOG,0,0,0,INCONCLUSIVE-kernel-disagree,0
3000,0.998,22,0.3040560232073235,0.2002737796150269,0.364107604980446,ADDS-BEYOND,1,1,0.02190354842906339,0.00029639613510040307,0.04341592140264154,ADDS-BEYOND,1,1,1,ADDS-BEYOND,0.3026947596565062,0.20228034122197544,0.3617699449946494,ADDS-BEYOND,1,1,0.020615623309996434,-0.0008808779893746458,0.04189041968362099,TAUTOLOG,0,0,0,INCONCLUSIVE-kernel-disagree,0
3000,0.998,23,0.2554873362640698,0.1652066291831091,0.31426803058123326,ADDS-BEYOND,1,1,0.011593647493951332,-0.009657073480042282,0.03216495819875377,TAUTOLOG,0,0,0,INCONCLUSIVE-kernel-disagree,0.2515631633787067,0.1644510339136425,0.30716241304836195,ADDS-BEYOND,1,1,0.008435120246290008,-0.010750158834926226,0.02898446627934438,TAUTOLOG,0,0,0,INCONCLUSIVE-kernel-disagree,0
3000,0.998,24,0.23422274903901902,0.1569307021940557,0.28420029713122413,ADDS-BEYOND,1,1,0.014247497523002063,-0.0055297057358970406,0.03524999008349665,TAUTOLOG,0,0,0,INCONCLUSIVE-kernel-disagree,0.2376382361663159,0.15262760017705454,0.2881247070259797,ADDS-BEYOND,1,1,0.017596381403257998,-0.00218268061566281,0.03817550369080021,TAUTOLOG,0,0,0,INCONCLUSIVE-kernel-disagree,0
3000,0.998,25,0.14812245465035176,0.0860392444188404,0.31363450476683213,ADDS-BEYOND,1,1,-0.011639611656455884,-0.032557877763717845,0.010069474480984615,TAUTOLOG,0,0,0,INCONCLUSIVE-kernel-disagree,0.15200711214975648,0.09219961731039741,0.3157694776715422,ADDS-BEYOND,1,1,-0.007721515016295087,-0.02765553113531984,0.014559554846566148,TAUTOLOG,0,0,0,INCONCLUSIVE-kernel-disagree,0
3000,0.998,26,0.29978596177618966,0.2254576325330367,0.3430902346847935,ADDS-BEYOND,1,1,0.010757471163944269,-0.009452513964137958,0.0344462445349831,TAUTOLOG,0,0,0,INCONCLUSIVE-kernel-disagree,0.3037814222095028,0.2323382032261463,0.3459849167801216,ADDS-BEYOND,1,1,0.014812531722679238,-0.004195482570471059,0.036981814765534346,TAUTOLOG,0,0,0,INCONCLUSIVE-kernel-disagree,0
3000,0.998,27,0.23542742034888753,0.15463218741182078,0.3100120604361997,ADDS-BEYOND,1,1,-0.0028618494714955753,-0.02530241051663926,0.018846627540911993,TAUTOLOG,0,0,0,INCONCLUSIVE-kernel-disagree,0.23126083966349523,0.15117518978564132,0.30491634949575525,ADDS-BEYOND,1,1,-0.006435911319576843,-0.02802583092523749,0.014715858384227587,TAUTOLOG,0,0,0,INCONCLUSIVE-kernel-disagree,0
3000,0.998,28,0.19240312752136662,0.13329735297806963,0.2798003084125339,ADDS-BEYOND,1,1,0.014271640315428696,-0.007451408656579387,0.03696066900896461,TAUTOLOG,0,0,0,INCONCLUSIVE-kernel-disagree,0.18962656527897334,0.13289148006316695,0.27574476295209327,ADDS-BEYOND,1,1,0.010690614200301284,-0.009251900874020877,0.03060215404869608,TAUTOLOG,0,0,0,INCONCLUSIVE-kernel-disagree,0
3000,0.998,29,0.24163364677375015,0.1461683281742408,0.3363676815249193,ADDS-BEYOND,1,1,-0.0043786668341458095,-0.025551775284611587,0.017678350763498284,TAUTOLOG,0,0,0,INCONCLUSIVE-kernel-disagree,0.2699940120085635,0.1523266925570818,0.34172433422206927,ADDS-BEYOND,1,1,0.004959486705794246,-0.014794562336417504,0.02584858315124627,TAUTOLOG,0,0,0,INCONCLUSIVE-kernel-disagree,0
3000,0.998,30,0.29584920130416237,0.17320597407344868,0.3630390618816781,ADDS-BEYOND,1,1,0.019088591689011856,-0.00425468583270953,0.04127048707212965,TAUTOLOG,0,0,0,INCONCLUSIVE-kernel-disagree,0.2897320996990185,0.1548550195566303,0.3501760429360853,ADDS-BEYOND,1,1,0.012913608241430553,-0.009160928192309651,0.03331081986692505,TAUTOLOG,0,0,0,INCONCLUSIVE-kernel-disagree,0
3000,0.998,31,0.27560896052742645,0.15099403498987332,0.3398058073815475,ADDS-BEYOND,1,1,0.0038948824166736506,-0.017156917097629367,0.025449150268711484,TAUTOLOG,0,0,0,INCONCLUSIVE-kernel-disagree,0.276857902486113,0.15675393555763828,0.3355612934609181,ADDS-BEYOND,1,1,0.004998486601252654,-0.015107028826128585,0.025097226143154357,TAUTOLOG,0,0,0,INCONCLUSIVE-kernel-disagree,0
3000,0.998,32,0.23070264336934532,0.16540148804728225,0.2930459861687358,ADDS-BEYOND,1,1,0.010506757550283073,-0.010409740684843538,0.03259515619754513,TAUTOLOG,0,0,0,INCONCLUSIVE-kernel-disagree,0.23007737630597214,0.1668464731236155,0.293229918095251,ADDS-BEYOND,1,1,0.009579581464206392,-0.01027494216606684,0.03083438019579398,TAUTOLOG,0,0,0,INCONCLUSIVE-kernel-disagree,0
3000,0.998,33,0.21244969746962333,0.09245203620394347,0.28686363249936064,ADDS-BEYOND,1,1,-0.003156670109782352,-0.024816511356557946,0.017365517468364153,TAUTOLOG,0,0,0,INCONCLUSIVE-kernel-disagree,0.21673727403231818,0.09735310987934795,0.287017254356645,ADDS-BEYOND,1,1,-0.00090024758683159,-0.022048856447787025,0.01841200522291576,TAUTOLOG,0,0,0,INCONCLUSIVE-kernel-disagree,0
3000,0.998,34,0.22753422337565396,0.1537606020215092,0.29544164330300426,ADDS-BEYOND,1,1,0.020453123745586402,-9.174218675731808e-05,0.041303497457396886,TAUTOLOG,0,0,0,INCONCLUSIVE-kernel-disagree,0.2250156349413894,0.149164141200263,0.289450507570294,ADDS-BEYOND,1,1,0.016080492609547248,-0.004064816086696225,0.037155803255909114,TAUTOLOG,0,0,0,INCONCLUSIVE-kernel-disagree,0
3000,0.998,35,0.1941566308358297,0.0825671489923165,0.28066790299987704,ADDS-BEYOND,1,1,-0.01793809477298881,-0.039654967905026,0.004731707865899539,TAUTOLOG,0,0,0,INCONCLUSIVE-kernel-disagree,0.19543284878961031,0.087498829981355,0.2780326183804534,ADDS-BEYOND,1,1,-0.017349382065354746,-0.036936070457538106,0.004618430045199826,TAUTOLOG,0,0,0,INCONCLUSIVE-kernel-disagree,0
3000,0.998,36,0.29420574838062247,0.2374969245613143,0.37888803120408615,ADDS-BEYOND,1,1,0.015373387362128729,-0.004606233446207457,0.03603744890741007,TAUTOLOG,0,0,0,INCONCLUSIVE-kernel-disagree,0.29262253967396906,0.2354114355815417,0.3783180873682149,ADDS-BEYOND,1,1,0.013672713349460285,-0.006221965554991953,0.03360245025971055,TAUTOLOG,0,0,0,INCONCLUSIVE-kernel-disagree,0
3000,0.998,37,0.26773450127951903,0.17605128744913087,0.31451980956174963,ADDS-BEYOND,1,1,-0.0004916772534577894,-0.0202478979524718,0.019634607499641323,TAUTOLOG,0,0,0,INCONCLUSIVE-kernel-disagree,0.2695189042205514,0.1838302084853481,0.31619504986636643,ADDS-BEYOND,1,1,0.005092272064140731,-0.01529354703064665,0.024470697233028697,TAUTOLOG,0,0,0,INCONCLUSIVE-kernel-disagree,0
3000,0.998,38,0.15811523662022797,0.09917278010292853,0.23975614763077385,ADDS-BEYOND,1,1,-0.012006396387552819,-0.03190089631733654,0.010729370456825465,TAUTOLOG,0,0,0,INCONCLUSIVE-kernel-disagree,0.15804561832049285,0.10140493116245627,0.241031385586999,ADDS-BEYOND,1,1,-0.011728289990176789,-0.03144838162215271,0.009025297865218803,TAUTOLOG,0,0,0,INCONCLUSIVE-kernel-disagree,0
3000,0.998,39,0.18579053333206647,0.13249541446519714,0.24403419909847227,ADDS-BEYOND,1,1,0.016930133189176855,-0.0056940096393924226,0.0394155156392897,TAUTOLOG,0,0,0,INCONCLUSIVE-kernel-disagree,0.18384256805528826,0.1317319236467377,0.24180828057791254,ADDS-BEYOND,1,1,0.014849674480258677,-0.006950867965664752,0.036437567934862865,TAUTOLOG,0,0,0,INCONCLUSIVE-kernel-disagree,0
3000,0.998,40,0.1712232494858949,0.10474628044696346,0.27474096156979677,ADDS-BEYOND,1,1,-0.019053306069311392,-0.03903778961854562,0.004324333945673368,TAUTOLOG,0,0,0,INCONCLUSIVE-kernel-disagree,0.17209551248250038,0.10271636950845381,0.2727876912215521,ADDS-BEYOND,1,1,-0.021598977816912016,-0.04216802070706168,-0.00014877972353108772,SIGN-FLIPPED,1,0,0,INCONCLUSIVE-kernel-disagree,0
3000,0.998,41,0.20302147322285902,0.09886899544988172,0.28401083410393624,ADDS-BEYOND,1,1,0.011025363302985956,-0.009930309734486538,0.03140419564319185,TAUTOLOG,0,0,0,INCONCLUSIVE-kernel-disagree,0.19986422999763329,0.0954113540157707,0.2787226938050885,ADDS-BEYOND,1,1,0.0053671284702285615,-0.014390958792333496,0.025991052236502284,TAUTOLOG,0,0,0,INCONCLUSIVE-kernel-disagree,0
3000,0.998,42,0.27524134803968037,0.20376658859022323,0.336185313449596,ADDS-BEYOND,1,1,0.009196082492198712,-0.01123650892190443,0.029345652054513994,TAUTOLOG,0,0,0,INCONCLUSIVE-kernel-disagree,0.26975097264178466,0.20081710718830534,0.32959201071191646,ADDS-BEYOND,1,1,0.0041251675136661555,-0.015633369646963553,0.02353355665057951,TAUTOLOG,0,0,0,INCONCLUSIVE-kernel-disagree,0
3000,0.998,43,0.31490307944495205,0.2113226574403433,0.38081139951519866,ADDS-BEYOND,1,1,0.021743834571471818,0.0006224375102901897,0.043658341203294135,ADDS-BEYOND,1,1,1,ADDS-BEYOND,0.32905300350544264,0.21659584600671067,0.38323687893259906,ADDS-BEYOND,1,1,0.02429461344823961,0.004031841651901183,0.04456060970597455,ADDS-BEYOND,1,1,1,ADDS-BEYOND,1
3000,0.998,44,0.21073796924345234,0.10951293249379193,0.27821726866343194,ADDS-BEYOND,1,1,-0.006947088520763837,-0.0283590047419299,0.014230577854847312,TAUTOLOG,0,0,0,INCONCLUSIVE-kernel-disagree,0.22632235169664985,0.11919362348323277,0.2850875230900549,ADDS-BEYOND,1,1,6.453554129427075e-05,-0.01978731824662965,0.02087914389534793,TAUTOLOG,0,0,0,INCONCLUSIVE-kernel-disagree,0
3000,0.998,45,0.2498095870330787,0.19606312916548907,0.2930355879797894,ADDS-BEYOND,1,1,0.00665226788247706,-0.015152329078014944,0.027216814653819584,TAUTOLOG,0,0,0,INCONCLUSIVE-kernel-disagree,0.24772054989883235,0.18851906644906735,0.2906308907504763,ADDS-BEYOND,1,1,-0.0005664270530864052,-0.020574239909689113,0.01988279200303647,TAUTOLOG,0,0,0,INCONCLUSIVE-kernel-disagree,0
3000,0.998,46,0.27825568306198933,0.18674447461218205,0.3572991078657161,ADDS-BEYOND,1,1,0.015530315512901847,-0.006469025508771941,0.038724306050831436,TAUTOLOG,0,0,0,INCONCLUSIVE-kernel-disagree,0.27213376297047304,0.18340747671527893,0.34165996972109314,ADDS-BEYOND,1,1,0.00923183239636892,-0.012390568933667587,0.0315433593411749,TAUTOLOG,0,0,0,INCONCLUSIVE-kernel-disagree,0
3000,0.998,47,0.16206501436772694,0.07071633363961284,0.23112008231054582,ADDS-BEYOND,1,1,-0.011674432991686606,-0.034120942161585135,0.008947878466800388,TAUTOLOG,0,0,0,INCONCLUSIVE-kernel-disagree,0.16257821738638067,0.07377305856967305,0.22965123319591735,ADDS-BEYOND,1,1,-0.01103743469919927,-0.032007183771511315,0.008156356358537805,TAUTOLOG,0,0,0,INCONCLUSIVE-kernel-disagree,0
3000,0.998,48,0.22210238765473195,0.14531983019798927,0.3441836560146282,ADDS-BEYOND,1,1,0.01701788295395828,-0.005157723243466361,0.038321554470528055,TAUTOLOG,0,0,0,INCONCLUSIVE-kernel-disagree,0.21783033283691033,0.14085929837028158,0.3333809185631359,ADDS-BEYOND,1,1,0.013340749953594072,-0.007732270194277244,0.03402158161711913,TAUTOLOG,0,0,0,INCONCLUSIVE-kernel-disagree,0
3000,0.998,49,0.22043501216881228,0.14079605491025238,0.33737538532307704,ADDS-BEYOND,1,1,-0.008423048850076692,-0.03042952623869702,0.012052313881626286,TAUTOLOG,0,0,0,INCONCLUSIVE-kernel-disagree,0.22406954666621554,0.14586298916894222,0.3418032980116161,ADDS-BEYOND,1,1,-0.0045332735625702135,-0.024825699030319406,0.014796687088135356,TAUTOLOG,0,0,0,INCONCLUSIVE-kernel-disagree,0
3000,0.998,50,0.24016817044627747,0.177600079926682,0.29199220629863554,ADDS-BEYOND,1,1,0.020712658764172713,-0.0017372582432945525,0.04275026574342423,TAUTOLOG,0,0,0,INCONCLUSIVE-kernel-disagree,0.2366782076441577,0.17044247111335561,0.2854051918674051,ADDS-BEYOND,1,1,0.015990885706886858,-0.004833233318244176,0.03577096853401773,TAUTOLOG,0,0,0,INCONCLUSIVE-kernel-disagree,0
3000,0.998,51,0.164161698384424,0.10121050203879965,0.24618301018424663,ADDS-BEYOND,1,1,0.011005399070787007,-0.011621559891342967,0.031956607591863834,TAUTOLOG,0,0,0,INCONCLUSIVE-kernel-disagree,0.1684459921708303,0.10721521319347718,0.2574506761565315,ADDS-BEYOND,1,1,0.015218316349234581,-0.007156448367715623,0.03601895304254855,TAUTOLOG,0,0,0,INCONCLUSIVE-kernel-disagree,0
3000,0.998,52,0.17885735583928578,0.0946561283170413,0.2368649554531171,ADDS-BEYOND,1,1,-0.0018761735422312814,-0.022326280624513258,0.019985215006864645,TAUTOLOG,0,0,0,INCONCLUSIVE-kernel-disagree,0.18010703347200746,0.09642042628052924,0.23998448612709336,ADDS-BEYOND,1,1,-0.0003027134742724067,-0.020121271038045396,0.02119686474803144,TAUTOLOG,0,0,0,INCONCLUSIVE-kernel-disagree,0
3000,0.998,53,0.17575906746019984,0.11525047029576624,0.2964300268211278,ADDS-BEYOND,1,1,0.006502768283219829,-0.015848418492197935,0.02973341853160856,TAUTOLOG,0,0,0,INCONCLUSIVE-kernel-disagree,0.17157074096821387,0.10998134112798297,0.2879281819672923,ADDS-BEYOND,1,1,0.001478281751661569,-0.019706852313517813,0.022174872777268727,TAUTOLOG,0,0,0,INCONCLUSIVE-kernel-disagree,0
3000,0.998,54,0.26742608453948213,0.17097922936277865,0.3091701910253132,ADDS-BEYOND,1,1,-0.002274065332800994,-0.023364190701429047,0.018776409473744416,TAUTOLOG,0,0,0,INCONCLUSIVE-kernel-disagree,0.2642979630747516,0.16939657845019893,0.3047135300630632,ADDS-BEYOND,1,1,-0.004561130630754791,-0.026344221098661694,0.01529725650141634,TAUTOLOG,0,0,0,INCONCLUSIVE-kernel-disagree,0
3000,0.998,55,0.17218323863400928,0.08797056499566003,0.23703742279691745,ADDS-BEYOND,1,1,-0.001022354402373987,-0.022537591581373865,0.018879569405623187,TAUTOLOG,0,0,0,INCONCLUSIVE-kernel-disagree,0.18750552566394801,0.09312790630129117,0.2512876053236122,ADDS-BEYOND,1,1,0.005675413358137883,-0.014073664577004288,0.025713915482255458,TAUTOLOG,0,0,0,INCONCLUSIVE-kernel-disagree,0
3000,0.998,56,0.2239453499482917,0.14617388074809,0.28174668143991916,ADDS-BEYOND,1,1,0.012851394122484996,-0.009091508940953133,0.0349407591266372,TAUTOLOG,0,0,0,INCONCLUSIVE-kernel-disagree,0.21284505386080305,0.13816030519246125,0.27151043271984915,ADDS-BEYOND,1,1,0.00476680865085092,-0.016203713294746975,0.02544392802770351,TAUTOLOG,0,0,0,INCONCLUSIVE-kernel-disagree,0
3000,0.998,57,0.26479968815092186,0.15433929031518268,0.3228174757725218,ADDS-BEYOND,1,1,-0.0008514977175085797,-0.024495993941628796,0.02053269271681531,TAUTOLOG,0,0,0,INCONCLUSIVE-kernel-disagree,0.25990162364261704,0.14830757444022877,0.31790255741969053,ADDS-BEYOND,1,1,-0.005335092841816297,-0.027148574030150557,0.01553838867231833,TAUTOLOG,0,0,0,INCONCLUSIVE-kernel-disagree,0
3000,0.998,58,0.26923261156481837,0.14633854186395484,0.3355161401714783,ADDS-BEYOND,1,1,-0.0012883894035367004,-0.02196836939695265,0.020459832778307173,TAUTOLOG,0,0,0,INCONCLUSIVE-kernel-disagree,0.27629308269454267,0.15246210628321583,0.34184620740787486,ADDS-BEYOND,1,1,0.005336949979695268,-0.014120765783755136,0.025967150422299735,TAUTOLOG,0,0,0,INCONCLUSIVE-kernel-disagree,0
3000,0.998,59,0.2736471051523835,0.17756332154281393,0.33238625778850706,ADDS-BEYOND,1,1,0.006640660770733487,-0.014104073298459184,0.029485562339269286,TAUTOLOG,0,0,0,INCONCLUSIVE-kernel-disagree,0.270374587698638,0.17532994544433075,0.3306163004953495,ADDS-BEYOND,1,1,0.003978453621227383,-0.016086525913393934,0.02554758344304432,TAUTOLOG,0,0,0,INCONCLUSIVE-kernel-disagree,0
3000,0.998,60,0.1892847946503507,0.13970670348197847,0.2419047831054101,ADDS-BEYOND,1,1,0.0030150633465107503,-0.02010064861893455,0.023146299893403607,TAUTOLOG,0,0,0,INCONCLUSIVE-kernel-disagree,0.19321220402306544,0.14094767446591308,0.24681869492454037,ADDS-BEYOND,1,1,0.006276197461985268,-0.015216897841928742,0.02554645469008574,TAUTOLOG,0,0,0,INCONCLUSIVE-kernel-disagree,0
3000,0.998,61,0.1907348320764769,0.11900157610569861,0.32507109020503294,ADDS-BEYOND,1,1,0.023471437083385352,0.0023535975991130493,0.0448247829721435,ADDS-BEYOND,1,1,1,ADDS-BEYOND,0.18584936216197262,0.11095833165826756,0.31635023849072824,ADDS-BEYOND,1,1,0.018560235962444372,-0.00240379848742149,0.039291194327341364,TAUTOLOG,0,0,0,INCONCLUSIVE-kernel-disagree,0
3000,0.998,62,0.2567421546920386,0.1913987058702198,0.30084423338824007,ADDS-BEYOND,1,1,0.01107968458594588,-0.009803975867770705,0.031934615953350995,TAUTOLOG,0,0,0,INCONCLUSIVE-kernel-disagree,0.25591529239347083,0.19067505969447826,0.30026185663220156,ADDS-BEYOND,1,1,0.009999294624854023,-0.011239097933988577,0.02995139917303455,TAUTOLOG,0,0,0,INCONCLUSIVE-kernel-disagree,0
3000,0.998,63,0.29008064746327866,0.18966108950742977,0.3643483370797972,ADDS-BEYOND,1,1,0.02278801034392372,0.0021194209342706607,0.04390270315613233,ADDS-BEYOND,1,1,1,ADDS-BEYOND,0.2881492860006287,0.18741184573059727,0.36011309210764775,ADDS-BEYOND,1,1,0.020684801695988134,0.0012965530675702226,0.04160605116257894,ADDS-BEYOND,1,1,1,ADDS-BEYOND,1
3000,0.998,64,0.2684297769032287,0.13572777240786593,0.3108589912071201,ADDS-BEYOND,1,1,0.014987102683302592,-0.0055192984888821385,0.03579455170300586,TAUTOLOG,0,0,0,INCONCLUSIVE-kernel-disagree,0.2625343652210841,0.13020819781877735,0.3043009999064726,ADDS-BEYOND,1,1,0.009790830897939437,-0.01021494232602113,0.028361083006373116,TAUTOLOG,0,0,0,INCONCLUSIVE-kernel-disagree,0
3000,0.998,65,0.215244945760494,0.15286192729509135,0.31225194070144197,ADDS-BEYOND,1,1,0.003989596448501213,-0.016496526574387188,0.02581375281678829,TAUTOLOG,0,0,0,INCONCLUSIVE-kernel-disagree,0.22434555143545973,0.16161141946686736,0.3153759584915783,ADDS-BEYOND,1,1,0.008056264118979757,-0.012340836329273835,0.028627731256842086,TAUTOLOG,0,0,0,INCONCLUSIVE-kernel-disagree,0
3000,0.998,66,0.2376352274830412,0.1700697943557528,0.3071654711558399,ADDS-BEYOND,1,1,0.011641468794334855,-0.009773630721517943,0.03278735713503962,TAUTOLOG,0,0,0,INCONCLUSIVE-kernel-disagree,0.23747917338145158,0.17347530724724838,0.3095764032535614,ADDS-BEYOND,1,1,0.01145529072196793,-0.009585554215641834,0.031925980388965956,TAUTOLOG,0,0,0,INCONCLUSIVE-kernel-disagree,0
3000,0.998,67,0.22359195404489823,0.1439049813350246,0.29604897544202924,ADDS-BEYOND,1,1,0.012686573135726248,-0.008418293109287473,0.03415752773411843,TAUTOLOG,0,0,0,INCONCLUSIVE-kernel-disagree,0.22511068856030103,0.14812080505998054,0.2968501389709358,ADDS-BEYOND,1,1,0.014151854922235014,-0.006024641208503391,0.034930147048514194,TAUTOLOG,0,0,0,INCONCLUSIVE-kernel-disagree,0
3000,0.998,68,0.2657248848267737,0.19634228018454586,0.3164108656454677,ADDS-BEYOND,1,1,0.005055593591031037,-0.01660299050884287,0.026706697391155994,TAUTOLOG,0,0,0,INCONCLUSIVE-kernel-disagree,0.2708876929059328,0.201286393238179,0.3228107745851225,ADDS-BEYOND,1,1,0.008631048292521535,-0.011979037316030179,0.029022239995969257,TAUTOLOG,0,0,0,INCONCLUSIVE-kernel-disagree,0
3000,0.998,69,0.29184110843550576,0.16027955435295088,0.34226839837233775,ADDS-BEYOND,1,1,0.014204319067315969,-0.0065959583064710255,0.0364281643376177,TAUTOLOG,0,0,0,INCONCLUSIVE-kernel-disagree,0.29493431018153954,0.16459983657853958,0.34348837669206583,ADDS-BEYOND,1,1,0.016783419296738083,-0.0032287849035794714,0.03859293669888245,TAUTOLOG,0,0,0,INCONCLUSIVE-kernel-disagree,0
3000,0.998,70,0.20583468912534086,0.11139286344696117,0.25859065570641526,ADDS-BEYOND,1,1,-0.0016101385410685683,-0.02143026147902242,0.019011693046584344,TAUTOLOG,0,0,0,INCONCLUSIVE-kernel-disagree,0.2085551341852405,0.11254349355748822,0.2601410278765245,ADDS-BEYOND,1,1,0.0008626405447824105,-0.019464962885902812,0.021512330084941328,TAUTOLOG,0,0,0,INCONCLUSIVE-kernel-disagree,0
3000,0.998,71,0.1405450099777037,0.08494377259383876,0.26672176467929626,ADDS-BEYOND,1,1,0.0029421706847611064,-0.01867617169048538,0.023534064947134073,TAUTOLOG,0,0,0,INCONCLUSIVE-kernel-disagree,0.14208952070493142,0.08382582958993612,0.26071205964781813,ADDS-BEYOND,1,1,0.0013013893686895032,-0.019792195194849267,0.02112925278398375,TAUTOLOG,0,0,0,INCONCLUSIVE-kernel-disagree,0
3000,0.998,72,0.20429515102855467,0.13025961250240103,0.29457220260070194,ADDS-BEYOND,1,1,0.0012679608868680103,-0.018950254258606147,0.022676285835285977,TAUTOLOG,0,0,0,INCONCLUSIVE-kernel-disagree,0.2021841445347903,0.1297314496011789,0.29369876232061676,ADDS-BEYOND,1,1,-0.001281889420960299,-0.020251697361220497,0.019165113065454438,TAUTOLOG,0,0,0,INCONCLUSIVE-kernel-disagree,0
3000,0.998,73,0.14391343486318642,0.0858890360054477,0.21784645129773536,ADDS-BEYOND,1,1,0.014537211032121668,-0.005776414424526094,0.03439902356769461,TAUTOLOG,0,0,0,INCONCLUSIVE-kernel-disagree,0.132512676731118,0.07786383736066826,0.20961801971144411,ADDS-BEYOND,1,1,0.007227052056018839,-0.01415766196446279,0.026532116729314773,TAUTOLOG,0,0,0,INCONCLUSIVE-kernel-disagree,0
3000,0.998,74,0.3026386982547154,0.17032787762515347,0.36715136951317456,ADDS-BEYOND,1,1,0.022403582802976555,0.0014362127818392807,0.043352797602598234,ADDS-BEYOND,1,1,1,ADDS-BEYOND,0.30453837274932005,0.17137816276779058,0.37051256703529634,ADDS-BEYOND,1,1,0.024469184408862962,0.0031142303246647907,0.04323297129336726,ADDS-BEYOND,1,1,1,ADDS-BEYOND,1
3000,0.998,75,0.2180083602253068,0.17678340627649386,0.2831984405839582,ADDS-BEYOND,1,1,0.02340829439550031,0.0019398806653288191,0.043601106287879686,ADDS-BEYOND,1,1,1,ADDS-BEYOND,0.2149110545641401,0.17489742098411962,0.2802116152109598,ADDS-BEYOND,1,1,0.0201137317982043,5.0543054768056755e-05,0.03936259297479656,ADDS-BEYOND,1,1,1,ADDS-BEYOND,1
3000,0.998,76,0.32290343704364655,0.25032300535708996,0.37322849967631333,ADDS-BEYOND,1,1,0.00011096398826856627,-0.019990427598235303,0.022208879421324493,TAUTOLOG,0,0,0,INCONCLUSIVE-kernel-disagree,0.31771057910647743,0.24453487464820733,0.36812162844499574,ADDS-BEYOND,1,1,-0.004016060663276561,-0.022933988627169402,0.017235035231127835,TAUTOLOG,0,0,0,INCONCLUSIVE-kernel-disagree,0
3000,0.998,77,0.27322280070653654,0.20898342487589022,0.32915398134902124,ADDS-BEYOND,1,1,0.00978990232899995,-0.010206892742435187,0.032171788251732086,TAUTOLOG,0,0,0,INCONCLUSIVE-kernel-disagree,0.27737325166877697,0.21276483516247574,0.3291082802252956,ADDS-BEYOND,1,1,0.013452642510802124,-0.005797975325291139,0.034467453198575124,TAUTOLOG,0,0,0,INCONCLUSIVE-kernel-disagree,0
3000,0.998,78,0.17443090397425243,0.10873344005629695,0.29372032759169237,ADDS-BEYOND,1,1,0.007478229954149777,-0.01370223702552435,0.02837983264458015,TAUTOLOG,0,0,0,INCONCLUSIVE-kernel-disagree,0.17266026694414624,0.10528602870499376,0.2869080334219282,ADDS-BEYOND,1,1,0.0049427724648834995,-0.014514632921894166,0.02650254156071447,TAUTOLOG,0,0,0,INCONCLUSIVE-kernel-disagree,0
3000,0.998,79,0.22606710236783328,0.11531174902553012,0.27817730314374584,ADDS-BEYOND,1,1,0.005988805375214378,-0.015595258412068592,0.026930777528950952,TAUTOLOG,0,0,0,INCONCLUSIVE-kernel-disagree,0.22992693619630725,0.12213104170146903,0.28272360924773543,ADDS-BEYOND,1,1,0.009459331786542968,-0.00993460834764698,0.03002620020375517,TAUTOLOG,0,0,0,INCONCLUSIVE-kernel-disagree,0
3000,0.998,80,0.1617363941859582,0.10354842240141504,0.23237939759404666,ADDS-BEYOND,1,1,-0.003977525052287896,-0.02392291081522097,0.017246339748080264,TAUTOLOG,0,0,0,INCONCLUSIVE-kernel-disagree,0.16938579135169227,0.11067081595043454,0.24198017270467714,ADDS-BEYOND,1,1,0.0015144959403015196,-0.018119758051112368,0.021490284197937016,TAUTOLOG,0,0,0,INCONCLUSIVE-kernel-disagree,0
3000,0.998,81,0.26247596782699334,0.13903453169497482,0.3371474030356023,ADDS-BEYOND,1,1,-0.008267049268243058,-0.02990083075141312,0.011421546891732182,TAUTOLOG,0,0,0,INCONCLUSIVE-kernel-disagree,0.26701374440844317,0.13804500456901753,0.33992255524387605,ADDS-BEYOND,1,1,-0.005183271820210351,-0.025563927668871198,0.013896150714265393,TAUTOLOG,0,0,0,INCONCLUSIVE-kernel-disagree,0
3000,0.998,82,0.16609309196397137,0.11076204990536076,0.22469129661986845,ADDS-BEYOND,1,1,-0.024133042452769062,-0.04371420764985411,-0.0022128211814539042,SIGN-FLIPPED,1,0,0,INCONCLUSIVE-kernel-disagree,0.16801865536524824,0.1139958299472348,0.2217314085562826,ADDS-BEYOND,1,1,-0.022022405253317587,-0.04097196467854682,-0.00020763546184565096,SIGN-FLIPPED,1,0,0,INCONCLUSIVE-kernel-disagree,0
3000,0.998,83,0.18879564854873154,0.1194158121613833,0.28362909188122504,ADDS-BEYOND,1,1,-0.015594851054196118,-0.035872667010954984,0.00506811460960078,TAUTOLOG,0,0,0,INCONCLUSIVE-kernel-disagree,0.1880778512969687,0.11947175317160415,0.28376509739455535,ADDS-BEYOND,1,1,-0.015904993079984414,-0.035305255693391054,0.0051189958941453275,TAUTOLOG,0,0,0,INCONCLUSIVE-kernel-disagree,0
3000,0.998,84,0.20314512886358727,0.11365979820528248,0.2775679346453445,ADDS-BEYOND,1,1,0.0013464249622545698,-0.020239675908133272,0.022577024766493994,TAUTOLOG,0,0,0,INCONCLUSIVE-kernel-disagree,0.20105717864546296,0.11951174845240567,0.2676440787955413,ADDS-BEYOND,1,1,-0.002717921285875259,-0.022919937781741367,0.017795042985170383,TAUTOLOG,0,0,0,INCONCLUSIVE-kernel-disagree,0
3000,0.998,85,0.24292437564036776,0.15920547748452654,0.30150861674735835,ADDS-BEYOND,1,1,0.005036093643301834,-0.015025791694499187,0.026474740787003556,TAUTOLOG,0,0,0,INCONCLUSIVE-kernel-disagree,0.2422230035043253,0.16163907462185947,0.30202805675115507,ADDS-BEYOND,1,1,0.004124703229196413,-0.014544221869769195,0.024791246941243163,TAUTOLOG,0,0,0,INCONCLUSIVE-kernel-disagree,0
3000,0.998,86,0.19628863581908085,0.12776382938810088,0.3046350257388084,ADDS-BEYOND,1,1,0.0019295662562517212,-0.021277110199514098,0.02513879273650296,TAUTOLOG,0,0,0,INCONCLUSIVE-kernel-disagree,0.1959202377484025,0.13110526648975374,0.30324973571566904,ADDS-BEYOND,1,1,0.003516026289363399,-0.01720757105449184,0.0253980512905605,TAUTOLOG,0,0,0,INCONCLUSIVE-kernel-disagree,0
3000,0.998,87,0.24442896389920687,0.17451676775650382,0.28325205757274735,ADDS-BEYOND,1,1,-0.005739020330492668,-0.027879782165161,0.016184317309318942,TAUTOLOG,0,0,0,INCONCLUSIVE-kernel-disagree,0.2452418828977148,0.1727624941508955,0.28537334773017564,ADDS-BEYOND,1,1,-0.004536987838328157,-0.025160300818005917,0.015989972088980453,TAUTOLOG,0,0,0,INCONCLUSIVE-kernel-disagree,0
3000,0.998,88,0.23000611193470757,0.13128627412593302,0.28628110655558187,ADDS-BEYOND,1,1,0.006652732166946803,-0.013029113380875383,0.028077025438770782,TAUTOLOG,0,0,0,INCONCLUSIVE-kernel-disagree,0.22179379120808945,0.1251468612326235,0.2843381086161038,ADDS-BEYOND,1,1,0.0038340611511373233,-0.01473502679173042,0.023527315494078927,TAUTOLOG,0,0,0,INCONCLUSIVE-kernel-disagree,0
3000,0.998,89,0.24838629752061397,0.16056926600206198,0.3001996257302299,ADDS-BEYOND,1,1,0.007786979126528842,-0.014613392757734175,0.02729707044678931,TAUTOLOG,0,0,0,INCONCLUSIVE-kernel-disagree,0.2485265666222268,0.16267571468430797,0.30170004727140204,ADDS-BEYOND,1,1,0.00808179976481562,-0.013398709608294408,0.027619977138037564,TAUTOLOG,0,0,0,INCONCLUSIVE-kernel-disagree,0
3000,0.998,90,0.19637962303477574,0.14768971157799007,0.3190474748018475,ADDS-BEYOND,1,1,0.00938597484032358,-0.01058576950444002,0.0315161761636182,TAUTOLOG,0,0,0,INCONCLUSIVE-kernel-disagree,0.1960385546918078,0.1451479740323821,0.3205459885638416,ADDS-BEYOND,1,1,0.008621762603126677,-0.0115684207046224,0.029849062764976456,TAUTOLOG,0,0,0,INCONCLUSIVE-kernel-disagree,0
3000,0.998,91,0.13540427453999143,0.0942454793043275,0.22759789837059,ADDS-BEYOND,1,1,-0.006657839296113976,-0.02764543048747334,0.015860284881249808,TAUTOLOG,0,0,0,INCONCLUSIVE-kernel-disagree,0.13592126071963867,0.09413200459684556,0.2228517646496284,ADDS-BEYOND,1,1,-0.005593699291463123,-0.026032923416928668,0.014204169832513363,TAUTOLOG,0,0,0,INCONCLUSIVE-kernel-disagree,0
3000,0.998,92,0.22257898198191553,0.11691579089629622,0.2832607866830501,ADDS-BEYOND,1,1,-0.006051483778629677,-0.02770212033821002,0.014998471875753665,TAUTOLOG,0,0,0,INCONCLUSIVE-kernel-disagree,0.2207698863431037,0.11351136720820133,0.27954883891742843,ADDS-BEYOND,1,1,-0.008112442539818654,-0.027890014646595716,0.012408436723386849,TAUTOLOG,0,0,0,INCONCLUSIVE-kernel-disagree,0
3000,0.998,93,0.30586735902172885,0.23700515002740416,0.3706237042587249,ADDS-BEYOND,1,1,0.020646730369469214,5.865557045096108e-05,0.04293392604421024,ADDS-BEYOND,1,1,1,ADDS-BEYOND,0.30473084808255263,0.23739611902106747,0.36945009006653096,ADDS-BEYOND,1,1,0.019581197511409132,-0.0003338764838649156,0.04230684921570189,TAUTOLOG,0,0,0,INCONCLUSIVE-kernel-disagree,0
3000,0.998,94,0.20802377387006055,0.095649228628083,0.27759455920585674,ADDS-BEYOND,1,1,0.008303727741352752,-0.01470147085779146,0.030390664495430764,TAUTOLOG,0,0,0,INCONCLUSIVE-kernel-disagree,0.20586037462729198,0.08795109554050891,0.27665607479644705,ADDS-BEYOND,1,1,0.006229304730541229,-0.015172147729500873,0.026287202827446378,TAUTOLOG,0,0,0,INCONCLUSIVE-kernel-disagree,0
3000,0.998,95,0.18928006023497024,0.12412598379672811,0.24111759775383385,ADDS-BEYOND,1,1,0.015124530886346504,-0.006898936566626493,0.03683137988882938,TAUTOLOG,0,0,0,INCONCLUSIVE-kernel-disagree,0.16710038096849994,0.1083753648600433,0.2352889543054562,ADDS-BEYOND,1,1,0.00818254949474984,-0.012932658936853683,0.029112945437637806,TAUTOLOG,0,0,0,INCONCLUSIVE-kernel-disagree,0
3000,0.998,96,0.21952045760341307,0.10462774394561347,0.27650477219876973,ADDS-BEYOND,1,1,-0.0007331051777241261,-0.021236870019393308,0.01973179749366386,TAUTOLOG,0,0,0,INCONCLUSIVE-kernel-disagree,0.22011415443749593,0.11049552089571651,0.27803761955088935,ADDS-BEYOND,1,1,-4.178560227686596e-05,-0.019532274185036762,0.01938480538491746,TAUTOLOG,0,0,0,INCONCLUSIVE-kernel-disagree,0
3000,0.998,97,0.18547135682380714,0.12345839766779997,0.2714327332507321,ADDS-BEYOND,1,1,0.008610619775852845,-0.013795554467734481,0.031702816750445506,TAUTOLOG,0,0,0,INCONCLUSIVE-kernel-disagree,0.18553180091013746,0.12127926896944159,0.2708659876405279,ADDS-BEYOND,1,1,0.008660762498585084,-0.01270486961911068,0.03081959659548125,TAUTOLOG,0,0,0,INCONCLUSIVE-kernel-disagree,0
3000,0.998,98,0.24357330512884018,0.14651795447299631,0.2970480821138967,ADDS-BEYOND,1,1,0.0056350206092702455,-0.015298067482920433,0.02833826763262912,TAUTOLOG,0,0,0,INCONCLUSIVE-kernel-disagree,0.24216901477946576,0.14414150072185153,0.29646692016972975,ADDS-BEYOND,1,1,0.004282559948909017,-0.015769309645030278,0.025512005969246996,TAUTOLOG,0,0,0,INCONCLUSIVE-kernel-disagree,0
3000,0.998,99,0.2179887198541661,0.13190401668383847,0.35601857068752146,ADDS-BEYOND,1,1,0.019195841401522477,-0.0016097560361452868,0.04077158506718358,TAUTOLOG,0,0,0,INCONCLUSIVE-kernel-disagree,0.26911617718411746,0.12946925592977473,0.34895490074158225,ADDS-BEYOND,1,1,0.015556315443207454,-0.0038375086390961812,0.035950071169116284,TAUTOLOG,0,0,0,INCONCLUSIVE-kernel-disagree,0
3000,0.998,100,0.28902988089163023,0.18544604432708284,0.3425372419134782,ADDS-BEYOND,1,1,0.0034561335927665577,-0.017106341890592458,0.026165435686106773,TAUTOLOG,0,0,0,INCONCLUSIVE-kernel-disagree,0.28808567187991274,0.18337062953955804,0.33935246140705805,ADDS-BEYOND,1,1,0.0024816004907760947,-0.01668382950914765,0.024780256284074154,TAUTOLOG,0,0,0,INCONCLUSIVE-kernel-disagree,0
3000,0.998,101,0.17298665369538951,0.129567665357688,0.2663212938391211,ADDS-BEYOND,1,1,0.004548594950071731,-0.018920910406466096,0.02549291968519828,TAUTOLOG,0,0,0,INCONCLUSIVE-kernel-disagree,0.18887301260795375,0.1433372451008077,0.28986121043648966,ADDS-BEYOND,1,1,0.012514787881921353,-0.009802207081730959,0.033202857150116005,TAUTOLOG,0,0,0,INCONCLUSIVE-kernel-disagree,0
3000,0.998,102,0.23900204165548458,0.1943852754679324,0.3307944561901783,ADDS-BEYOND,1,1,0.015665422293597048,-0.005254426861951367,0.03691213887374154,TAUTOLOG,0,0,0,INCONCLUSIVE-kernel-disagree,0.23833822997373555,0.19485899644416174,0.32735520439376814,ADDS-BEYOND,1,1,0.014859888738593022,-0.006379706099362526,0.035219945625154854,TAUTOLOG,0,0,0,INCONCLUSIVE-kernel-disagree,0
3000,0.998,103,0.1862734496507066,0.13769706693033706,0.2910678719034752,ADDS-BEYOND,1,1,0.011001684795029065,-0.009930993460804432,0.031236830102708103,TAUTOLOG,0,0,0,INCONCLUSIVE-kernel-disagree,0.1917693023487374,0.13817313217582672,0.2927198718698675,ADDS-BEYOND,1,1,0.011768218454574682,-0.008703284285186182,0.03239971559418911,TAUTOLOG,0,0,0,INCONCLUSIVE-kernel-disagree,0
3000,0.998,104,0.20589080651570008,0.10196486943237627,0.26042252674824756,ADDS-BEYOND,1,1,0.013566392205889148,-0.007459975157051822,0.03536353687758995,TAUTOLOG,0,0,0,INCONCLUSIVE-kernel-disagree,0.21627989815717272,0.11415291711151807,0.27106362469404666,ADDS-BEYOND,1,1,0.019623911682625485,-0.0017096969961997287,0.039945411272447745,TAUTOLOG,0,0,0,INCONCLUSIVE-kernel-disagree,0
3000,0.998,105,0.14490964914464632,0.08701622850952662,0.2699690286245969,ADDS-BEYOND,1,1,-0.0033748838105615406,-0.0252998208718315,0.017309584308073393,TAUTOLOG,0,0,0,INCONCLUSIVE-kernel-disagree,0.20400431439824745,0.09444228375898141,0.28070987995471114,ADDS-BEYOND,1,1,0.0027485640608782944,-0.017378155307250263,0.023352286112791165,TAUTOLOG,0,0,0,INCONCLUSIVE-kernel-disagree,0
3000,0.998,106,0.13390181438164211,0.07036834787563225,0.21832830506996345,ADDS-BEYOND,1,1,0.00527427157627997,-0.014927719282898775,0.026074564571612363,TAUTOLOG,0,0,0,INCONCLUSIVE-kernel-disagree,0.13483871080340162,0.07091469812858342,0.22002675356022897,ADDS-BEYOND,1,1,0.0060194481502174125,-0.013691628272584662,0.02563895833247487,TAUTOLOG,0,0,0,INCONCLUSIVE-kernel-disagree,0
3000,0.998,107,0.19218903817146543,0.10614410940836003,0.2943672771438338,ADDS-BEYOND,1,1,0.009490438846015744,-0.010988312956934058,0.030847711056786607,TAUTOLOG,0,0,0,INCONCLUSIVE-kernel-disagree,0.19636308092552016,0.09764125884230977,0.28103578529228984,ADDS-BEYOND,1,1,0.0025869930654077457,-0.01711107204065427,0.022580996022058777,TAUTOLOG,0,0,0,INCONCLUSIVE-kernel-disagree,0
3000,0.998,108,0.11419977386291794,0.0659025847668188,0.19952876517409693,ADDS-BEYOND,1,1,0.015369673086370786,-0.0050427898125007375,0.03757711768448769,TAUTOLOG,0,0,0,INCONCLUSIVE-kernel-disagree,0.11352532335880944,0.06749384497148368,0.1965247200838662,ADDS-BEYOND,1,1,0.01459431802190005,-0.0047926500835016395,0.03525084330996878,TAUTOLOG,0,0,0,INCONCLUSIVE-kernel-disagree,0
3000,0.998,109,0.22454217813956642,0.13231428565136072,0.2662408323845387,ADDS-BEYOND,1,1,-6.778553258247144e-05,-0.021537885515358474,0.021366104989947253,TAUTOLOG,0,0,0,INCONCLUSIVE-kernel-disagree,0.21327290885628522,0.11786560198375452,0.25723225888566303,ADDS-BEYOND,1,1,-0.01027368674647211,-0.0297602430830916,0.00938636531653045,TAUTOLOG,0,0,0,INCONCLUSIVE-kernel-disagree,0
3000,0.998,110,0.26106736572578837,0.16530002700557375,0.31778746423451587,ADDS-BEYOND,1,1,0.013926212669939939,-0.007700960218775491,0.03626892052438796,TAUTOLOG,0,0,0,INCONCLUSIVE-kernel-disagree,0.2602802896003191,0.16267685894987483,0.31734573139683536,ADDS-BEYOND,1,1,0.012955858128177162,-0.006266367246870365,0.03367282409733765,TAUTOLOG,0,0,0,INCONCLUSIVE-kernel-disagree,0
3000,0.998,111,0.2888713476736092,0.20469566758873176,0.34843522958666584,ADDS-BEYOND,1,1,0.00530259292893429,-0.017808912262071305,0.02787326775989742,TAUTOLOG,0,0,0,INCONCLUSIVE-kernel-disagree,0.28923418259772427,0.20707957780252675,0.3518098096494143,ADDS-BEYOND,1,1,0.006680124950661638,-0.016556002947247718,0.02853954236310601,TAUTOLOG,0,0,0,INCONCLUSIVE-kernel-disagree,0
3000,0.998,112,0.2116265090793345,0.13336836923712736,0.3472026716920027,ADDS-BEYOND,1,1,0.006389482872602548,-0.015411148367084024,0.0284561537297133,TAUTOLOG,0,0,0,INCONCLUSIVE-kernel-disagree,0.21300450450801287,0.13529733579318134,0.34961554548877083,ADDS-BEYOND,1,1,0.007465229988996975,-0.013436447776273359,0.028137063841763548,TAUTOLOG,0,0,0,INCONCLUSIVE-kernel-disagree,0
3000,0.998,113,0.2123282021637297,0.12480498457014746,0.3393215594603868,ADDS-BEYOND,1,1,-0.00601898386574767,-0.02678398288605761,0.016587466521560006,TAUTOLOG,0,0,0,INCONCLUSIVE-kernel-disagree,0.20747418169668264,0.12542722383235638,0.33507154329965133,ADDS-BEYOND,1,1,-0.009867902119916767,-0.030619082052456705,0.01041898249411886,TAUTOLOG,0,0,0,INCONCLUSIVE-kernel-disagree,0
3000,0.998,114,0.22539169934273504,0.12873928661052378,0.3127016532149278,ADDS-BEYOND,1,1,-0.0014332461580965023,-0.023898838196224653,0.021393421384094374,TAUTOLOG,0,0,0,INCONCLUSIVE-kernel-disagree,0.22725985405593951,0.14018728458668642,0.31752650204393457,ADDS-BEYOND,1,1,0.0025777073760128865,-0.01873988867940193,0.02507770307477401,TAUTOLOG,0,0,0,INCONCLUSIVE-kernel-disagree,0
3000,0.998,115,0.26211914255373,0.13998315706079065,0.3199361838139306,ADDS-BEYOND,1,1,0.027742389920550795,0.007268862569621154,0.048234253849982485,ADDS-BEYOND,1,1,1,ADDS-BEYOND,0.26393372746905064,0.14326024062830658,0.3216042500743892,ADDS-BEYOND,1,1,0.02959117067906724,0.0098673891206207,0.049114534418704545,ADDS-BEYOND,1,1,1,ADDS-BEYOND,1
3000,0.998,116,0.17697610923511622,0.10744294354982131,0.27427315512157346,ADDS-BEYOND,1,1,0.02151819231917674,-0.00107203524259847,0.042709439743152174,TAUTOLOG,0,0,0,INCONCLUSIVE-kernel-disagree,0.16682691903173952,0.09454129918714027,0.269327966042591,ADDS-BEYOND,1,1,0.01170646862009887,-0.008355312515949764,0.030505818497067703,TAUTOLOG,0,0,0,INCONCLUSIVE-kernel-disagree,0
3000,0.998,117,0.19619246738652438,0.11982910570094987,0.2769567531823063,ADDS-BEYOND,1,1,0.004977593800114222,-0.01553578076110635,0.027119828696674987,TAUTOLOG,0,0,0,INCONCLUSIVE-kernel-disagree,0.19626747959467633,0.11662957011232468,0.2772272320599808,ADDS-BEYOND,1,1,0.005334164272876811,-0.013563882805922862,0.026348222776019434,TAUTOLOG,0,0,0,INCONCLUSIVE-kernel-disagree,0
3000,0.998,118,0.2658421789944031,0.1350816598317968,0.35788352832744824,ADDS-BEYOND,1,1,0.0023330294604583493,-0.018320826112246877,0.02388992171218223,TAUTOLOG,0,0,0,INCONCLUSIVE-kernel-disagree,0.2636492887217166,0.1304406054752275,0.35329366457769834,ADDS-BEYOND,1,1,-0.0006787838947642003,-0.02094529213659294,0.019208474704158617,TAUTOLOG,0,0,0,INCONCLUSIVE-kernel-disagree,0
3000,0.998,119,0.21911935802193294,0.15007122008122664,0.2858825516213382,ADDS-BEYOND,1,1,-0.007611479596966006,-0.028905026675830763,0.012210915107862092,TAUTOLOG,0,0,0,INCONCLUSIVE-kernel-disagree,0.2203240963384144,0.15051613195971572,0.2896158444547324,ADDS-BEYOND,1,1,-0.0062994116854724145,-0.027154312655860956,0.013273004353196812,TAUTOLOG,0,0,0,INCONCLUSIVE-kernel-disagree,0
3000,0.998,120,0.20535621404456103,0.11038562824873478,0.27253244666089743,ADDS-BEYOND,1,1,0.006365340080175915,-0.01632549098114704,0.028472650577968727,TAUTOLOG,0,0,0,INCONCLUSIVE-kernel-disagree,0.20731265821806422,0.11139412975909342,0.2774446113736226,ADDS-BEYOND,1,1,0.00821690654551082,-0.012572805834587704,0.029900602960020478,TAUTOLOG,0,0,0,INCONCLUSIVE-kernel-disagree,0
3000,0.998,121,0.3110009868619481,0.21115048024963431,0.3694423164080071,ADDS-BEYOND,1,1,0.01444203271582436,-0.0064368712368358585,0.035218528052177005,TAUTOLOG,0,0,0,INCONCLUSIVE-kernel-disagree,0.30847108259128714,0.20926222178563325,0.36589472672607154,ADDS-BEYOND,1,1,0.011256112684448203,-0.009594697391290749,0.0318047760038559,TAUTOLOG,0,0,0,INCONCLUSIVE-kernel-disagree,0
3000,0.998,122,0.2077932447109423,0.13488315410027077,0.3176083215108173,ADDS-BEYOND,1,1,0.0003923203769327971,-0.020016983618213514,0.02237704862560474,TAUTOLOG,0,0,0,INCONCLUSIVE-kernel-disagree,0.21025627575845152,0.13412611982032713,0.32037490554288744,ADDS-BEYOND,1,1,0.004333631240580742,-0.014839925525463609,0.023996693515747007,TAUTOLOG,0,0,0,INCONCLUSIVE-kernel-disagree,0
3000,0.998,123,0.23955644191338915,0.14684883202018567,0.28597437168568335,ADDS-BEYOND,1,1,0.02159062069645664,4.3090709559343745e-05,0.044787076072638744,ADDS-BEYOND,1,1,1,ADDS-BEYOND,0.24033221606460553,0.15119273781085676,0.28657899616304344,ADDS-BEYOND,1,1,0.022679832062473614,0.0012992463510370007,0.0438627526608227,ADDS-BEYOND,1,1,1,ADDS-BEYOND,1
3000,0.998,124,0.2710782577140354,0.20044242001725104,0.32911360888462554,ADDS-BEYOND,1,1,0.016628812568313677,-0.0042206759616590294,0.03754451875466217,TAUTOLOG,0,0,0,INCONCLUSIVE-kernel-disagree,0.26407734334331945,0.18829220321894938,0.3180666900939829,ADDS-BEYOND,1,1,0.007980585750411655,-0.012638687129678628,0.02822909515900774,TAUTOLOG,0,0,0,INCONCLUSIVE-kernel-disagree,0
3000,0.998,125,0.22113009697186214,0.09736117314822725,0.2893695426313763,ADDS-BEYOND,1,1,0.003816882625756834,-0.018423460078743684,0.022971694214106157,TAUTOLOG,0,0,0,INCONCLUSIVE-kernel-disagree,0.22391895086079655,0.10006092089098353,0.29148511762302615,ADDS-BEYOND,1,1,0.005756663140342901,-0.015153798007193837,0.024570456106314288,TAUTOLOG,0,0,0,INCONCLUSIVE-kernel-disagree,0
3000,0.998,126,0.19198606869982082,0.10157138093003307,0.25286815717993993,ADDS-BEYOND,1,1,-0.00586809141308121,-0.026177954915732306,0.014812480803689717,TAUTOLOG,0,0,0,INCONCLUSIVE-kernel-disagree,0.19794524686092263,0.10920742032608688,0.2527726388348803,ADDS-BEYOND,1,1,-0.0010102830061606703,-0.02102112003162949,0.01889101551520762,TAUTOLOG,0,0,0,INCONCLUSIVE-kernel-disagree,0
3000,0.998,127,0.2398238918500249,0.13156924176143814,0.31653317463689024,ADDS-BEYOND,1,1,0.021063193538828646,-0.001974937229721263,0.04227101038060084,TAUTOLOG,0,0,0,INCONCLUSIVE-kernel-disagree,0.2395768766926933,0.1309253146249288,0.3144333175614857,ADDS-BEYOND,1,1,0.02078787284827107,-0.0007229370232510934,0.042128635980337586,TAUTOLOG,0,0,0,INCONCLUSIVE-kernel-disagree,0
3000,0.998,128,0.23239877446745355,0.14436531462025992,0.29176085267961105,ADDS-BEYOND,1,1,-0.00033614195609389945,-0.02043530616160197,0.019435742451500832,TAUTOLOG,0,0,0,INCONCLUSIVE-kernel-disagree,0.23211304397003865,0.14494238499629264,0.29196012774609226,ADDS-BEYOND,1,1,0.00011514254849625286,-0.0198893457290787,0.020238174526553188,TAUTOLOG,0,0,0,INCONCLUSIVE-kernel-disagree,0
3000,0.998,129,0.18729351250565268,0.1303783025048989,0.27735293761541124,ADDS-BEYOND,1,1,0.005723698942991151,-0.0157808496978768,0.029576362238830207,TAUTOLOG,0,0,0,INCONCLUSIVE-kernel-disagree,0.1873715930188086,0.1326811878969392,0.26389621098566446,ADDS-BEYOND,1,1,0.0058546271634586635,-0.014785750695094652,0.02841218189537458,TAUTOLOG,0,0,0,INCONCLUSIVE-kernel-disagree,0
3000,0.998,130,0.2530358544042559,0.17333085005256876,0.3224039974717535,ADDS-BEYOND,1,1,0.012906179689914666,-0.00788605993129031,0.03458128017510579,TAUTOLOG,0,0,0,INCONCLUSIVE-kernel-disagree,0.25428191123672456,0.17902960911179763,0.3245653820324931,ADDS-BEYOND,1,1,0.014266533186261525,-0.005306872479484409,0.03505747115423215,TAUTOLOG,0,0,0,INCONCLUSIVE-kernel-disagree,0
3000,0.998,131,0.22151486698900272,0.14772693877646348,0.3571326189270674,ADDS-BEYOND,1,1,0.025055575694148315,0.003301630468112414,0.04915427702072242,ADDS-BEYOND,1,1,1,ADDS-BEYOND,0.221545826772937,0.14806865063610347,0.3569158158606662,ADDS-BEYOND,1,1,0.02509689701195544,0.004201767305359485,0.04604424031952551,ADDS-BEYOND,1,1,1,ADDS-BEYOND,1
3000,0.998,132,0.21380623227025336,0.14073391074165076,0.257564335851231,ADDS-BEYOND,1,1,0.0028469923684638007,-0.018157500328205525,0.023605713937748223,TAUTOLOG,0,0,0,INCONCLUSIVE-kernel-disagree,0.2149781048033046,0.15253749109926495,0.25505692080702963,ADDS-BEYOND,1,1,0.0037207757405200424,-0.01661347946141785,0.024464901157161996,TAUTOLOG,0,0,0,INCONCLUSIVE-kernel-disagree,0
3000,0.998,133,0.257369184075563,0.15460958323843282,0.3100903781803096,ADDS-BEYOND,1,1,0.018400522104852796,-0.0014293259348766353,0.03774499930146172,TAUTOLOG,0,0,0,INCONCLUSIVE-kernel-disagree,0.24893219817263512,0.15014865582960216,0.3000847473671941,ADDS-BEYOND,1,1,0.012323502680387257,-0.007333643833720461,0.03165730659027514,TAUTOLOG,0,0,0,INCONCLUSIVE-kernel-disagree,0
3000,0.998,134,0.24062899898163795,0.19163615695273983,0.28644981102164546,ADDS-BEYOND,1,1,0.0034695978423891034,-0.01633289917716067,0.025143867255551525,TAUTOLOG,0,0,0,INCONCLUSIVE-kernel-disagree,0.2377584901160451,0.18985104169001937,0.2853540085265822,ADDS-BEYOND,1,1,0.00265199289117176,-0.016279072468355586,0.022938818162856416,TAUTOLOG,0,0,0,INCONCLUSIVE-kernel-disagree,0
3000,0.998,135,0.19215824097598594,0.13169684054713213,0.3020179803444504,ADDS-BEYOND,1,1,-0.0033414553287400475,-0.023374374307125603,0.018236076968613846,TAUTOLOG,0,0,0,INCONCLUSIVE-kernel-disagree,0.19299510669557307,0.13439663409482336,0.29804531477647506,ADDS-BEYOND,1,1,-0.0029328849953662475,-0.021991727806771996,0.01723952598856024,TAUTOLOG,0,0,0,INCONCLUSIVE-kernel-disagree,0
3000,0.998,136,0.28823420432684094,0.20961530060019537,0.3367542088598879,ADDS-BEYOND,1,1,0.021405371193029203,0.0021012862427618084,0.042326318546996027,ADDS-BEYOND,1,1,1,ADDS-BEYOND,0.2814774607598868,0.2039546296268065,0.3307593950610984,ADDS-BEYOND,1,1,0.014990816959060533,-0.005327308383749423,0.03542173374444562,TAUTOLOG,0,0,0,INCONCLUSIVE-kernel-disagree,0
3000,0.998,137,0.22565134439221873,0.13978565589195263,0.2938099364596979,ADDS-BEYOND,1,1,0.005469735338041754,-0.014047078451427053,0.029249578329302594,TAUTOLOG,0,0,0,INCONCLUSIVE-kernel-disagree,0.22555439020766424,0.1333437447725565,0.2888695645368584,ADDS-BEYOND,1,1,0.00532766429030041,-0.014023779100282349,0.026116147447967038,TAUTOLOG,0,0,0,INCONCLUSIVE-kernel-disagree,0
3000,0.998,138,0.10206776791320592,0.05345808367494904,0.1890110117226209,ADDS-BEYOND,1,1,0.01023422256654396,-0.010033909072809946,0.0310801808778564,TAUTOLOG,0,0,0,INCONCLUSIVE-kernel-disagree,0.10090002017424603,0.05162056129365056,0.18569008359810765,ADDS-BEYOND,1,1,0.008848797708830982,-0.01030661990361661,0.02973907027645915,TAUTOLOG,0,0,0,INCONCLUSIVE-kernel-disagree,0
3000,0.998,139,0.2045466238344213,0.1320813406003965,0.2699010848991625,ADDS-BEYOND,1,1,0.00854236995880063,-0.011262610472300377,0.02941906732519575,TAUTOLOG,0,0,0,INCONCLUSIVE-kernel-disagree,0.20358960717642768,0.1307463242991692,0.2659832179335304,ADDS-BEYOND,1,1,0.007354730285198151,-0.011776415929264254,0.027092172298419977,TAUTOLOG,0,0,0,INCONCLUSIVE-kernel-disagree,0
3000,0.998,140,0.20854564110577486,0.1449723283303613,0.25895635871319095,ADDS-BEYOND,1,1,0.01839448640674614,-0.004515996861828983,0.039573421688774466,TAUTOLOG,0,0,0,INCONCLUSIVE-kernel-disagree,0.20335188843559188,0.1374659216825055,0.25255472290510983,ADDS-BEYOND,1,1,0.012597894802005342,-0.01087401510869861,0.03324648794325966,TAUTOLOG,0,0,0,INCONCLUSIVE-kernel-disagree,0
3000,0.998,141,0.26696842371598845,0.15161471617699732,0.3326111038172544,ADDS-BEYOND,1,1,0.0030763488965168204,-0.016999937035234596,0.024945858492065546,TAUTOLOG,0,0,0,INCONCLUSIVE-kernel-disagree,0.2672158814971471,0.15035104559650497,0.3326923925851961,ADDS-BEYOND,1,1,0.0033521338715441357,-0.017364192180379958,0.024267618219920514,TAUTOLOG,0,0,0,INCONCLUSIVE-kernel-disagree,0
3000,0.998,142,0.2810372622032087,0.1704691149486242,0.3387533455624882,ADDS-BEYOND,1,1,0.004322024128837169,-0.016044068300791147,0.02371951863838672,TAUTOLOG,0,0,0,INCONCLUSIVE-kernel-disagree,0.27661988843278434,0.16535619379171565,0.3326161770325488,ADDS-BEYOND,1,1,-0.0011941396561788804,-0.020125122446131193,0.017947600461477142,TAUTOLOG,0,0,0,INCONCLUSIVE-kernel-disagree,0
3000,0.998,143,0.23212210338647798,0.17817419849231078,0.28142169964653235,ADDS-BEYOND,1,1,0.022055369450669337,0.00020078156358639899,0.04414296807702658,ADDS-BEYOND,1,1,1,ADDS-BEYOND,0.2334841013354986,0.181982036846043,0.2820688322191532,ADDS-BEYOND,1,1,0.0238340432542546,0.0023782648268574637,0.04470880038667917,ADDS-BEYOND,1,1,1,ADDS-BEYOND,1
3000,0.998,144,0.2943957727685479,0.17029656873777968,0.3749718961780693,ADDS-BEYOND,1,1,0.020768372900541867,0.000762211174145644,0.04144228396106624,ADDS-BEYOND,1,1,1,ADDS-BEYOND,0.2910940568273524,0.1704890030235875,0.3712686492984647,ADDS-BEYOND,1,1,0.017129775511166328,-0.0021024093611901116,0.037031055829965076,TAUTOLOG,0,0,0,INCONCLUSIVE-kernel-disagree,0
3000,0.998,145,0.24834237359969777,0.11670539051359036,0.31571023053899266,ADDS-BEYOND,1,1,-0.0019267805494332635,-0.023421136922676347,0.020900463656958083,TAUTOLOG,0,0,0,INCONCLUSIVE-kernel-disagree,0.2526348031995907,0.12010899997064291,0.31882639412850283,ADDS-BEYOND,1,1,0.001262389473231095,-0.0200158914265895,0.02195660361421627,TAUTOLOG,0,0,0,INCONCLUSIVE-kernel-disagree,0
3000,0.998,146,0.17816677480154886,0.10298730895747199,0.32401128813515345,ADDS-BEYOND,1,1,0.011023506165106983,-0.011696317842103664,0.03216403738440208,TAUTOLOG,0,0,0,INCONCLUSIVE-kernel-disagree,0.17948666207995714,0.10442540156159125,0.3292073876385579,ADDS-BEYOND,1,1,0.012040753438313798,-0.009154721066059638,0.0322839853294597,TAUTOLOG,0,0,0,INCONCLUSIVE-kernel-disagree,0
3000,0.998,147,0.29783590131894355,0.16258114316316863,0.3591889161880812,ADDS-BEYOND,1,1,0.003719382887110813,-0.016603468014129215,0.02426197449842435,TAUTOLOG,0,0,0,INCONCLUSIVE-kernel-disagree,0.29532219039881946,0.15077581916284422,0.35343438548866907,ADDS-BEYOND,1,1,-0.0022889224358327684,-0.021253592536750684,0.018845144903963093,TAUTOLOG,0,0,0,INCONCLUSIVE-kernel-disagree,0
3000,0.998,148,0.2108673402498662,0.13339546476358533,0.25938747458962874,ADDS-BEYOND,1,1,-0.012939608171736158,-0.03269058361895442,0.00963556910151961,TAUTOLOG,0,0,0,INCONCLUSIVE-kernel-disagree,0.2112269302800915,0.13866674035673282,0.2641008032587452,ADDS-BEYOND,1,1,-0.012574680578518196,-0.032664927165942256,0.009317771597908243,TAUTOLOG,0,0,0,INCONCLUSIVE-kernel-disagree,0
3000,0.998,149,0.25379756466536957,0.16793100690198526,0.33617266590744,ADDS-BEYOND,1,1,-0.0019277091183727496,-0.02372709158381288,0.020083750944024713,TAUTOLOG,0,0,0,INCONCLUSIVE-kernel-disagree,0.2524108390027311,0.17485709268372363,0.3349813838543921,ADDS-BEYOND,1,1,-0.0032012414188776752,-0.024524237084116794,0.017116326092603548,TAUTOLOG,0,0,0,INCONCLUSIVE-kernel-disagree,0
3000,0.998,150,0.19762343969431737,0.13827053894743757,0.2748152466435125,ADDS-BEYOND,1,1,-0.008083656902694593,-0.02925862722275033,0.012727955902896996,TAUTOLOG,0,0,0,INCONCLUSIVE-kernel-disagree,0.19109541875510605,0.13504399345296805,0.2659711652251061,ADDS-BEYOND,1,1,-0.016559634182321977,-0.03576732029401156,0.004782322795703481,TAUTOLOG,0,0,0,INCONCLUSIVE-kernel-disagree,0
3000,0.998,151,0.1703266739679511,0.06342451253302864,0.24379107027601782,ADDS-BEYOND,1,1,0.003145527282508521,-0.017784091336976022,0.02489000405842521,TAUTOLOG,0,0,0,INCONCLUSIVE-kernel-disagree,0.12313294498915119,0.06062468009206436,0.24131187314644215,ADDS-BEYOND,1,1,0.0017638167005534864,-0.018143029903228438,0.02183636732544064,TAUTOLOG,0,0,0,INCONCLUSIVE-kernel-disagree,0
3000,0.998,152,0.2757367528709286,0.18929952562344274,0.32654565437717153,ADDS-BEYOND,1,1,0.0270798559822276,0.006813735904351803,0.04929153058281639,ADDS-BEYOND,1,1,1,ADDS-BEYOND,0.2749197127877032,0.18695705342495963,0.3266932081932421,ADDS-BEYOND,1,1,0.025267289412351103,0.00542893189422834,0.04740728443362299,ADDS-BEYOND,1,1,1,ADDS-BEYOND,1
3000,0.998,153,0.24544377757709157,0.16269010773970854,0.29426003953033597,ADDS-BEYOND,1,1,-0.0023242080555332333,-0.022413841264412985,0.01946775083378561,TAUTOLOG,0,0,0,INCONCLUSIVE-kernel-disagree,0.2496881137551783,0.16544209377821267,0.2980801450847384,ADDS-BEYOND,1,1,0.0017605667092652857,-0.017740939852431664,0.023659382483308313,TAUTOLOG,0,0,0,INCONCLUSIVE-kernel-disagree,0
3000,0.998,154,0.22398127456753905,0.14140170264790242,0.29966439906239445,ADDS-BEYOND,1,1,0.0187561640086759,-0.002086845055249718,0.04099808171780106,TAUTOLOG,0,0,0,INCONCLUSIVE-kernel-disagree,0.21964623728947355,0.1393724907134365,0.29495107238493135,ADDS-BEYOND,1,1,0.014762853284416743,-0.0044786635451454565,0.034157733656779585,TAUTOLOG,0,0,0,INCONCLUSIVE-kernel-disagree,0
3000,0.998,155,0.18187817498897002,0.1195220083242741,0.2787325902220047,ADDS-BEYOND,1,1,0.010648828598024419,-0.009158986060551842,0.0331190018783056,TAUTOLOG,0,0,0,INCONCLUSIVE-kernel-disagree,0.1808627945391154,0.11882402980666298,0.2764447341026803,ADDS-BEYOND,1,1,0.009124582683858296,-0.011015054017153626,0.030009663226702565,TAUTOLOG,0,0,0,INCONCLUSIVE-kernel-disagree,0
3000,0.998,156,0.188359888262706,0.1408989253851656,0.2898213020915035,ADDS-BEYOND,1,1,0.0028832065571037513,-0.01951133418682518,0.02325408124871761,TAUTOLOG,0,0,0,INCONCLUSIVE-kernel-disagree,0.18944181691563614,0.13736604732832944,0.2853747475421857,ADDS-BEYOND,1,1,0.0008979261644828751,-0.01897920917299091,0.020824151295323928,TAUTOLOG,0,0,0,INCONCLUSIVE-kernel-disagree,0
3000,0.998,157,0.22031949762567038,0.11688093277567742,0.28208655187412873,ADDS-BEYOND,1,1,0.0006486054042309083,-0.021292507750114726,0.02134460277922106,TAUTOLOG,0,0,0,INCONCLUSIVE-kernel-disagree,0.21896898765978212,0.11461629444368107,0.2788234446630454,ADDS-BEYOND,1,1,-0.001332960712632024,-0.021440560680515783,0.017736855523790174,TAUTOLOG,0,0,0,INCONCLUSIVE-kernel-disagree,0
3000,0.998,158,0.2888778486974899,0.20406833534155885,0.3713586893233728,ADDS-BEYOND,1,1,0.03185177176224569,0.010813399491813714,0.053807516990972526,ADDS-BEYOND,1,1,1,ADDS-BEYOND,0.2818518791762535,0.20457945766970803,0.36578224414720745,ADDS-BEYOND,1,1,0.02992731263516114,0.009922044511672853,0.05119197812756143,ADDS-BEYOND,1,1,1,ADDS-BEYOND,1
3000,0.998,159,0.20811305188963602,0.1207663612287001,0.25930883110128433,ADDS-BEYOND,1,1,-0.0020465659426269463,-0.02182057042617669,0.019566377785752924,TAUTOLOG,0,0,0,INCONCLUSIVE-kernel-disagree,0.21076301848927906,0.12134621723662475,0.2611653842302404,ADDS-BEYOND,1,1,0.0004085703333738005,-0.018212442124438975,0.020853870577771137,TAUTOLOG,0,0,0,INCONCLUSIVE-kernel-disagree,0
3000,0.998,160,0.23924792011445367,0.16128540599151459,0.31433823489269186,ADDS-BEYOND,1,1,0.01652574141603074,-0.004524933607892541,0.03839389160038999,TAUTOLOG,0,0,0,INCONCLUSIVE-kernel-disagree,0.23861337859423115,0.16419905269746277,0.3126072261649894,ADDS-BEYOND,1,1,0.018352236519999527,-0.0012500514923380619,0.038703700788833784,TAUTOLOG,0,0,0,INCONCLUSIVE-kernel-disagree,0
3000,0.998,161,0.17723456724142927,0.11404751597318755,0.2684792186342425,ADDS-BEYOND,1,1,-0.015055816784824547,-0.03458558579029925,0.007622720835572854,TAUTOLOG,0,0,0,INCONCLUSIVE-kernel-disagree,0.17824834488154456,0.11553805613642927,0.26724844307871154,ADDS-BEYOND,1,1,-0.013949426893427085,-0.03439665093231559,0.00741977122989208,TAUTOLOG,0,0,0,INCONCLUSIVE-kernel-disagree,0
3000,0.998,162,0.21516800118445004,0.12200750057777165,0.28215345966993577,ADDS-BEYOND,1,1,-0.014906781470037059,-0.03495136011557539,0.00698251064812643,TAUTOLOG,0,0,0,INCONCLUSIVE-kernel-disagree,0.2296721513122409,0.12583982653072814,0.2824625779749513,ADDS-BEYOND,1,1,-0.011486397781440708,-0.030283304021446092,0.0097214259704211,TAUTOLOG,0,0,0,INCONCLUSIVE-kernel-disagree,0
3000,0.998,163,0.19208917548861917,0.14219787739337547,0.28430873533612333,ADDS-BEYOND,1,1,0.010222151170330642,-0.012363281361665533,0.03211173320303787,TAUTOLOG,0,0,0,INCONCLUSIVE-kernel-disagree,0.19436549883744098,0.14579484020732777,0.2837271334816454,ADDS-BEYOND,1,1,0.013281785825936717,-0.008736519703812128,0.034634103781914886,TAUTOLOG,0,0,0,INCONCLUSIVE-kernel-disagree,0
3000,0.998,164,0.1807174277782933,0.12515564070102428,0.24221132661285083,ADDS-BEYOND,1,1,-0.008276334957637917,-0.02778576512367337,0.014151361080737434,TAUTOLOG,0,0,0,INCONCLUSIVE-kernel-disagree,0.1862812503076354,0.13080189671884918,0.25297348607955267,ADDS-BEYOND,1,1,-0.00315017012720595,-0.022631961574962674,0.018498103413722298,TAUTOLOG,0,0,0,INCONCLUSIVE-kernel-disagree,0
3000,0.998,165,0.2421583134091052,0.16261231038294474,0.2986786990991326,ADDS-BEYOND,1,1,0.024174363770576184,0.002331040933986719,0.04347425840229002,ADDS-BEYOND,1,1,1,ADDS-BEYOND,0.24036553147596024,0.1607667087000035,0.296725335594104,ADDS-BEYOND,1,1,0.021515870896828024,0.00012863365164520718,0.04003863069711092,ADDS-BEYOND,1,1,1,ADDS-BEYOND,1
3000,0.998,166,0.25195098729495885,0.20009617817173672,0.3061722722622865,ADDS-BEYOND,1,1,0.008966261679675949,-0.012283924385782222,0.031058560123497787,TAUTOLOG,0,0,0,INCONCLUSIVE-kernel-disagree,0.2527495385642607,0.2025826091889745,0.304839867856903,ADDS-BEYOND,1,1,0.009713295391492363,-0.009908617995747538,0.03056210519764773,TAUTOLOG,0,0,0,INCONCLUSIVE-kernel-disagree,0
3000,0.998,167,0.22209194466503082,0.10800657064964594,0.29034690385973433,ADDS-BEYOND,1,1,-0.005633163471391274,-0.026420192113356007,0.015733718712450846,TAUTOLOG,0,0,0,INCONCLUSIVE-kernel-disagree,0.2205554840707811,0.10637650036707855,0.28921046602337935,ADDS-BEYOND,1,1,-0.0073779445086853,-0.027068057580306257,0.012234985515922897,TAUTOLOG,0,0,0,INCONCLUSIVE-kernel-disagree,0
3000,0.998,168,0.28336183525011993,0.17903076658474124,0.3509586878338349,ADDS-BEYOND,1,1,0.003554561900352064,-0.018700080736114087,0.024021646869700927,TAUTOLOG,0,0,0,INCONCLUSIVE-kernel-disagree,0.28318589930509214,0.18027245851663143,0.3507995009689392,ADDS-BEYOND,1,1,0.003176634341981299,-0.0178674456403293,0.024301847174093723,TAUTOLOG,0,0,0,INCONCLUSIVE-kernel-disagree,0
3000,0.998,169,0.2131170185162988,0.11737515998680843,0.27953696079321927,ADDS-BEYOND,1,1,-0.0010367472209360186,-0.02110266696038993,0.02103059214176585,TAUTOLOG,0,0,0,INCONCLUSIVE-kernel-disagree,0.21933181632532534,0.12198493445371163,0.28850470737470774,ADDS-BEYOND,1,1,0.006326340184717506,-0.013421290192807085,0.027675286163155084,TAUTOLOG,0,0,0,INCONCLUSIVE-kernel-disagree,0
3000,0.998,170,0.2709040223353412,0.15714516854999572,0.33285814836274835,ADDS-BEYOND,1,1,0.008709512367908094,-0.01345768303303715,0.031235954306180824,TAUTOLOG,0,0,0,INCONCLUSIVE-kernel-disagree,0.2617440513681175,0.15165689442484717,0.32747426996673645,ADDS-BEYOND,1,1,0.0035211334185305714,-0.018031701345664165,0.024823473117561057,TAUTOLOG,0,0,0,INCONCLUSIVE-kernel-disagree,0
3000,0.998,171,0.19989916021287213,0.15064016976688385,0.2794200370924015,ADDS-BEYOND,1,1,0.010725899820001748,-0.009660533310891074,0.03292089554743753,TAUTOLOG,0,0,0,INCONCLUSIVE-kernel-disagree,0.20327959929537837,0.15662414881217193,0.28932063219475224,ADDS-BEYOND,1,1,0.014450854120749477,-0.005518328346319595,0.03488198801793886,TAUTOLOG,0,0,0,INCONCLUSIVE-kernel-disagree,0
3000,0.998,172,0.2536691260470325,0.19239435478295783,0.32809451940063744,ADDS-BEYOND,1,1,0.02865610175700493,0.008247860002327814,0.051230727630639614,ADDS-BEYOND,1,1,1,ADDS-BEYOND,0.24701713293014985,0.18319124417362756,0.3143842838898953,ADDS-BEYOND,1,1,0.021535835129026973,4.590754972012975e-05,0.043737092023599995,ADDS-BEYOND,1,1,1,ADDS-BEYOND,1
3000,0.998,173,0.2020697485007175,0.08234488422730714,0.2884065581144061,ADDS-BEYOND,1,1,-0.006718660561650303,-0.029083947535056498,0.013805071814446776,TAUTOLOG,0,0,0,INCONCLUSIVE-kernel-disagree,0.20290831870770717,0.0864634610419754,0.2981248022293867,ADDS-BEYOND,1,1,-0.005914519860055504,-0.026253447770654748,0.014795928459775304,TAUTOLOG,0,0,0,INCONCLUSIVE-kernel-disagree,0
3000,0.998,174,0.2771368044219696,0.20971882738826003,0.3249968401509351,ADDS-BEYOND,1,1,-0.0063096259438067594,-0.028721111389612225,0.014274978646981443,TAUTOLOG,0,0,0,INCONCLUSIVE-kernel-disagree,0.2770600956454211,0.20285155412680866,0.3228745727659668,ADDS-BEYOND,1,1,-0.006375090054040517,-0.027225790311392193,0.013067676827717933,TAUTOLOG,0,0,0,INCONCLUSIVE-kernel-disagree,0
3000,0.998,175,0.16260786950357448,0.1133939480694195,0.23969005343539138,ADDS-BEYOND,1,1,-0.0065264467911767205,-0.026534524882645693,0.016347845259508036,TAUTOLOG,0,0,0,INCONCLUSIVE-kernel-disagree,0.16300170870844163,0.11536861225222829,0.23719967775606546,ADDS-BEYOND,1,1,-0.006066340881661451,-0.02622565899615704,0.015584187972755056,TAUTOLOG,0,0,0,INCONCLUSIVE-kernel-disagree,0
3000,0.998,176,0.19844693003199948,0.1224888024050679,0.2868748308843885,ADDS-BEYOND,1,1,0.008152835288686293,-0.01271444742748148,0.029089650611116184,TAUTOLOG,0,0,0,INCONCLUSIVE-kernel-disagree,0.21174724128225578,0.1401528766438365,0.30167597885108893,ADDS-BEYOND,1,1,0.017973380392689278,-0.00197703639698177,0.03731265001644601,TAUTOLOG,0,0,0,INCONCLUSIVE-kernel-disagree,0
3000,0.998,177,0.1301559425114108,0.08241784015566943,0.21288260303018644,ADDS-BEYOND,1,1,0.012816572787254274,-0.008706240114422172,0.03435173781062932,TAUTOLOG,0,0,0,INCONCLUSIVE-kernel-disagree,0.13242871013351284,0.08690858731922627,0.21765230811213876,ADDS-BEYOND,1,1,0.014776781818509032,-0.005206663610933521,0.03472471171488897,TAUTOLOG,0,0,0,INCONCLUSIVE-kernel-disagree,0
3000,0.998,178,0.14685924400079814,0.09562356237311774,0.2097205162357914,ADDS-BEYOND,1,1,0.0030744917586378487,-0.019435344662220955,0.024805856651662014,TAUTOLOG,0,0,0,INCONCLUSIVE-kernel-disagree,0.14370968423559577,0.09376736098612486,0.20709155107281632,ADDS-BEYOND,1,1,0.0006068198019540423,-0.020434690894605315,0.023183652810460864,TAUTOLOG,0,0,0,INCONCLUSIVE-kernel-disagree,0
3000,0.998,179,0.1307032663481067,0.06457868920491772,0.2266885513959349,ADDS-BEYOND,1,1,0.009397581952067155,-0.010300240403639348,0.02961532256522033,TAUTOLOG,0,0,0,INCONCLUSIVE-kernel-disagree,0.13160687591980183,0.07219340538716698,0.2202900044038934,ADDS-BEYOND,1,1,0.010312686641930519,-0.008216843011799674,0.028980442264520397,TAUTOLOG,0,0,0,INCONCLUSIVE-kernel-disagree,0
3000,0.998,180,0.1546036208476728,0.08093815901502109,0.22393445368036005,ADDS-BEYOND,1,1,-0.01689624042288562,-0.03668271881642364,0.004605798536041239,TAUTOLOG,0,0,0,INCONCLUSIVE-kernel-disagree,0.15684602137396203,0.08316922101965785,0.2270580436234721,ADDS-BEYOND,1,1,-0.015082280999599896,-0.03486836012296754,0.005786026268205339,TAUTOLOG,0,0,0,INCONCLUSIVE-kernel-disagree,0
3000,0.998,181,0.2344821656517615,0.191419972208599,0.3233558533213361,ADDS-BEYOND,1,1,0.015046531095429689,-0.006060347450901954,0.036597071388055784,TAUTOLOG,0,0,0,INCONCLUSIVE-kernel-disagree,0.22987950154890238,0.18714567276102076,0.31999897927961624,ADDS-BEYOND,1,1,0.01156811184811547,-0.007688806980977379,0.032538282777916934,TAUTOLOG,0,0,0,INCONCLUSIVE-kernel-disagree,0
3000,0.998,182,0.2299306260389023,0.17530589807113908,0.3159445391915681,ADDS-BEYOND,1,1,0.002189101274838033,-0.019337624638556643,0.024109504989438413,TAUTOLOG,0,0,0,INCONCLUSIVE-kernel-disagree,0.22982033811597766,0.17728534705959484,0.31385896753806963,ADDS-BEYOND,1,1,0.002068851597174608,-0.018152247623073266,0.021417913896546226,TAUTOLOG,0,0,0,INCONCLUSIVE-kernel-disagree,0
3000,0.998,183,0.2100993683782901,0.14278371014053556,0.3029374772722837,ADDS-BEYOND,1,1,0.02471850516911493,0.004198648582026584,0.043830378899503745,ADDS-BEYOND,1,1,1,ADDS-BEYOND,0.2096792071384615,0.1485823842762824,0.299965856282276,ADDS-BEYOND,1,1,0.02385772176221149,0.004144227428113904,0.041806378218556345,ADDS-BEYOND,1,1,1,ADDS-BEYOND,1
3000,0.998,184,0.1960565477652101,0.1524224716926135,0.27582313218030746,ADDS-BEYOND,1,1,0.021973655383994577,0.0013664173381278712,0.042144030463498516,ADDS-BEYOND,1,1,1,ADDS-BEYOND,0.19406531353068857,0.1535696447364504,0.27005756040995454,ADDS-BEYOND,1,1,0.017314560730124023,-0.0027757648240284566,0.037698327220115416,TAUTOLOG,0,0,0,INCONCLUSIVE-kernel-disagree,0
3000,0.998,185,0.20443230162926318,0.1299064239735541,0.271605357550766,ADDS-BEYOND,1,1,0.025633145574508548,0.002452684160807296,0.046893849920619936,ADDS-BEYOND,1,1,1,ADDS-BEYOND,0.19854968474465975,0.128417981212066,0.26627689758199563,ADDS-BEYOND,1,1,0.020486552227407893,-0.001407522902082229,0.03999171384091991,TAUTOLOG,0,0,0,INCONCLUSIVE-kernel-disagree,0
3000,0.998,186,0.18994056203622647,0.13866605282016212,0.2884959962147569,ADDS-BEYOND,1,1,-0.0018014237426026657,-0.022435581678883165,0.01997714718087966,TAUTOLOG,0,0,0,INCONCLUSIVE-kernel-disagree,0.19062648129673496,0.13797727325503825,0.2870194749547777,ADDS-BEYOND,1,1,-0.000247927906842738,-0.02044340306218455,0.020759842078130527,TAUTOLOG,0,0,0,INCONCLUSIVE-kernel-disagree,0
3000,0.998,187,0.2998359639081723,0.18120177984841754,0.3720635558175218,ADDS-BEYOND,1,1,0.009496474544122405,-0.011699885091168856,0.03159221759798494,TAUTOLOG,0,0,0,INCONCLUSIVE-kernel-disagree,0.2941096753982338,0.1730971016109156,0.3618209381445653,ADDS-BEYOND,1,1,0.004146524599274332,-0.01597119487444341,0.024556600972851512,TAUTOLOG,0,0,0,INCONCLUSIVE-kernel-disagree,0
3000,0.998,188,0.2708210256482391,0.22001380167455126,0.3485992229730538,ADDS-BEYOND,1,1,0.01634420618836125,-0.00489081233709691,0.037132155149003546,TAUTOLOG,0,0,0,INCONCLUSIVE-kernel-disagree,0.26473449847226127,0.21290686754226668,0.34155719837788673,ADDS-BEYOND,1,1,0.011600611760997475,-0.008234570126927852,0.032477663086446444,TAUTOLOG,0,0,0,INCONCLUSIVE-kernel-disagree,0
3000,0.998,189,0.21550879941151124,0.14291286088106955,0.3499800898245993,ADDS-BEYOND,1,1,-0.001477817467191826,-0.022974666699912497,0.021507024639077534,TAUTOLOG,0,0,0,INCONCLUSIVE-kernel-disagree,0.21827467081072868,0.14673091166748195,0.35013468820170207,ADDS-BEYOND,1,1,0.0012883894035367004,-0.020430384999679054,0.023039100380773458,TAUTOLOG,0,0,0,INCONCLUSIVE-kernel-disagree,0
3000,0.998,190,0.2598009017066062,0.1769913811344661,0.32640981599260166,ADDS-BEYOND,1,1,0.012137788892490075,-0.009033035144231759,0.03404194755313666,TAUTOLOG,0,0,0,INCONCLUSIVE-kernel-disagree,0.2570671270628713,0.17292946824854696,0.32085554522812526,ADDS-BEYOND,1,1,0.008462977314474585,-0.012372990316497284,0.028317850569520717,TAUTOLOG,0,0,0,INCONCLUSIVE-kernel-disagree,0
3000,0.998,191,0.23364481738166887,0.12987387681546195,0.3124971891311903,ADDS-BEYOND,1,1,0.0013069607823264185,-0.021425822980255645,0.022396548604926528,TAUTOLOG,0,0,0,INCONCLUSIVE-kernel-disagree,0.23394593324972168,0.1302315716485743,0.30771243095234324,ADDS-BEYOND,1,1,0.0011189255720805218,-0.01984892889296256,0.022233523600998728,TAUTOLOG,0,0,0,INCONCLUSIVE-kernel-disagree,0
3000,0.998,192,0.15834634870450362,0.09749437328233745,0.26392463698983126,ADDS-BEYOND,1,1,-0.010263008203668022,-0.0310914511019025,0.01202707623555096,TAUTOLOG,0,0,0,INCONCLUSIVE-kernel-disagree,0.15325524051877207,0.09256293384006423,0.2587163871448682,ADDS-BEYOND,1,1,-0.01366899907370234,-0.03512447267128805,0.00711593332326401,TAUTOLOG,0,0,0,INCONCLUSIVE-kernel-disagree,0
3000,0.998,193,0.18761832909585163,0.11639744840731026,0.26523509298086667,ADDS-BEYOND,1,1,0.01634281333495202,-0.0058933732878424,0.03681979982737371,TAUTOLOG,0,0,0,INCONCLUSIVE-kernel-disagree,0.18982928723458758,0.11389772951260653,0.2667354979135522,ADDS-BEYOND,1,1,0.018314165193480607,-0.0013710531981830027,0.038354825675415705,TAUTOLOG,0,0,0,INCONCLUSIVE-kernel-disagree,0
3000,0.998,194,0.24144281561656342,0.15032342597341344,0.3425206050165279,ADDS-BEYOND,1,1,0.025847644999529795,0.00478543947489494,0.04782458740157738,ADDS-BEYOND,1,1,1,ADDS-BEYOND,0.22333839782694626,0.1477514478807598,0.32748284173503306,ADDS-BEYOND,1,1,0.021022336505491266,-7.499218636669069e-05,0.04341296327836158,TAUTOLOG,0,0,0,INCONCLUSIVE-kernel-disagree,0
3000,0.998,195,0.1602004643138819,0.09960766749157746,0.2573344092350847,ADDS-BEYOND,1,1,-0.0037997041003763445,-0.024556025508347505,0.01695249948930907,TAUTOLOG,0,0,0,INCONCLUSIVE-kernel-disagree,0.16066074534503855,0.1025319898069658,0.2571527319800682,ADDS-BEYOND,1,1,-0.003260669831004774,-0.022031201525641277,0.017003542378088248,TAUTOLOG,0,0,0,INCONCLUSIVE-kernel-disagree,0
3000,0.998,196,0.2893028726070931,0.1933461591881437,0.33659859452111784,ADDS-BEYOND,1,1,0.0021227085956647906,-0.018935968197509187,0.02297958797601115,TAUTOLOG,0,0,0,INCONCLUSIVE-kernel-disagree,0.29316167160097206,0.19713596570949465,0.3374816625354587,ADDS-BEYOND,1,1,0.00615409064644287,-0.013652798042912521,0.025181541764841858,TAUTOLOG,0,0,0,INCONCLUSIVE-kernel-disagree,0
3000,0.998,197,0.22664244087664961,0.1534436958738032,0.2752112030978918,ADDS-BEYOND,1,1,0.014650960727208692,-0.0057242335089729805,0.034994286232671784,TAUTOLOG,0,0,0,INCONCLUSIVE-kernel-disagree,0.2213431051694754,0.1441862658940683,0.27068383477944036,ADDS-BEYOND,1,1,0.008226656519375422,-0.01112400771658642,0.027102415007666976,TAUTOLOG,0,0,0,INCONCLUSIVE-kernel-disagree,0
3000,0.998,198,0.25701942803125555,0.20375680343181973,0.31001411482806823,ADDS-BEYOND,1,1,0.03620258152820693,0.015555927965369717,0.057567321810416336,ADDS-BEYOND,1,1,1,ADDS-BEYOND,0.2575696892305119,0.20495888055861053,0.3058826395791073,ADDS-BEYOND,1,1,0.036942186688507454,0.01596605884726736,0.056902032263725894,ADDS-BEYOND,1,1,1,ADDS-BEYOND,1
3000,0.998,199,0.20417342236716102,0.13552320907170745,0.29860997218954805,ADDS-BEYOND,1,1,0.005942376928240082,-0.015593084092889398,0.0270148550219808,TAUTOLOG,0,0,0,INCONCLUSIVE-kernel-disagree,0.2020598998434474,0.1365711806566305,0.29497361716294834,ADDS-BEYOND,1,1,0.0033507410181349067,-0.018238794594865822,0.024721487304863513,TAUTOLOG,0,0,0,INCONCLUSIVE-kernel-disagree,0
39505,0.5,0,0.12493607648641114,0.09991334216663118,0.15476868644914055,ADDS-BEYOND,1,1,0.021259709668147456,0.015404995307512846,0.027149874039600744,ADDS-BEYOND,1,1,1,ADDS-BEYOND,0.1311013721387415,0.09770891461679149,0.16581592582170357,ADDS-BEYOND,1,1,0.019287528097783137,0.013657391106350659,0.02494208270515679,ADDS-BEYOND,1,1,1,ADDS-BEYOND,1
39505,0.5,1,0.13381511518810718,0.09677269704991186,0.1897520325087067,ADDS-BEYOND,1,1,0.012367709989553666,0.006596203071711211,0.01804106898518073,ADDS-BEYOND,1,1,1,ADDS-BEYOND,0.13154703867158346,0.09484634175781426,0.18421740804174916,ADDS-BEYOND,1,1,0.010864768860288476,0.005429069967267457,0.016141236802188857,ADDS-BEYOND,1,1,1,ADDS-BEYOND,1
39505,0.5,2,0.10657258144470466,0.08081770246482975,0.17458235201292083,ADDS-BEYOND,1,1,0.012784889940713355,0.006837485436161128,0.018783178937770293,ADDS-BEYOND,1,1,1,ADDS-BEYOND,0.10168063640442848,0.07566015228639245,0.1599100116989025,ADDS-BEYOND,1,1,0.010855985476347956,0.005136357066866639,0.016841961897978402,ADDS-BEYOND,1,1,1,ADDS-BEYOND,1
39505,0.5,3,0.1587023048330799,0.09808074059624172,0.22766239863158788,ADDS-BEYOND,1,1,0.019112588575154323,0.013233624800524722,0.025285869195910884,ADDS-BEYOND,1,1,1,ADDS-BEYOND,0.14277841031377683,0.09625762257041401,0.21550281166824553,ADDS-BEYOND,1,1,0.016526897943167078,0.011062359688588534,0.022468675145104335,ADDS-BEYOND,1,1,1,ADDS-BEYOND,1
39505,0.5,4,0.15142298183954,0.11576354785846016,0.2002195774329944,ADDS-BEYOND,1,1,0.01956471734598591,0.014017835299652925,0.02512813124190845,ADDS-BEYOND,1,1,1,ADDS-BEYOND,0.13904060580262292,0.1068988489943743,0.18724446342222356,ADDS-BEYOND,1,1,0.016590207375294284,0.011287904904038295,0.021755362596763615,ADDS-BEYOND,1,1,1,ADDS-BEYOND,1
39505,0.5,5,0.1041454511366077,0.08304483094017531,0.13917322483192415,ADDS-BEYOND,1,1,0.02404847824050164,0.018250331502157605,0.029997133980863993,ADDS-BEYOND,1,1,1,ADDS-BEYOND,0.10039027062872327,0.07946069192537693,0.13680498194444835,ADDS-BEYOND,1,1,0.022271608503582153,0.01673180161676312,0.027799657403780056,ADDS-BEYOND,1,1,1,ADDS-BEYOND,1
39505,0.5,6,0.1229041088590522,0.095417606720966,0.16993965541985362,ADDS-BEYOND,1,1,0.0157908337712738,0.010399165627076667,0.021496256055333236,ADDS-BEYOND,1,1,1,ADDS-BEYOND,0.11716388116871893,0.0885628802407143,0.16375147798789538,ADDS-BEYOND,1,1,0.012587693467739686,0.007328443520618376,0.017800877324610397,ADDS-BEYOND,1,1,1,ADDS-BEYOND,1
39505,0.5,7,0.11768494568436763,0.0900998104391406,0.16867117471232473,ADDS-BEYOND,1,1,0.017685836140478348,0.011786499847308925,0.02388632492835719,ADDS-BEYOND,1,1,1,ADDS-BEYOND,0.11572294373427747,0.08763041462466618,0.16527172332061094,ADDS-BEYOND,1,1,0.016640666992452122,0.01099621794574199,0.022644668653633952,ADDS-BEYOND,1,1,1,ADDS-BEYOND,1
39505,0.5,8,0.12041713283570188,0.09564606360166486,0.15548706965234207,ADDS-BEYOND,1,1,0.015445082729075086,0.009713007992666169,0.021040716603083903,ADDS-BEYOND,1,1,1,ADDS-BEYOND,0.11472587742881729,0.09052549431161694,0.1464733377727516,ADDS-BEYOND,1,1,0.013778212762382962,0.008202786010006137,0.019174130494239994,ADDS-BEYOND,1,1,1,ADDS-BEYOND,1
39505,0.5,9,0.16975341047117115,0.11579822728615384,0.20601688693863507,ADDS-BEYOND,1,1,0.014442783776240418,0.008582349195984553,0.020325749769284727,ADDS-BEYOND,1,1,1,ADDS-BEYOND,0.16714342564288004,0.11236415858070223,0.20310329908563635,ADDS-BEYOND,1,1,0.012520282803001421,0.006846957811631255,0.017824960161031578,ADDS-BEYOND,1,1,1,ADDS-BEYOND,1
39505,0.5,10,0.16246026277899395,0.10246972529063068,0.19270370172367887,ADDS-BEYOND,1,1,0.020270967270105467,0.014390884432151894,0.025631724408947128,ADDS-BEYOND,1,1,1,ADDS-BEYOND,0.139480905491935,0.09924816610592602,0.18854747253295734,ADDS-BEYOND,1,1,0.018299361264369988,0.012314350202533755,0.02351173184429443,ADDS-BEYOND,1,1,1,ADDS-BEYOND,1
39505,0.5,11,0.1052804732351692,0.08447346577863205,0.13714054805792988,ADDS-BEYOND,1,1,0.01613025895664488,0.010329386302283026,0.022098220677503333,ADDS-BEYOND,1,1,1,ADDS-BEYOND,0.10497634184928764,0.08113662745087205,0.14124021511081208,ADDS-BEYOND,1,1,0.014408713027258095,0.008940538097965927,0.02032163711023683,ADDS-BEYOND,1,1,1,ADDS-BEYOND,1
39505,0.5,12,0.16358380797968636,0.11398551657108634,0.1956743140907356,ADDS-BEYOND,1,1,0.019315484476475867,0.013891213010981064,0.02540114418045349,ADDS-BEYOND,1,1,1,ADDS-BEYOND,0.16252409524372963,0.11305486150064814,0.19382752213656684,ADDS-BEYOND,1,1,0.018428657173409687,0.013244431251494097,0.024093405953441394,ADDS-BEYOND,1,1,1,ADDS-BEYOND,1
39505,0.5,13,0.12248895131583398,0.0884382907613135,0.14795536744747328,ADDS-BEYOND,1,1,0.010299489437517243,0.00483813322220891,0.01589606546643796,ADDS-BEYOND,1,1,1,ADDS-BEYOND,0.12182767021267607,0.08787263896154202,0.14657149467578937,ADDS-BEYOND,1,1,0.009651146669148186,0.0042061216768438416,0.015059723316448611,ADDS-BEYOND,1,1,1,ADDS-BEYOND,1
39505,0.5,14,0.1702145479840488,0.10010375083619902,0.2086492573280984,ADDS-BEYOND,1,1,0.020693161326148,0.014850463176737778,0.026215012522339813,ADDS-BEYOND,1,1,1,ADDS-BEYOND,0.16124111469306013,0.09343095572753181,0.2029670965211481,ADDS-BEYOND,1,1,0.0191112286364034,0.013665915619637077,0.02425328423022125,ADDS-BEYOND,1,1,1,ADDS-BEYOND,1
39505,0.5,15,0.14392299014763596,0.0939348163644883,0.23752170026235958,ADDS-BEYOND,1,1,0.016622610325375375,0.010765446558816442,0.022498313772019492,ADDS-BEYOND,1,1,1,ADDS-BEYOND,0.12651656794321411,0.08883686664496027,0.21893679308672948,ADDS-BEYOND,1,1,0.01452226255887075,0.0089806817288529,0.020038918865422774,ADDS-BEYOND,1,1,1,ADDS-BEYOND,1
39505,0.5,16,0.14698096481915637,0.09912548767119998,0.22696662088094233,ADDS-BEYOND,1,1,0.016698274319186676,0.011141886968892959,0.023103270855633486,ADDS-BEYOND,1,1,1,ADDS-BEYOND,0.13751698303963528,0.09541619619137257,0.22224987814207692,ADDS-BEYOND,1,1,0.015451277410708236,0.010249911581808706,0.02106612641336916,ADDS-BEYOND,1,1,1,ADDS-BEYOND,1
39505,0.5,17,0.15285595369283972,0.12277173423043852,0.1840078891161854,ADDS-BEYOND,1,1,0.01399442160742173,0.007768328360259712,0.019699496506138277,ADDS-BEYOND,1,1,1,ADDS-BEYOND,0.15341176155349334,0.12368787589455155,0.18616605157868044,ADDS-BEYOND,1,1,0.014206098215639007,0.008554477887587954,0.019990042627130885,ADDS-BEYOND,1,1,1,ADDS-BEYOND,1
39505,0.5,18,0.1501208036668056,0.09184040913447612,0.18123032621330953,ADDS-BEYOND,1,1,0.016474219055882238,0.010839370198764492,0.02163296209921897,ADDS-BEYOND,1,1,1,ADDS-BEYOND,0.14380442116792064,0.08950966517110544,0.179669156254516,ADDS-BEYOND,1,1,0.015132655540363603,0.009836568802209303,0.01994338024500844,ADDS-BEYOND,1,1,1,ADDS-BEYOND,1
39505,0.5,19,0.12796858996425756,0.09995340025901764,0.18414564138905168,ADDS-BEYOND,1,1,0.018728820819959777,0.013044797935841505,0.024805214449038587,ADDS-BEYOND,1,1,1,ADDS-BEYOND,0.12526151432409457,0.09714857939466108,0.17941601224885878,ADDS-BEYOND,1,1,0.016836854219541744,0.011091194662804671,0.022491088378220603,ADDS-BEYOND,1,1,1,ADDS-BEYOND,1
39505,0.5,20,0.10378183897628032,0.0833479383778514,0.13362948957561357,ADDS-BEYOND,1,1,0.01740563253984734,0.01183549875312998,0.023144976870007883,ADDS-BEYOND,1,1,1,ADDS-BEYOND,0.10400956263417488,0.0844327823222024,0.13509588345355591,ADDS-BEYOND,1,1,0.017514020729113965,0.011931179728460925,0.02291124925364028,ADDS-BEYOND,1,1,1,ADDS-BEYOND,1
39505,0.5,21,0.1061149642557018,0.08332971316724469,0.1462522832270927,ADDS-BEYOND,1,1,0.016078252007601147,0.010241218455419653,0.021623668086654484,ADDS-BEYOND,1,1,1,ADDS-BEYOND,0.10054564253234105,0.078002812755916,0.1396520522026437,ADDS-BEYOND,1,1,0.013612094102321667,0.008108753163466256,0.018919576638399722,ADDS-BEYOND,1,1,1,ADDS-BEYOND,1
39505,0.5,22,0.15552179492489837,0.11202953877700655,0.19073952489952184,ADDS-BEYOND,1,1,0.012440568440429987,0.006316359453541194,0.0185857847483258,ADDS-BEYOND,1,1,1,ADDS-BEYOND,0.1491764527513935,0.10731764495630347,0.18348396239384213,ADDS-BEYOND,1,1,0.01084695045019762,0.005229039104438354,0.016732283138299876,ADDS-BEYOND,1,1,1,ADDS-BEYOND,1
39505,0.5,23,0.11395209953655441,0.08626861507504179,0.1563106811813977,ADDS-BEYOND,1,1,0.019197416093265654,0.013410168209808825,0.024670154691108427,ADDS-BEYOND,1,1,1,ADDS-BEYOND,0.11141437162575177,0.08333582665716632,0.15277860561764728,ADDS-BEYOND,1,1,0.017469948540813816,0.011919703507891956,0.022495742221925852,ADDS-BEYOND,1,1,1,ADDS-BEYOND,1
39505,0.5,24,0.1294263349695638,0.09953058412857581,0.1657795745305096,ADDS-BEYOND,1,1,0.021603538592190333,0.015970148216479914,0.02747166040151135,ADDS-BEYOND,1,1,1,ADDS-BEYOND,0.12527034815033303,0.09621565829485614,0.16180183671798673,ADDS-BEYOND,1,1,0.020175225440404534,0.014569509363803912,0.02569075724270051,ADDS-BEYOND,1,1,1,ADDS-BEYOND,1
39505,0.5,25,0.16015511443333172,0.07954834403158208,0.2241394152580039,ADDS-BEYOND,1,1,0.017190194683706736,0.011088928775817223,0.022689062095151993,ADDS-BEYOND,1,1,1,ADDS-BEYOND,0.158182114899118,0.07764057711949202,0.22012625950658585,ADDS-BEYOND,1,1,0.016137500362789076,0.01012057694530603,0.021626264830309792,ADDS-BEYOND,1,1,1,ADDS-BEYOND,1
39505,0.5,26,0.14532912224508507,0.11412371563513819,0.22423030000016972,ADDS-BEYOND,1,1,0.018251907968506023,0.012197250419294405,0.02356343302945931,ADDS-BEYOND,1,1,1,ADDS-BEYOND,0.14201605922606203,0.11262762482355583,0.22094789052277322,ADDS-BEYOND,1,1,0.017442848816452375,0.011769426071306233,0.022751223943355582,ADDS-BEYOND,1,1,1,ADDS-BEYOND,1
39505,0.5,27,0.18164209064333728,0.13100058867117495,0.24898961734066397,ADDS-BEYOND,1,1,0.0173487386334211,0.011873993718957605,0.02325246750730677,ADDS-BEYOND,1,1,1,ADDS-BEYOND,0.17972740797810752,0.13270518224312738,0.24807219171902,ADDS-BEYOND,1,1,0.01575962343362839,0.010468821109716217,0.02151943219077393,ADDS-BEYOND,1,1,1,ADDS-BEYOND,1
39505,0.5,28,0.15332954883946598,0.10441064925194189,0.2395847835156103,ADDS-BEYOND,1,1,0.01907432825108303,0.013411706971233322,0.02425433134779573,ADDS-BEYOND,1,1,1,ADDS-BEYOND,0.15142865746935297,0.10365242135780489,0.2280182016960262,ADDS-BEYOND,1,1,0.01805299818686977,0.012672429448868334,0.023268030166245766,ADDS-BEYOND,1,1,1,ADDS-BEYOND,1
39505,0.5,29,0.14470304476446544,0.12020291296963821,0.17114865617204625,ADDS-BEYOND,1,1,0.022848025755211526,0.016919733238325196,0.02865365644925167,ADDS-BEYOND,1,1,1,ADDS-BEYOND,0.13652948601481527,0.11391020016213135,0.16214838281138397,ADDS-BEYOND,1,1,0.020105270230544037,0.014499707332055276,0.025701416109864754,ADDS-BEYOND,1,1,1,ADDS-BEYOND,1
39505,0.5,30,0.18196994245321968,0.14216797550345633,0.2080730279391822,ADDS-BEYOND,1,1,0.019112963361424266,0.013335864438739702,0.024994302947861587,ADDS-BEYOND,1,1,1,ADDS-BEYOND,0.17909772247976663,0.13845758138010514,0.20640954352391302,ADDS-BEYOND,1,1,0.018014512991036513,0.012502892391443312,0.023744164303760744,ADDS-BEYOND,1,1,1,ADDS-BEYOND,1
39505,0.5,31,0.12095861655112566,0.08045989407788122,0.1487468330439798,ADDS-BEYOND,1,1,0.021352803900555745,0.015281174403416763,0.027355137320378482,ADDS-BEYOND,1,1,1,ADDS-BEYOND,0.11433335223077079,0.0779674479927568,0.14140586464242094,ADDS-BEYOND,1,1,0.020652272144097553,0.014836192898218147,0.026270384335095587,ADDS-BEYOND,1,1,1,ADDS-BEYOND,1
39505,0.5,32,0.12778096293000904,0.0961097092303028,0.1522935398108528,ADDS-BEYOND,1,1,0.013766926341568201,0.008196852000939931,0.01961613524050969,ADDS-BEYOND,1,1,1,ADDS-BEYOND,0.12585052707170102,0.09408758049521829,0.14968460755562024,ADDS-BEYOND,1,1,0.012742175014119346,0.007217575873090498,0.018586985777561342,ADDS-BEYOND,1,1,1,ADDS-BEYOND,1
39505,0.5,33,0.12631984521070286,0.0988377606194375,0.17005888154453858,ADDS-BEYOND,1,1,0.01495083065854704,0.009201074304717132,0.02018563706919085,ADDS-BEYOND,1,1,1,ADDS-BEYOND,0.12460394637935629,0.09701342009254159,0.1676983314846565,ADDS-BEYOND,1,1,0.0141329827684633,0.008750947236044757,0.01923974535222255,ADDS-BEYOND,1,1,1,ADDS-BEYOND,1
39505,0.5,34,0.14675400094385507,0.1084966518569619,0.20626916764442946,ADDS-BEYOND,1,1,0.014211690562195468,0.008271547728734579,0.020117452956592723,ADDS-BEYOND,1,1,1,ADDS-BEYOND,0.14539638118978507,0.10788320165966417,0.20275415335617866,ADDS-BEYOND,1,1,0.012903806947120506,0.007006229348924505,0.01842412974317268,ADDS-BEYOND,1,1,1,ADDS-BEYOND,1
39505,0.5,35,0.1245264230375531,0.09876385404993626,0.16776981522889953,ADDS-BEYOND,1,1,0.016930325915264756,0.010945218976370217,0.0228501256221307,ADDS-BEYOND,1,1,1,ADDS-BEYOND,0.12405319015740549,0.0979598805467422,0.1663658622770012,ADDS-BEYOND,1,1,0.016603051836174082,0.010888068794062268,0.022174898517184145,ADDS-BEYOND,1,1,1,ADDS-BEYOND,1
39505,0.5,36,0.1452935694249269,0.10458684965199562,0.2146332996446723,ADDS-BEYOND,1,1,0.01658574206459243,0.010533367412226272,0.022653590669766625,ADDS-BEYOND,1,1,1,ADDS-BEYOND,0.13781064966887033,0.10129967236689344,0.20176404797082495,ADDS-BEYOND,1,1,0.014788162709213975,0.009112883573826272,0.02045091360952603,ADDS-BEYOND,1,1,1,ADDS-BEYOND,1
39505,0.5,37,0.14052786750103372,0.09605674010986723,0.21586263179245396,ADDS-BEYOND,1,1,0.017540344110487674,0.011407430470001308,0.02354243374088202,ADDS-BEYOND,1,1,1,ADDS-BEYOND,0.1304040330908259,0.09386101970596246,0.21124570601069642,ADDS-BEYOND,1,1,0.01569863634886858,0.00983867155905664,0.021384309651795705,ADDS-BEYOND,1,1,1,ADDS-BEYOND,1
39505,0.5,38,0.1538187532848056,0.1068661344674074,0.18215336202929017,ADDS-BEYOND,1,1,0.01919322919522147,0.013816461551967831,0.024956024520613972,ADDS-BEYOND,1,1,1,ADDS-BEYOND,0.15272964356484905,0.10660535212203912,0.18257311660726805,ADDS-BEYOND,1,1,0.01815324548294434,0.01286764822009389,0.02362841064191019,ADDS-BEYOND,1,1,1,ADDS-BEYOND,1
39505,0.5,39,0.11160367074426694,0.08763873023072179,0.158852971287604,ADDS-BEYOND,1,1,0.014989307823245944,0.009039327595276746,0.02060447422743489,ADDS-BEYOND,1,1,1,ADDS-BEYOND,0.11135608209807898,0.08639948914628122,0.1599300333675996,ADDS-BEYOND,1,1,0.014836060394512296,0.00910667639077481,0.020252339813733134,ADDS-BEYOND,1,1,1,ADDS-BEYOND,1
39505,0.9,0,0.25361787267417213,0.21233485149453396,0.28234894281702977,ADDS-BEYOND,1,1,0.022586589593018798,0.016835833824641308,0.02829635873920004,ADDS-BEYOND,1,1,1,ADDS-BEYOND,0.2522321125440571,0.2129032499446844,0.28042824460478977,ADDS-BEYOND,1,1,0.021892014261207866,0.01636706720302783,0.027161067239719408,ADDS-BEYOND,1,1,1,ADDS-BEYOND,1
39505,0.9,1,0.20388372554379464,0.1587542775108472,0.25899615846608576,ADDS-BEYOND,1,1,0.025501508546789977,0.01970892528212929,0.03131958096781879,ADDS-BEYOND,1,1,1,ADDS-BEYOND,0.2019503778699469,0.15800426230164186,0.25653443769675477,ADDS-BEYOND,1,1,0.024018987915146943,0.018434376994459833,0.029468415003550106,ADDS-BEYOND,1,1,1,ADDS-BEYOND,1
39505,0.9,2,0.1835622863559661,0.15516789078890464,0.22423002499448352,ADDS-BEYOND,1,1,0.0309121373032254,0.024588923702079248,0.037075801397174465,ADDS-BEYOND,1,1,1,ADDS-BEYOND,0.1808309940653436,0.15313252038001154,0.22063907660029541,ADDS-BEYOND,1,1,0.028085742866414028,0.022170148690031536,0.03374875077194001,ADDS-BEYOND,1,1,1,ADDS-BEYOND,1
39505,0.9,3,0.22729362546576143,0.17144563797165113,0.25380144797216314,ADDS-BEYOND,1,1,0.02173611120404722,0.01578144876643692,0.027645957294117156,ADDS-BEYOND,1,1,1,ADDS-BEYOND,0.22573813207320653,0.17042627042585726,0.25161817802093495,ADDS-BEYOND,1,1,0.020087292550342275,0.014555727066632869,0.02584825174515835,ADDS-BEYOND,1,1,1,ADDS-BEYOND,1
39505,0.9,4,0.2206869850980202,0.11955537018460623,0.28923529536038095,ADDS-BEYOND,1,1,0.02091780821634998,0.015258268545574495,0.02643571930145504,ADDS-BEYOND,1,1,1,ADDS-BEYOND,0.21883489397006964,0.11752555871869344,0.27939899433188997,ADDS-BEYOND,1,1,0.01909132213138002,0.013927526154589599,0.024423067405440445,ADDS-BEYOND,1,1,1,ADDS-BEYOND,1
39505,0.9,5,0.26755569219184056,0.19817044859449642,0.3131598213808462,ADDS-BEYOND,1,1,0.017933813475984092,0.011668503947335042,0.02374404199772527,ADDS-BEYOND,1,1,1,ADDS-BEYOND,0.26468669811501266,0.1964834053808257,0.3108328451120607,ADDS-BEYOND,1,1,0.015272327674991069,0.009733722181116858,0.020738394190647512,ADDS-BEYOND,1,1,1,ADDS-BEYOND,1
39505,0.9,6,0.2429228707636779,0.16934179717509368,0.2808433324997742,ADDS-BEYOND,1,1,0.023442118210591504,0.017400328159907972,0.02951124033285996,ADDS-BEYOND,1,1,1,ADDS-BEYOND,0.23864789301908315,0.16186540061712382,0.2753489900267105,ADDS-BEYOND,1,1,0.02051497587237682,0.01459052105769705,0.026090402979615998,ADDS-BEYOND,1,1,1,ADDS-BEYOND,1
39505,0.9,7,0.2339980482803299,0.17863229368034936,0.2708438080158683,ADDS-BEYOND,1,1,0.02303917613850867,0.017267361169744703,0.02925759561374496,ADDS-BEYOND,1,1,1,ADDS-BEYOND,0.23339909332465936,0.17917730164614318,0.2715568229914244,ADDS-BEYOND,1,1,0.022483970435264462,0.016959029505863595,0.028410944700934457,ADDS-BEYOND,1,1,1,ADDS-BEYOND,1
39505,0.9,8,0.19212301522440606,0.14923496505038306,0.2616339159359672,ADDS-BEYOND,1,1,0.024725915131597175,0.018864514006297507,0.03040518617820028,ADDS-BEYOND,1,1,1,ADDS-BEYOND,0.1827785706011234,0.148350259113725,0.2528367521979864,ADDS-BEYOND,1,1,0.023164611748967986,0.017764542490737497,0.02877119870877507,ADDS-BEYOND,1,1,1,ADDS-BEYOND,1
39505,0.9,9,0.20518305419967578,0.16265682971901735,0.2580967659989952,ADDS-BEYOND,1,1,0.026769581828862965,0.020972843733379418,0.03258560534783775,ADDS-BEYOND,1,1,1,ADDS-BEYOND,0.20181098324272578,0.15912136859091575,0.25919644446917034,ADDS-BEYOND,1,1,0.023915860118883404,0.018401185681019158,0.029437978979348647,ADDS-BEYOND,1,1,1,ADDS-BEYOND,1
39505,0.9,10,0.23155016998969993,0.19671411101189357,0.2905218646956712,ADDS-BEYOND,1,1,0.026055196365640923,0.019946649008573566,0.03184412898765351,ADDS-BEYOND,1,1,1,ADDS-BEYOND,0.22618111760363735,0.1919940357973795,0.28443738529063545,ADDS-BEYOND,1,1,0.023302201142752502,0.017182087773901997,0.028965373671923447,ADDS-BEYOND,1,1,1,ADDS-BEYOND,1
39505,0.9,11,0.2313554647607446,0.20195441863429775,0.2543706427111258,ADDS-BEYOND,1,1,0.024086417319198705,0.018102956639493593,0.029559166859547514,ADDS-BEYOND,1,1,1,ADDS-BEYOND,0.22934516759922502,0.20051401612011066,0.252060748640592,ADDS-BEYOND,1,1,0.022376034666566555,0.016697106006555308,0.027909191858278982,ADDS-BEYOND,1,1,1,ADDS-BEYOND,1
39505,0.9,12,0.19860576353318654,0.15063121363859036,0.27212708791919143,ADDS-BEYOND,1,1,0.02069485589549708,0.014922497598724375,0.026615062612035886,ADDS-BEYOND,1,1,1,ADDS-BEYOND,0.19790128248556438,0.15025517987985584,0.2704646823654053,ADDS-BEYOND,1,1,0.019958422291423437,0.014207322135776327,0.025390816326714836,ADDS-BEYOND,1,1,1,ADDS-BEYOND,1
39505,0.9,13,0.18357881516903007,0.15591374220003063,0.22279187800016517,ADDS-BEYOND,1,1,0.019221019597137512,0.013317373872731554,0.02532874166545971,ADDS-BEYOND,1,1,1,ADDS-BEYOND,0.180237791325551,0.15210236275820735,0.22509145948036843,ADDS-BEYOND,1,1,0.016817509893923274,0.011436562065040233,0.02264077709062468,ADDS-BEYOND,1,1,1,ADDS-BEYOND,1
39505,0.9,14,0.2669845315542335,0.1882356886403919,0.31440173995824544,ADDS-BEYOND,1,1,0.028945609651447605,0.023571146487511234,0.03482598397303405,ADDS-BEYOND,1,1,1,ADDS-BEYOND,0.2625156364167789,0.18410106910073504,0.3091082834900072,ADDS-BEYOND,1,1,0.026373788788492922,0.02089859752013361,0.031819972051268255,ADDS-BEYOND,1,1,1,ADDS-BEYOND,1
39505,0.9,15,0.20634589504890072,0.17664166088346955,0.2513880102513765,ADDS-BEYOND,1,1,0.017766752496158375,0.01189868938224603,0.023377768917336988,ADDS-BEYOND,1,1,1,ADDS-BEYOND,0.20558677850312862,0.1763206852452988,0.25097892462829335,ADDS-BEYOND,1,1,0.017047599216173742,0.011358201411183615,0.02227602485415718,ADDS-BEYOND,1,1,1,ADDS-BEYOND,1
39505,0.9,16,0.25603004095330983,0.18865109782229206,0.29933398865756866,ADDS-BEYOND,1,1,0.026615402788544042,0.020759452124509244,0.032285080829648025,ADDS-BEYOND,1,1,1,ADDS-BEYOND,0.25309371592699426,0.18592058565556854,0.29602034737075933,ADDS-BEYOND,1,1,0.023955400070362065,0.018528689597868825,0.0291006169318293,ADDS-BEYOND,1,1,1,ADDS-BEYOND,1
39505,0.9,17,0.21723071737615024,0.17798333616168943,0.24593686966600017,ADDS-BEYOND,1,1,0.027450702333583054,0.02166561946673496,0.03376719605256572,ADDS-BEYOND,1,1,1,ADDS-BEYOND,0.21651303600509236,0.17710092900834912,0.2442614073482247,ADDS-BEYOND,1,1,0.02575485335709022,0.020342580686286266,0.03189991032248189,ADDS-BEYOND,1,1,1,ADDS-BEYOND,1
39505,0.9,18,0.21103076016848976,0.15863943683299603,0.27787335538883906,ADDS-BEYOND,1,1,0.023483230942267834,0.018002801201978114,0.029023877408051287,ADDS-BEYOND,1,1,1,ADDS-BEYOND,0.21013516026769508,0.15845742218525882,0.27710879767101815,ADDS-BEYOND,1,1,0.02243752370823977,0.01711981173207664,0.027800061973723995,ADDS-BEYOND,1,1,1,ADDS-BEYOND,1
39505,0.9,19,0.23844139973571135,0.16005111661421428,0.28090488121335305,ADDS-BEYOND,1,1,0.026788639710689413,0.02080000060200765,0.03267970643938245,ADDS-BEYOND,1,1,1,ADDS-BEYOND,0.2369875269839938,0.15855979702730957,0.27869679317867946,ADDS-BEYOND,1,1,0.02556643759101228,0.020163872129766825,0.03112017697207379,ADDS-BEYOND,1,1,1,ADDS-BEYOND,1
39505,0.9,20,0.1933257348559062,0.14656869114995386,0.24819306986902429,ADDS-BEYOND,1,1,0.021551761868998133,0.015475341333037974,0.02781676007484832,ADDS-BEYOND,1,1,1,ADDS-BEYOND,0.19040886327812073,0.14419001388275351,0.24265004700181078,ADDS-BEYOND,1,1,0.019058354324849234,0.013130918953968077,0.024644376382589456,ADDS-BEYOND,1,1,1,ADDS-BEYOND,1
39505,0.9,21,0.2082998841649154,0.16810679577464308,0.2442112810912832,ADDS-BEYOND,1,1,0.024979653467480857,0.019225827584204117,0.03130649267067455,ADDS-BEYOND,1,1,1,ADDS-BEYOND,0.20673881562915886,0.16781864305101868,0.24358793893375244,ADDS-BEYOND,1,1,0.023858271531462354,0.01826885961354441,0.029871987130947453,ADDS-BEYOND,1,1,1,ADDS-BEYOND,1
39505,0.9,22,0.22741592926404014,0.18406911314805677,0.258102284674529,ADDS-BEYOND,1,1,0.025797785124311835,0.01996618077768842,0.031619322920690765,ADDS-BEYOND,1,1,1,ADDS-BEYOND,0.22022913765966579,0.18169991542894937,0.2547513342737347,ADDS-BEYOND,1,1,0.02380927090371249,0.01844966283453766,0.02902211458672913,ADDS-BEYOND,1,1,1,ADDS-BEYOND,1
39505,0.9,23,0.1898106812212434,0.15470560701186412,0.2490692247203212,ADDS-BEYOND,1,1,0.024234329397675274,0.018320980693018317,0.030105960239182956,ADDS-BEYOND,1,1,1,ADDS-BEYOND,0.18770617813502216,0.1518111214796946,0.2476346709162904,ADDS-BEYOND,1,1,0.022285116871568703,0.016715555710916666,0.02782254570029502,ADDS-BEYOND,1,1,1,ADDS-BEYOND,1
39505,0.9,24,0.21632835796557867,0.17049704460106538,0.28014498157821743,ADDS-BEYOND,1,1,0.02705797450949216,0.02135565471659887,0.0328655434424413,ADDS-BEYOND,1,1,1,ADDS-BEYOND,0.2182133486500386,0.17243229511220634,0.2789904895374806,ADDS-BEYOND,1,1,0.027382777676246015,0.02174786813834588,0.03293962725874012,ADDS-BEYOND,1,1,1,ADDS-BEYOND,1
39505,0.9,25,0.2478872552553476,0.1537599607114026,0.31233407570085486,ADDS-BEYOND,1,1,0.027145602216448895,0.021249919291018802,0.032960734476050614,ADDS-BEYOND,1,1,1,ADDS-BEYOND,0.24203155206946572,0.14922658929752733,0.30579297735582195,ADDS-BEYOND,1,1,0.021978359663712456,0.01649763946683261,0.027646334690387773,ADDS-BEYOND,1,1,1,ADDS-BEYOND,1
39505,0.9,26,0.23110965592105476,0.18957448729620122,0.25953802980045787,ADDS-BEYOND,1,1,0.029236042240203184,0.02340872308828983,0.03477524488381091,ADDS-BEYOND,1,1,1,ADDS-BEYOND,0.22708992749422657,0.17924088943587807,0.2566464942896968,ADDS-BEYOND,1,1,0.02757712845061293,0.022195095238523876,0.03287152556970746,ADDS-BEYOND,1,1,1,ADDS-BEYOND,1
39505,0.9,27,0.18289598240862343,0.15129055252094792,0.24048389475970758,ADDS-BEYOND,1,1,0.02091300559800518,0.014999472090987802,0.026830194600546444,ADDS-BEYOND,1,1,1,ADDS-BEYOND,0.18006506173457276,0.14854913990353613,0.2328648580264672,ADDS-BEYOND,1,1,0.018955312194018824,0.013501240624313841,0.024677470178748467,ADDS-BEYOND,1,1,1,ADDS-BEYOND,1
39505,0.9,28,0.17104967452353403,0.1410848515710113,0.23976576461498475,ADDS-BEYOND,1,1,0.023927014009256033,0.017654068906418623,0.029891603802543684,ADDS-BEYOND,1,1,1,ADDS-BEYOND,0.16654075206810673,0.13696751462150045,0.23638359940429776,ADDS-BEYOND,1,1,0.02081227508079884,0.015148145099842447,0.026310246701837736,ADDS-BEYOND,1,1,1,ADDS-BEYOND,1
39505,0.9,29,0.2206453663145268,0.17552215733114426,0.28059444487370366,ADDS-BEYOND,1,1,0.020804448754917083,0.015026582374542395,0.026967418179554725,ADDS-BEYOND,1,1,1,ADDS-BEYOND,0.2176021388207106,0.17281861044487332,0.27712462322940584,ADDS-BEYOND,1,1,0.017365891810009783,0.01188227657622229,0.02308090447175485,ADDS-BEYOND,1,1,1,ADDS-BEYOND,1
39505,0.9,30,0.20821781248238538,0.15747123246022982,0.28556116904991574,ADDS-BEYOND,1,1,0.0262676921495625,0.020626402072809673,0.03208929070811291,ADDS-BEYOND,1,1,1,ADDS-BEYOND,0.20581009736200345,0.15603979842427876,0.2818057893739055,ADDS-BEYOND,1,1,0.024308041825838102,0.019155916935787075,0.030064550750188056,ADDS-BEYOND,1,1,1,ADDS-BEYOND,1
39505,0.9,31,0.22615005208764552,0.17285773673946764,0.3050176188772199,ADDS-BEYOND,1,1,0.03243514020611152,0.02661926632757535,0.03790245327163136,ADDS-BEYOND,1,1,1,ADDS-BEYOND,0.22382333946161798,0.17165072400882006,0.30224082665749635,ADDS-BEYOND,1,1,0.03050712719765962,0.02507612381843575,0.035631027583768106,ADDS-BEYOND,1,1,1,ADDS-BEYOND,1
39505,0.9,32,0.2370240731886275,0.17755630491263075,0.28605167291784545,ADDS-BEYOND,1,1,0.02539543332421784,0.019591159247004702,0.031132649552937795,ADDS-BEYOND,1,1,1,ADDS-BEYOND,0.23565131104636716,0.17820203118600123,0.2828103993202287,ADDS-BEYOND,1,1,0.024887531002329624,0.019484019047666345,0.030287175769076136,ADDS-BEYOND,1,1,1,ADDS-BEYOND,1
39505,0.9,33,0.21372486065198826,0.17925231790678411,0.25221173435440897,ADDS-BEYOND,1,1,0.019911217960724502,0.01377268106681534,0.025904326372187668,ADDS-BEYOND,1,1,1,ADDS-BEYOND,0.21162008580959102,0.1782228867744647,0.2515289343844163,ADDS-BEYOND,1,1,0.017983668081020455,0.012065993144441511,0.02364345170247076,ADDS-BEYOND,1,1,1,ADDS-BEYOND,1
39505,0.9,34,0.2539586696191027,0.20619622172391477,0.2864742787625206,ADDS-BEYOND,1,1,0.026880796977422853,0.02096974167099633,0.03327057672447158,ADDS-BEYOND,1,1,1,ADDS-BEYOND,0.25159533261127665,0.20035136484568317,0.28224252659802346,ADDS-BEYOND,1,1,0.02457599259248686,0.019116073180686307,0.03032904699845794,ADDS-BEYOND,1,1,1,ADDS-BEYOND,1
39505,0.9,35,0.22175030391934178,0.17192661207001922,0.30299208562371,ADDS-BEYOND,1,1,0.023397687298321184,0.01745675364703839,0.02923996032429743,ADDS-BEYOND,1,1,1,ADDS-BEYOND,0.22062004675939417,0.17049395657883754,0.30184980860299,ADDS-BEYOND,1,1,0.022662953618199783,0.016851478936376212,0.02836201971314402,ADDS-BEYOND,1,1,1,ADDS-BEYOND,1
39505,0.9,36,0.23391845971369385,0.18315773257629417,0.2796126183810149,ADDS-BEYOND,1,1,0.027285515285107035,0.021242766230870038,0.03309591651593436,ADDS-BEYOND,1,1,1,ADDS-BEYOND,0.22946839610986808,0.1813827774662624,0.27327783613204354,ADDS-BEYOND,1,1,0.024499921687868194,0.018493883711291945,0.029966370362499606,ADDS-BEYOND,1,1,1,ADDS-BEYOND,1
39505,0.9,37,0.22756564500668888,0.17472809932040315,0.27074228595636224,ADDS-BEYOND,1,1,0.02578586692092775,0.019849977991503846,0.03209542680957427,ADDS-BEYOND,1,1,1,ADDS-BEYOND,0.2248065816223723,0.16507799154313468,0.26910243578471166,ADDS-BEYOND,1,1,0.02252345684584742,0.016660841627232744,0.028567014833240416,ADDS-BEYOND,1,1,1,ADDS-BEYOND,1
39505,0.9,38,0.19070696482176863,0.14318738184757437,0.2258497235746096,ADDS-BEYOND,1,1,0.02164100115691561,0.016275690399475178,0.02735744448163701,ADDS-BEYOND,1,1,1,ADDS-BEYOND,0.190256516590444,0.1425672780953385,0.2253481028150052,ADDS-BEYOND,1,1,0.020994213751566806,0.015805350918442106,0.02655663739288866,ADDS-BEYOND,1,1,1,ADDS-BEYOND,1
39505,0.9,39,0.20078063477859967,0.16493580759221788,0.2406983232020017,ADDS-BEYOND,1,1,0.02677853922071453,0.020952814425635277,0.03230927127145501,ADDS-BEYOND,1,1,1,ADDS-BEYOND,0.19905648770399897,0.16384763562341106,0.23946852709542438,ADDS-BEYOND,1,1,0.024739356573464093,0.01909276020291323,0.03019557584542491,ADDS-BEYOND,1,1,1,ADDS-BEYOND,1
39505,0.998,0,0.29084106434772267,0.19656174350048372,0.3354629805395086,ADDS-BEYOND,1,1,0.005562882997665207,-0.0003771685336862753,0.010992764779534012,TAUTOLOG,0,0,0,INCONCLUSIVE-kernel-disagree,0.2909442937702409,0.19607111640638997,0.3353889223560024,ADDS-BEYOND,1,1,0.0056620300282637205,-9.397150702446688e-06,0.010883176759447137,TAUTOLOG,0,0,0,INCONCLUSIVE-kernel-disagree,0
39505,0.998,1,0.30113942393647053,0.2529429427547659,0.3381226092927953,ADDS-BEYOND,1,1,0.0018151394306475316,-0.004365084705439465,0.007580406739147237,TAUTOLOG,0,0,0,INCONCLUSIVE-kernel-disagree,0.30268909559822227,0.2541830845555671,0.3410524376968553,ADDS-BEYOND,1,1,0.0036260022822505707,-0.0025008517293845694,0.009303127878136145,TAUTOLOG,0,0,0,INCONCLUSIVE-kernel-disagree,0
39505,0.998,2,0.34232760201055307,0.2843747755689735,0.37124120816746664,ADDS-BEYOND,1,1,0.010166552747569559,0.004086528530422231,0.016229968682637656,ADDS-BEYOND,1,1,1,ADDS-BEYOND,0.34207046217305503,0.28778082179909104,0.3715546375632794,ADDS-BEYOND,1,1,0.00986868065135567,0.003956939043733735,0.01565600552451609,ADDS-BEYOND,1,1,1,ADDS-BEYOND,1
39505,0.998,3,0.3414419442064024,0.2505319071559338,0.37523158937184375,ADDS-BEYOND,1,1,0.004545925889997231,-0.0014218043080572354,0.010528863157485366,TAUTOLOG,0,0,0,INCONCLUSIVE-kernel-disagree,0.3409674137773017,0.2519283811042367,0.37536117010599296,ADDS-BEYOND,1,1,0.004115673929150994,-0.001405917472955356,0.010043325817394895,TAUTOLOG,0,0,0,INCONCLUSIVE-kernel-disagree,0
39505,0.998,4,0.3128679203027674,0.26177930497347174,0.3650311484303504,ADDS-BEYOND,1,1,0.009470596060649419,0.003832255086428002,0.015509975008842415,ADDS-BEYOND,1,1,1,ADDS-BEYOND,0.31241119768601994,0.2607281750324881,0.36422139225105854,ADDS-BEYOND,1,1,0.00899563209779935,0.003431426854395024,0.014676602884051267,ADDS-BEYOND,1,1,1,ADDS-BEYOND,1
39505,0.998,5,0.31666662924592487,0.2802584136176562,0.34434314544840955,ADDS-BEYOND,1,1,0.0029830055723177274,-0.00288032710503074,0.008973230852010057,TAUTOLOG,0,0,0,INCONCLUSIVE-kernel-disagree,0.31589103147780273,0.27893292282629784,0.34391258450943407,ADDS-BEYOND,1,1,0.0022370256265397516,-0.003416912756473976,0.007860830200566413,TAUTOLOG,0,0,0,INCONCLUSIVE-kernel-disagree,0
39505,0.998,6,0.26719998202346856,0.2169980407263832,0.3443620481620642,ADDS-BEYOND,1,1,0.007481198415270932,0.0011912057786871888,0.013122241039329836,ADDS-BEYOND,1,1,1,ADDS-BEYOND,0.26182582445555436,0.21439098391112535,0.34154600955061537,ADDS-BEYOND,1,1,0.0055918687039664015,-0.000323234688356315,0.010809513068526204,TAUTOLOG,0,0,0,INCONCLUSIVE-kernel-disagree,0
39505,0.998,7,0.23715613809939406,0.2011597032470778,0.293649273350612,ADDS-BEYOND,1,1,0.009601682912650475,0.004181159795810804,0.015399014463180058,ADDS-BEYOND,1,1,1,ADDS-BEYOND,0.23759733885784357,0.20225535794522692,0.2932151781164514,ADDS-BEYOND,1,1,0.009906054873603035,0.004396297414770094,0.015365558837129548,ADDS-BEYOND,1,1,1,ADDS-BEYOND,1
39505,0.998,8,0.31766836950106164,0.2289135982289684,0.3566361341105304,ADDS-BEYOND,1,1,0.005293247035212634,-0.0005167368635010744,0.011203278113642029,TAUTOLOG,0,0,0,INCONCLUSIVE-kernel-disagree,0.31692792126946034,0.22968862506705726,0.3565581810284403,ADDS-BEYOND,1,1,0.004498004111295841,-0.0008548420451678256,0.01001331930761485,TAUTOLOG,0,0,0,INCONCLUSIVE-kernel-disagree,0
39505,0.998,9,0.26937992876951794,0.21948648968852996,0.30846463520694645,ADDS-BEYOND,1,1,0.0048954114096714145,-0.000892267957331166,0.010393628811064955,TAUTOLOG,0,0,0,INCONCLUSIVE-kernel-disagree,0.27038397983045054,0.22129951791076413,0.30986134322254194,ADDS-BEYOND,1,1,0.006369429747076385,0.0011848471260954136,0.011880620768697246,ADDS-BEYOND,1,1,1,ADDS-BEYOND,0
39505,0.998,10,0.27185714540600414,0.22225890240214427,0.31429063582224936,ADDS-BEYOND,1,1,0.005571244750940565,-0.0007724114567210339,0.011813731887006995,TAUTOLOG,0,0,0,INCONCLUSIVE-kernel-disagree,0.27159318115408826,0.22043807928779593,0.3111058880348339,ADDS-BEYOND,1,1,0.0051575556661808885,-0.0007537234968390466,0.010662381412119696,TAUTOLOG,0,0,0,INCONCLUSIVE-kernel-disagree,0
39505,0.998,11,0.301602672699482,0.25875544507662473,0.37202431001534075,ADDS-BEYOND,1,1,0.009535003081138593,0.0034717862317185247,0.014994464472603022,ADDS-BEYOND,1,1,1,ADDS-BEYOND,0.30077377500828273,0.25756613374234677,0.3686083521553252,ADDS-BEYOND,1,1,0.008374049069104003,0.0027916653997339287,0.013692023366904511,ADDS-BEYOND,1,1,1,ADDS-BEYOND,1
39505,0.998,12,0.26121878198760345,0.2109683809865951,0.2905213442466688,ADDS-BEYOND,1,1,0.010041181386185085,0.004125111828550385,0.01611387640724557,ADDS-BEYOND,1,1,1,ADDS-BEYOND,0.260730947125625,0.20988900780701503,0.2899434669445999,ADDS-BEYOND,1,1,0.00953849127049382,0.0037889427281691686,0.015536511560978959,ADDS-BEYOND,1,1,1,ADDS-BEYOND,1
39505,0.998,13,0.24256104125669128,0.21313326361130852,0.2885892279377062,ADDS-BEYOND,1,1,0.006516217466743138,0.0009976432116653735,0.0126598765979536,ADDS-BEYOND,1,1,1,ADDS-BEYOND,0.24256539755296141,0.2128190939740107,0.28809861362283706,ADDS-BEYOND,1,1,0.006523954126172612,0.0010807377599155398,0.012215388589379133,ADDS-BEYOND,1,1,1,ADDS-BEYOND,1
39505,0.998,14,0.32103282334976474,0.2730857609444651,0.35295823353574485,ADDS-BEYOND,1,1,0.007841592892445152,0.0019566282731754312,0.014116332196545744,ADDS-BEYOND,1,1,1,ADDS-BEYOND,0.3199068724271925,0.27222518716500127,0.3514635995669919,ADDS-BEYOND,1,1,0.006692921161885451,0.0009685758201646427,0.01257208915510201,ADDS-BEYOND,1,1,1,ADDS-BEYOND,1
39505,0.998,15,0.2615599900250148,0.22571299202221073,0.3082524837774561,ADDS-BEYOND,1,1,0.005267132463332178,-0.0003996721525863737,0.01120786019010018,TAUTOLOG,0,0,0,INCONCLUSIVE-kernel-disagree,0.26157976817244916,0.22626445587502023,0.30763038495876954,ADDS-BEYOND,1,1,0.005296748609791787,-0.00011366818831769149,0.010978620520108033,TAUTOLOG,0,0,0,INCONCLUSIVE-kernel-disagree,0
39505,0.998,16,0.31301319289543217,0.2848487932260178,0.33575385696529303,ADDS-BEYOND,1,1,0.0041385680161547525,-0.001315555695160085,0.009817881834490595,TAUTOLOG,0,0,0,INCONCLUSIVE-kernel-disagree,0.3126761129196659,0.2829737196417483,0.3356285473856151,ADDS-BEYOND,1,1,0.003813165191368993,-0.0016521369166111672,0.00912297689059602,TAUTOLOG,0,0,0,INCONCLUSIVE-kernel-disagree,0
39505,0.998,17,0.24964839076242476,0.21396390709339655,0.2914289613320602,ADDS-BEYOND,1,1,0.005079606811094644,-0.000734283475829068,0.01067341779008182,TAUTOLOG,0,0,0,INCONCLUSIVE-kernel-disagree,0.25051249489099675,0.21437051647204067,0.292580940681046,ADDS-BEYOND,1,1,0.005975859988223323,0.0005271748609111094,0.011359941369109677,ADDS-BEYOND,1,1,1,ADDS-BEYOND,0
39505,0.998,18,0.25561688535170235,0.22610036821382012,0.33052751909356026,ADDS-BEYOND,1,1,0.009113620169666008,0.00349369208426658,0.014439806698015485,ADDS-BEYOND,1,1,1,ADDS-BEYOND,0.2553017960328989,0.2269213375517772,0.3316982433537905,ADDS-BEYOND,1,1,0.00879487515526125,0.003453139670564633,0.013996951112373014,ADDS-BEYOND,1,1,1,ADDS-BEYOND,1
39505,0.998,19,0.27861100702199815,0.21934342859015943,0.32163863995848774,ADDS-BEYOND,1,1,0.007713951397082759,0.0020111260506175113,0.013211807275152783,ADDS-BEYOND,1,1,1,ADDS-BEYOND,0.27861182586469996,0.21927152903730046,0.3220076988331684,ADDS-BEYOND,1,1,0.00771545589625209,0.002311070886679635,0.013068633834922343,ADDS-BEYOND,1,1,1,ADDS-BEYOND,1
39505,0.998,20,0.2754145680825913,0.19636851469480562,0.342007700522936,ADDS-BEYOND,1,1,0.009453069448440158,0.0035176300540276256,0.01513221961493089,ADDS-BEYOND,1,1,1,ADDS-BEYOND,0.27686222030716,0.19795073739865363,0.3441945584109557,ADDS-BEYOND,1,1,0.011037890669508077,0.005299364556693953,0.016401133832222387,ADDS-BEYOND,1,1,1,ADDS-BEYOND,1
39505,0.998,21,0.3198243522538485,0.2853050730479832,0.36740077229350254,ADDS-BEYOND,1,1,0.005294320530171533,-0.00016700939743128965,0.01114845207829951,TAUTOLOG,0,0,0,INCONCLUSIVE-kernel-disagree,0.320152938436543,0.28519503967662446,0.36792359542640907,ADDS-BEYOND,1,1,0.005861519394053815,0.0006328179729920694,0.011295773569806418,ADDS-BEYOND,1,1,1,ADDS-BEYOND,0
39505,0.998,22,0.21266888936781114,0.176839201679641,0.28708442005304113,ADDS-BEYOND,1,1,0.0045201513028045055,-0.0011735266774400301,0.0105195447396215,TAUTOLOG,0,0,0,INCONCLUSIVE-kernel-disagree,0.2136474735595792,0.17741865949197913,0.2896268246022706,ADDS-BEYOND,1,1,0.005134605361236639,-9.948326824486505e-05,0.010727384582886771,TAUTOLOG,0,0,0,INCONCLUSIVE-kernel-disagree,0
39505,0.998,23,0.3121925728353589,0.2564000369250504,0.3441064249482995,ADDS-BEYOND,1,1,0.0006451691317761019,-0.0052948886249257485,0.006399287003889638,TAUTOLOG,0,0,0,INCONCLUSIVE-kernel-disagree,0.31092520479646435,0.25511406212670446,0.34364379156567965,ADDS-BEYOND,1,1,-0.00046056815451719717,-0.0060775452493698765,0.004982234867327307,TAUTOLOG,0,0,0,INCONCLUSIVE-kernel-disagree,0
39505,0.998,24,0.3166756846652096,0.2649541855767173,0.343299653112936,ADDS-BEYOND,1,1,0.003947595672306869,-0.001714735091536621,0.00981988199475194,TAUTOLOG,0,0,0,INCONCLUSIVE-kernel-disagree,0.31881230162475044,0.2631544267758265,0.34477871541098787,ADDS-BEYOND,1,1,0.004421293392973497,-0.001139981652342722,0.00966904679957778,TAUTOLOG,0,0,0,INCONCLUSIVE-kernel-disagree,0
39505,0.998,25,0.2817499563353174,0.25081955644947035,0.3402655054126353,ADDS-BEYOND,1,1,0.0024131216325158056,-0.003175686713443062,0.008315687225826814,TAUTOLOG,0,0,0,INCONCLUSIVE-kernel-disagree,0.2809628865534987,0.24898354007092502,0.33758535898099895,ADDS-BEYOND,1,1,0.0015121863034311725,-0.004058799125385316,0.007142236156011442,TAUTOLOG,0,0,0,INCONCLUSIVE-kernel-disagree,0
39505,0.998,26,0.24492004819077473,0.18727231290217375,0.2811557531415953,ADDS-BEYOND,1,1,0.0013468279240888973,-0.004352786652475219,0.0073227444120238265,TAUTOLOG,0,0,0,INCONCLUSIVE-kernel-disagree,0.24522176941339183,0.1870933758839729,0.280752778665767,ADDS-BEYOND,1,1,0.0015539053693650559,-0.003928875798833776,0.0076440554179577425,TAUTOLOG,0,0,0,INCONCLUSIVE-kernel-disagree,0
39505,0.998,27,0.2784599382450262,0.21761592804335844,0.3243752616044584,ADDS-BEYOND,1,1,0.012979674396335485,0.007582443602849279,0.018641259836305428,ADDS-BEYOND,1,1,1,ADDS-BEYOND,0.2765655339654332,0.21623929740965767,0.3219298600009735,ADDS-BEYOND,1,1,0.010975103261114002,0.005557770552705331,0.016375984369074413,ADDS-BEYOND,1,1,1,ADDS-BEYOND,1
39505,0.998,28,0.2602023370951887,0.23239666892897143,0.2946875469805208,ADDS-BEYOND,1,1,0.00952191768622812,0.0035038857270849673,0.015133359798863391,ADDS-BEYOND,1,1,1,ADDS-BEYOND,0.26093384607117814,0.23376919565583407,0.2963357087385896,ADDS-BEYOND,1,1,0.0103136697437449,0.004477606853395204,0.0159926081840672,ADDS-BEYOND,1,1,1,ADDS-BEYOND,1
39505,0.998,29,0.30197549701243165,0.24192515469188752,0.35763729291100343,ADDS-BEYOND,1,1,0.006095835770020248,-5.8571753209664695e-05,0.012071906471537977,TAUTOLOG,0,0,0,INCONCLUSIVE-kernel-disagree,0.301007904343531,0.23936621412833298,0.3552753717924158,ADDS-BEYOND,1,1,0.005098328727351241,-0.0008051824673399442,0.010701990387257892,TAUTOLOG,0,0,0,INCONCLUSIVE-kernel-disagree,0
39505,0.998,30,0.22659548025809076,0.17676628730185898,0.2769358057246787,ADDS-BEYOND,1,1,-0.003166583918468653,-0.008566286030255424,0.002841049539100612,TAUTOLOG,0,0,0,INCONCLUSIVE-kernel-disagree,0.22746156740954224,0.1777628777873234,0.27804830916658213,ADDS-BEYOND,1,1,-0.0021221750511614505,-0.007631936565840035,0.0034752930650331043,TAUTOLOG,0,0,0,INCONCLUSIVE-kernel-disagree,0
39505,0.998,31,0.24395838063463124,0.19818124463382955,0.2938229752948151,ADDS-BEYOND,1,1,0.0023814869942880915,-0.003266821219580711,0.008255165305879988,TAUTOLOG,0,0,0,INCONCLUSIVE-kernel-disagree,0.2436264251050061,0.19858494420454495,0.2931268977633639,ADDS-BEYOND,1,1,0.002092866764852149,-0.0034410309217708245,0.0076677609410458,TAUTOLOG,0,0,0,INCONCLUSIVE-kernel-disagree,0
39505,0.998,32,0.3123967610986285,0.2571091954597435,0.34780152069562115,ADDS-BEYOND,1,1,0.005257044016384096,-0.0007075360282478544,0.010898201058335423,TAUTOLOG,0,0,0,INCONCLUSIVE-kernel-disagree,0.3112380313776114,0.2558452214427758,0.3465418526047767,ADDS-BEYOND,1,1,0.004536372852509963,-0.0011683244605221084,0.010062928873883215,TAUTOLOG,0,0,0,INCONCLUSIVE-kernel-disagree,0
39505,0.998,33,0.2381459895896509,0.19817968616693432,0.32976412954728573,ADDS-BEYOND,1,1,0.007340353735027512,0.0012021090549416457,0.012945450533692724,ADDS-BEYOND,1,1,1,ADDS-BEYOND,0.23725916492121646,0.1971566446376255,0.3297140905834755,ADDS-BEYOND,1,1,0.006379824711977647,0.00026900414653998147,0.012046932509890888,ADDS-BEYOND,1,1,1,ADDS-BEYOND,1
39505,0.998,34,0.25058308918459027,0.1912950052463037,0.34068277190783663,ADDS-BEYOND,1,1,0.0063241154099958645,0.0009783599222640642,0.012277124298033435,ADDS-BEYOND,1,1,1,ADDS-BEYOND,0.2512607294646066,0.19239344420019336,0.34454245908663905,ADDS-BEYOND,1,1,0.006974773822104193,0.0018208730656157743,0.012823677294664299,ADDS-BEYOND,1,1,1,ADDS-BEYOND,1
39505,0.998,35,0.29239827471153185,0.1904674810011382,0.34014962821445166,ADDS-BEYOND,1,1,0.0052366355691382096,-0.0006118687636631144,0.01099659744944382,TAUTOLOG,0,0,0,INCONCLUSIVE-kernel-disagree,0.2909635380984318,0.1886426342590949,0.3377804254113966,ADDS-BEYOND,1,1,0.004284191221339906,-0.001658757394379824,0.009559708003276607,TAUTOLOG,0,0,0,INCONCLUSIVE-kernel-disagree,0
39505,0.998,36,0.3079309116758202,0.24136544427190113,0.35475887003713236,ADDS-BEYOND,1,1,0.007286454115320582,0.0019730746267210258,0.012883169042517517,ADDS-BEYOND,1,1,1,ADDS-BEYOND,0.30705842237891834,0.24146130254818982,0.3540849474686299,ADDS-BEYOND,1,1,0.006604452862866135,0.0014322989265641503,0.012138562912802292,ADDS-BEYOND,1,1,1,ADDS-BEYOND,1
39505,0.998,37,0.2350382465946979,0.19876712675048666,0.3102195072887249,ADDS-BEYOND,1,1,0.0032094487595706383,-0.0029305039465243187,0.008820765396680964,TAUTOLOG,0,0,0,INCONCLUSIVE-kernel-disagree,0.235236657459805,0.20025440910825684,0.31009042053129066,ADDS-BEYOND,1,1,0.0035264536948649582,-0.0021449653189053145,0.008945533077517075,TAUTOLOG,0,0,0,INCONCLUSIVE-kernel-disagree,0
39505,0.998,38,0.2478898141557817,0.21656297339024963,0.3028532028783772,ADDS-BEYOND,1,1,0.008004598149421163,0.002612097279340351,0.014198595256647562,ADDS-BEYOND,1,1,1,ADDS-BEYOND,0.24750043407528866,0.21585832526584833,0.3027381622774604,ADDS-BEYOND,1,1,0.007607589730718597,0.0024271390124154884,0.013556620055119713,ADDS-BEYOND,1,1,1,ADDS-BEYOND,1
39505,0.998,39,0.27561729694802367,0.21497237321866716,0.32645914574175144,ADDS-BEYOND,1,1,0.0029071702476401707,-0.002387388284506379,0.008401201461356181,TAUTOLOG,0,0,0,INCONCLUSIVE-kernel-disagree,0.27939450858681775,0.21678998298917423,0.3283622124665099,ADDS-BEYOND,1,1,0.0040295105656918085,-0.0012712334305662147,0.009400537573752046,TAUTOLOG,0,0,0,INCONCLUSIVE-kernel-disagree,0
