
====================================================================================================
0. PROVENANCE AND COMPLETENESS
====================================================================================================
file                               rows  cells  n values
null_grid.csv                       108     36  [127607]   [2026-08-16 full-grid driver (interrupted)]
null_grid_n127607_tail.csv           36     12  [127607]   [2026-08-28 tail of the interrupted run]
null_grid_n3000.csv                 360    120  [3000]   [2026-08-27 --n 3000]
null_grid_n39505.csv                360    120  [3000, 39505]   [2026-08-27 --n 39505]
null_grid_n500_n10000.csv           504    168  [500, 3000, 10000]   [2026-08-27 --n 500,10000]

pre-registered kernel-rows: 936   present: 936   missing: 0

configurations measured more than once: 216 (kernel-rows), i.e. 72 cells
   of the repeat measurements, 216 are bit-identical to the canonical copy (same cell_id -> same seeds)
   and 216 are independent replicates (different cell_id -> different seeds)

   independent replication check, kendalltau rows only (canonical mean vs independent-replicate mean):
   null  lev    rho  al     canon  replicate      diff     mcse
      A    2  0.000   1   +0.0121    +0.0121   -0.0001   0.0006
      A    2  0.000   0   -0.0006    +0.0012   +0.0018   0.0011
      A    2  0.500   1   +0.0104    +0.0098   -0.0006   0.0008
      A    2  0.500   0   -0.0001    +0.0008   +0.0008   0.0011
      A    2  0.900   1   +0.0077    +0.0053   -0.0024   0.0010
      A    2  0.900   0   +0.0013    +0.0000   -0.0012   0.0011
      A    2  0.930   1   +0.0067    +0.0053   -0.0014   0.0010
      A    2  0.930   0   -0.0006    -0.0008   -0.0003   0.0010
      A    2  0.998   1   +0.0029    +0.0018   -0.0011   0.0011
      A    2  0.998   0   +0.0021    -0.0002   -0.0022   0.0010
      A    2  1.000   1   +0.0013    +0.0010   -0.0003   0.0012
      A    2  1.000   0   -0.0004    +0.0005   +0.0009   0.0012
      B    2  0.000   1   +0.0081    +0.0090   +0.0009   0.0006
      B    2  0.000   0   +0.0002    +0.0010   +0.0009   0.0009
      B    2  0.500   1   +0.0160    +0.0187   +0.0027   0.0010
      B    2  0.500   0   +0.0161    +0.0151   -0.0010   0.0009
      B    2  0.900   1   +0.0255    +0.0245   -0.0010   0.0011
      B    2  0.900   0   +0.0242    +0.0240   -0.0001   0.0010
      B    2  0.930   1   +0.0248    +0.0238   -0.0011   0.0009
      B    2  0.930   0   +0.0229    +0.0223   -0.0006   0.0010
      B    2  0.998   1   +0.0060    +0.0046   -0.0014   0.0011
      B    2  0.998   0   +0.0052    +0.0056   +0.0004   0.0009
      B    2  1.000   1   +0.0296    -0.0333   -0.0629   0.0245
      B    2  1.000   0   -0.0276    +0.0123   +0.0399   0.0253
      A    4  0.000   1   +0.0102    +0.0109   +0.0007   0.0005
      A    4  0.000   0   -0.0006    -0.0006   +0.0000   0.0010
      A    4  0.500   1   +0.0099    +0.0101   +0.0003   0.0007
      A    4  0.500   0   -0.0005    +0.0003   +0.0008   0.0010
      A    4  0.900   1   +0.0055    +0.0063   +0.0008   0.0008
      A    4  0.900   0   +0.0007    -0.0006   -0.0013   0.0009
      A    4  0.930   1   +0.0033    +0.0047   +0.0014   0.0009
      A    4  0.930   0   +0.0011    +0.0008   -0.0003   0.0010
      A    4  0.998   1   +0.0023    -0.0011   -0.0034   0.0009
      A    4  0.998   0   +0.0007    -0.0005   -0.0012   0.0009
      A    4  1.000   1   +0.0018    +0.0012   -0.0005   0.0010
      A    4  1.000   0   +0.0003    +0.0007   +0.0004   0.0012
      B    4  0.000   1   +0.0086    +0.0083   -0.0002   0.0006
      B    4  0.000   0   +0.0000    +0.0001   +0.0001   0.0008
      B    4  0.500   1   +0.0179    +0.0193   +0.0014   0.0008
      B    4  0.500   0   +0.0184    +0.0198   +0.0014   0.0008
      B    4  0.900   1   +0.0259    +0.0257   -0.0002   0.0008
      B    4  0.900   0   +0.0264    +0.0254   -0.0010   0.0008
      B    4  0.930   1   +0.0245    +0.0238   -0.0007   0.0009
      B    4  0.930   0   +0.0242    +0.0253   +0.0011   0.0009
      B    4  0.998   1   +0.0055    +0.0055   -0.0000   0.0009
      B    4  0.998   0   +0.0053    +0.0056   +0.0003   0.0008
      B    4  1.000   1   +0.0146    -0.0496   -0.0642   0.0259
      B    4  1.000   0   +0.0433    -0.0154   -0.0588   0.0263
      A   50  0.000   1   +0.0100    +0.0101   +0.0001   0.0005
      A   50  0.000   0   +0.0009    -0.0006   -0.0015   0.0008
      A   50  0.500   1   +0.0084    +0.0094   +0.0010   0.0006
      A   50  0.500   0   +0.0005    +0.0003   -0.0002   0.0009
      A   50  0.900   1   +0.0060    +0.0049   -0.0010   0.0009
      A   50  0.900   0   +0.0003    +0.0008   +0.0005   0.0008
      A   50  0.930   1   +0.0068    +0.0047   -0.0021   0.0008
      A   50  0.930   0   +0.0017    +0.0000   -0.0017   0.0008
      A   50  0.998   1   +0.0007    -0.0011   -0.0018   0.0009
      A   50  0.998   0   +0.0005    +0.0003   -0.0002   0.0009
      A   50  1.000   1   +0.0017    +0.0002   -0.0015   0.0009
      A   50  1.000   0   +0.0003    -0.0002   -0.0005   0.0010
      B   50  0.000   1   +0.0067    +0.0068   +0.0001   0.0006
      B   50  0.000   0   -0.0004    +0.0004   +0.0007   0.0007
      B   50  0.500   1   +0.0171    +0.0170   -0.0001   0.0008
      B   50  0.500   0   +0.0180    +0.0187   +0.0007   0.0007
      B   50  0.900   1   +0.0254    +0.0242   -0.0012   0.0008
      B   50  0.900   0   +0.0250    +0.0250   -0.0000   0.0008
      B   50  0.930   1   +0.0233    +0.0246   +0.0014   0.0007
      B   50  0.930   0   +0.0235    +0.0225   -0.0011   0.0008
      B   50  0.998   1   +0.0057    +0.0063   +0.0007   0.0007
      B   50  0.998   0   +0.0053    +0.0058   +0.0005   0.0007
      B   50  1.000   1   -0.0256    +0.0252   +0.0508   0.0254
      B   50  1.000   0   +0.0027    +0.0291   +0.0264   0.0258
   (72 rows)

seeds per cell: [200]   realized finite replicates per cell: min 189 max 200
cells with at least one non-finite replicate: 69 of 936
   kendalltau               rho=1.000  23 cells
   weightedtau_rankFalse    rho=1.000  23 cells
   weightedtau_rankTrue     rho=1.000  23 cells

====================================================================================================
1. PER-CELL TABLE  (every cell; 'zero?' = does 0 lie within mean +/- 2*MCSE)
====================================================================================================
null  lev       n    rho  al   str kernel                  seeds   fin      mean       sd     mcse      2.5%     97.5%  rho_real  zero?
   A    2    3000  0.000   1       kendalltau                200   200   +0.0121   0.0087   0.0006   +0.0006   +0.0315   +0.0001     NO
   A    2    3000  0.000   1       weightedtau_rankFalse     200   200   +0.0100   0.0659   0.0047   -0.1149   +0.1258   +0.0001     NO
   A    2    3000  0.000   1       weightedtau_rankTrue      200   200   +0.2484   0.0534   0.0038   +0.1600   +0.3440   +0.0001     NO
   A    2    3000  0.000   0       kendalltau                200   200   -0.0006   0.0157   0.0011   -0.0315   +0.0295   -0.0014    yes
   A    2    3000  0.000   0       weightedtau_rankFalse     200   200   +0.0081   0.0653   0.0046   -0.1161   +0.1283   -0.0014    yes
   A    2    3000  0.000   0       weightedtau_rankTrue      200   200   +0.2346   0.0545   0.0039   +0.1402   +0.3483   -0.0014     NO
   A    2    3000  0.500   1       kendalltau                200   200   +0.0104   0.0112   0.0008   -0.0099   +0.0315   +0.5008     NO
   A    2    3000  0.500   1       weightedtau_rankFalse     200   200   +0.0186   0.0608   0.0043   -0.0992   +0.1424   +0.5008     NO
   A    2    3000  0.500   1       weightedtau_rankTrue      200   200   +0.2499   0.0538   0.0038   +0.1531   +0.3487   +0.5008     NO
   A    2    3000  0.500   0       kendalltau                200   200   -0.0001   0.0149   0.0011   -0.0262   +0.0300   +0.5017    yes
   A    2    3000  0.500   0       weightedtau_rankFalse     200   200   -0.0001   0.0682   0.0048   -0.1341   +0.1227   +0.5017    yes
   A    2    3000  0.500   0       weightedtau_rankTrue      200   200   +0.2369   0.0553   0.0039   +0.1435   +0.3328   +0.5017     NO
   A    2    3000  0.900   1       kendalltau                200   200   +0.0077   0.0138   0.0010   -0.0161   +0.0353   +0.8999     NO
   A    2    3000  0.900   1       weightedtau_rankFalse     200   200   +0.0136   0.0647   0.0046   -0.1000   +0.1297   +0.8999     NO
   A    2    3000  0.900   1       weightedtau_rankTrue      200   200   +0.2486   0.0539   0.0038   +0.1547   +0.3484   +0.8999     NO
   A    2    3000  0.900   0       kendalltau                200   200   +0.0013   0.0156   0.0011   -0.0277   +0.0290   +0.9000    yes
   A    2    3000  0.900   0       weightedtau_rankFalse     200   200   +0.0037   0.0630   0.0045   -0.1107   +0.1124   +0.9000    yes
   A    2    3000  0.900   0       weightedtau_rankTrue      200   200   +0.2391   0.0543   0.0038   +0.1330   +0.3429   +0.9000     NO
   A    2    3000  0.930   1       kendalltau                200   200   +0.0067   0.0142   0.0010   -0.0226   +0.0313   +0.9297     NO
   A    2    3000  0.930   1       weightedtau_rankFalse     200   200   +0.0012   0.0649   0.0046   -0.1292   +0.1135   +0.9297    yes
   A    2    3000  0.930   1       weightedtau_rankTrue      200   200   +0.2407   0.0523   0.0037   +0.1425   +0.3298   +0.9297     NO
   A    2    3000  0.930   0       kendalltau                200   200   -0.0006   0.0145   0.0010   -0.0279   +0.0235   +0.9299    yes
   A    2    3000  0.930   0       weightedtau_rankFalse     200   200   +0.0048   0.0612   0.0043   -0.1090   +0.1168   +0.9299    yes
   A    2    3000  0.930   0       weightedtau_rankTrue      200   200   +0.2354   0.0566   0.0040   +0.1383   +0.3447   +0.9299     NO
   A    2    3000  0.998   1       kendalltau                200   200   +0.0029   0.0155   0.0011   -0.0289   +0.0333   +0.9980     NO
   A    2    3000  0.998   1       weightedtau_rankFalse     200   200   +0.0052   0.0668   0.0047   -0.1100   +0.1545   +0.9980    yes
   A    2    3000  0.998   1       weightedtau_rankTrue      200   200   +0.2442   0.0549   0.0039   +0.1483   +0.3324   +0.9980     NO
   A    2    3000  0.998   0       kendalltau                200   200   +0.0021   0.0143   0.0010   -0.0247   +0.0290   +0.9980     NO
   A    2    3000  0.998   0       weightedtau_rankFalse     200   200   +0.0006   0.0621   0.0044   -0.1223   +0.1107   +0.9980    yes
   A    2    3000  0.998   0       weightedtau_rankTrue      200   200   +0.2423   0.0564   0.0040   +0.1433   +0.3414   +0.9980     NO
   A    2    3000  1.000   1       kendalltau                200   195   +0.0013   0.0170   0.0012   -0.0337   +0.0351   +1.0000    yes
   A    2    3000  1.000   1       weightedtau_rankFalse     200   195   +0.0000   0.0624   0.0045   -0.1347   +0.1217   +1.0000    yes
   A    2    3000  1.000   1       weightedtau_rankTrue      200   195   +0.3870   0.0968   0.0069   +0.0476   +0.4571   +1.0000     NO
   A    2    3000  1.000   0       kendalltau                200   200   -0.0004   0.0166   0.0012   -0.0279   +0.0297   +1.0000    yes
   A    2    3000  1.000   0       weightedtau_rankFalse     200   200   +0.0059   0.0692   0.0049   -0.1310   +0.1286   +1.0000    yes
   A    2    3000  1.000   0       weightedtau_rankTrue      200   200   +0.3168   0.1104   0.0078   +0.0417   +0.4387   +1.0000     NO
   A    4    3000  0.000   1       kendalltau                200   200   +0.0102   0.0073   0.0005   +0.0003   +0.0273   -0.0010     NO
   A    4    3000  0.000   1       weightedtau_rankFalse     200   200   +0.0115   0.0540   0.0038   -0.0893   +0.1166   -0.0010     NO
   A    4    3000  0.000   1       weightedtau_rankTrue      200   200   +0.2699   0.0473   0.0033   +0.1900   +0.3644   -0.0010     NO
   A    4    3000  0.000   0       kendalltau                200   200   -0.0006   0.0146   0.0010   -0.0272   +0.0284   +0.0004    yes
   A    4    3000  0.000   0       weightedtau_rankFalse     200   200   +0.0010   0.0575   0.0041   -0.0966   +0.1154   +0.0004    yes
   A    4    3000  0.000   0       weightedtau_rankTrue      200   200   +0.2627   0.0503   0.0036   +0.1664   +0.3542   +0.0004     NO
   A    4    3000  0.500   1       kendalltau                200   200   +0.0099   0.0094   0.0007   -0.0068   +0.0280   +0.5012     NO
   A    4    3000  0.500   1       weightedtau_rankFalse     200   200   +0.0097   0.0644   0.0046   -0.1075   +0.1304   +0.5012     NO
   A    4    3000  0.500   1       weightedtau_rankTrue      200   200   +0.2785   0.0504   0.0036   +0.1776   +0.3781   +0.5012     NO
   A    4    3000  0.500   0       kendalltau                200   200   -0.0005   0.0136   0.0010   -0.0268   +0.0273   +0.5000    yes
   A    4    3000  0.500   0       weightedtau_rankFalse     200   200   -0.0040   0.0577   0.0041   -0.1226   +0.1052   +0.5000    yes
   A    4    3000  0.500   0       weightedtau_rankTrue      200   200   +0.2683   0.0530   0.0038   +0.1717   +0.3715   +0.5000     NO
   A    4    3000  0.900   1       kendalltau                200   200   +0.0055   0.0114   0.0008   -0.0147   +0.0299   +0.8997     NO
   A    4    3000  0.900   1       weightedtau_rankFalse     200   200   +0.0012   0.0551   0.0039   -0.1031   +0.1105   +0.8997    yes
   A    4    3000  0.900   1       weightedtau_rankTrue      200   200   +0.2660   0.0527   0.0037   +0.1735   +0.3607   +0.8997     NO
   A    4    3000  0.900   0       kendalltau                200   200   +0.0007   0.0132   0.0009   -0.0253   +0.0279   +0.8998    yes
   A    4    3000  0.900   0       weightedtau_rankFalse     200   200   -0.0054   0.0602   0.0043   -0.1199   +0.1076   +0.8998    yes
   A    4    3000  0.900   0       weightedtau_rankTrue      200   200   +0.2590   0.0485   0.0034   +0.1772   +0.3546   +0.8998     NO
   A    4    3000  0.930   1       kendalltau                200   200   +0.0033   0.0122   0.0009   -0.0193   +0.0298   +0.9300     NO
   A    4    3000  0.930   1       weightedtau_rankFalse     200   200   +0.0029   0.0601   0.0043   -0.1131   +0.1205   +0.9300    yes
   A    4    3000  0.930   1       weightedtau_rankTrue      200   200   +0.2640   0.0526   0.0037   +0.1729   +0.3708   +0.9300     NO
   A    4    3000  0.930   0       kendalltau                200   200   +0.0011   0.0139   0.0010   -0.0229   +0.0267   +0.9297    yes
   A    4    3000  0.930   0       weightedtau_rankFalse     200   200   +0.0002   0.0530   0.0037   -0.1009   +0.1090   +0.9297    yes
   A    4    3000  0.930   0       weightedtau_rankTrue      200   200   +0.2665   0.0514   0.0036   +0.1639   +0.3568   +0.9297     NO
   A    4    3000  0.998   1       kendalltau                200   200   +0.0023   0.0126   0.0009   -0.0211   +0.0249   +0.9980     NO
   A    4    3000  0.998   1       weightedtau_rankFalse     200   200   +0.0051   0.0614   0.0043   -0.1127   +0.1217   +0.9980    yes
   A    4    3000  0.998   1       weightedtau_rankTrue      200   200   +0.2634   0.0493   0.0035   +0.1702   +0.3589   +0.9980     NO
   A    4    3000  0.998   0       kendalltau                200   200   +0.0007   0.0127   0.0009   -0.0246   +0.0280   +0.9980    yes
   A    4    3000  0.998   0       weightedtau_rankFalse     200   200   +0.0012   0.0602   0.0043   -0.1127   +0.1167   +0.9980    yes
   A    4    3000  0.998   0       weightedtau_rankTrue      200   200   +0.2597   0.0504   0.0036   +0.1561   +0.3537   +0.9980     NO
   A    4    3000  1.000   1       kendalltau                200   199   +0.0018   0.0147   0.0010   -0.0240   +0.0318   +1.0000    yes
   A    4    3000  1.000   1       weightedtau_rankFalse     200   199   +0.0071   0.0626   0.0044   -0.1206   +0.1380   +1.0000    yes
   A    4    3000  1.000   1       weightedtau_rankTrue      200   199   +0.4293   0.1167   0.0083   +0.0561   +0.5182   +1.0000     NO
   A    4    3000  1.000   0       kendalltau                200   200   +0.0003   0.0166   0.0012   -0.0328   +0.0309   +1.0000    yes
   A    4    3000  1.000   0       weightedtau_rankFalse     200   200   +0.0059   0.0605   0.0043   -0.1208   +0.1260   +1.0000    yes
   A    4    3000  1.000   0       weightedtau_rankTrue      200   200   +0.3344   0.1478   0.0105   +0.0245   +0.5010   +1.0000     NO
   A   12     500  0.000   1       kendalltau                200   200   +0.0239   0.0182   0.0013   +0.0004   +0.0681   -0.0061     NO
   A   12     500  0.000   1       weightedtau_rankFalse     200   200   +0.0231   0.0668   0.0047   -0.1019   +0.1683   -0.0061     NO
   A   12     500  0.000   1       weightedtau_rankTrue      200   200   +0.1966   0.0636   0.0045   +0.0782   +0.3169   -0.0061     NO
   A   12     500  0.000   0       kendalltau                200   200   -0.0012   0.0321   0.0023   -0.0636   +0.0620   +0.0011    yes
   A   12     500  0.000   0       weightedtau_rankFalse     200   200   -0.0085   0.0692   0.0049   -0.1299   +0.1213   +0.0011    yes
   A   12     500  0.000   0       weightedtau_rankTrue      200   200   +0.1737   0.0697   0.0049   +0.0299   +0.3025   +0.0011     NO
   A   12     500  0.500   1       kendalltau                200   200   +0.0252   0.0245   0.0017   -0.0140   +0.0768   +0.5040     NO
   A   12     500  0.500   1       weightedtau_rankFalse     200   200   +0.0267   0.0744   0.0053   -0.1366   +0.1633   +0.5040     NO
   A   12     500  0.500   1       weightedtau_rankTrue      200   200   +0.2070   0.0652   0.0046   +0.0815   +0.3213   +0.5040     NO
   A   12     500  0.500   0       kendalltau                200   200   -0.0013   0.0298   0.0021   -0.0582   +0.0528   +0.4979    yes
   A   12     500  0.500   0       weightedtau_rankFalse     200   200   +0.0022   0.0746   0.0053   -0.1429   +0.1445   +0.4979    yes
   A   12     500  0.500   0       weightedtau_rankTrue      200   200   +0.1720   0.0708   0.0050   +0.0401   +0.3093   +0.4979     NO
   A   12     500  0.900   1       kendalltau                200   200   +0.0149   0.0298   0.0021   -0.0450   +0.0745   +0.8997     NO
   A   12     500  0.900   1       weightedtau_rankFalse     200   200   +0.0193   0.0749   0.0053   -0.1487   +0.1451   +0.8997     NO
   A   12     500  0.900   1       weightedtau_rankTrue      200   200   +0.1851   0.0696   0.0049   +0.0590   +0.3227   +0.8997     NO
   A   12     500  0.900   0       kendalltau                200   200   +0.0001   0.0296   0.0021   -0.0596   +0.0574   +0.8986    yes
   A   12     500  0.900   0       weightedtau_rankFalse     200   200   +0.0024   0.0678   0.0048   -0.1381   +0.1213   +0.8986    yes
   A   12     500  0.900   0       weightedtau_rankTrue      200   200   +0.1774   0.0691   0.0049   +0.0389   +0.3062   +0.8986     NO
   A   12     500  0.930   1       kendalltau                200   200   +0.0114   0.0297   0.0021   -0.0469   +0.0624   +0.9280     NO
   A   12     500  0.930   1       weightedtau_rankFalse     200   200   +0.0102   0.0630   0.0045   -0.1171   +0.1407   +0.9280     NO
   A   12     500  0.930   1       weightedtau_rankTrue      200   200   +0.1796   0.0671   0.0047   +0.0536   +0.3103   +0.9280     NO
   A   12     500  0.930   0       kendalltau                200   200   +0.0014   0.0326   0.0023   -0.0658   +0.0587   +0.9288    yes
   A   12     500  0.930   0       weightedtau_rankFalse     200   200   -0.0002   0.0753   0.0053   -0.1438   +0.1387   +0.9288    yes
   A   12     500  0.930   0       weightedtau_rankTrue      200   200   +0.1740   0.0685   0.0048   +0.0285   +0.2955   +0.9288     NO
   A   12     500  0.998   1       kendalltau                200   200   +0.0043   0.0302   0.0021   -0.0518   +0.0643   +0.9978     NO
   A   12     500  0.998   1       weightedtau_rankFalse     200   200   +0.0055   0.0738   0.0052   -0.1397   +0.1340   +0.9978    yes
   A   12     500  0.998   1       weightedtau_rankTrue      200   200   +0.1732   0.0677   0.0048   +0.0613   +0.3130   +0.9978     NO
   A   12     500  0.998   0       kendalltau                200   200   -0.0015   0.0322   0.0023   -0.0624   +0.0605   +0.9978    yes
   A   12     500  0.998   0       weightedtau_rankFalse     200   200   -0.0092   0.0736   0.0052   -0.1572   +0.1370   +0.9978    yes
   A   12     500  0.998   0       weightedtau_rankTrue      200   200   +0.1711   0.0676   0.0048   +0.0383   +0.2864   +0.9978     NO
   A   12     500  1.000   1       kendalltau                200   189   +0.0047   0.0359   0.0026   -0.0628   +0.0816   +1.0000    yes
   A   12     500  1.000   1       weightedtau_rankFalse     200   189   -0.0064   0.0744   0.0054   -0.1416   +0.1471   +1.0000    yes
   A   12     500  1.000   1       weightedtau_rankTrue      200   189   +0.3119   0.1333   0.0097   +0.0276   +0.4584   +1.0000     NO
   A   12     500  1.000   0       kendalltau                200   199   +0.0027   0.0385   0.0027   -0.0734   +0.0786   +1.0000    yes
   A   12     500  1.000   0       weightedtau_rankFalse     200   199   -0.0027   0.0826   0.0059   -0.1521   +0.1571   +1.0000    yes
   A   12     500  1.000   0       weightedtau_rankTrue      200   199   +0.2832   0.1320   0.0094   +0.0186   +0.4598   +1.0000     NO
   A   12    3000  0.000   1       kendalltau                200   200   +0.0101   0.0075   0.0005   +0.0002   +0.0266   -0.0011     NO
   A   12    3000  0.000   1       weightedtau_rankFalse     200   200   +0.0038   0.0533   0.0038   -0.0992   +0.1038   -0.0011    yes
   A   12    3000  0.000   1       weightedtau_rankTrue      200   200   +0.2430   0.0434   0.0031   +0.1635   +0.3289   -0.0011     NO
   A   12    3000  0.000   0       kendalltau                200   200   -0.0003   0.0132   0.0009   -0.0255   +0.0241   -0.0013    yes
   A   12    3000  0.000   0       weightedtau_rankFalse     200   200   -0.0004   0.0575   0.0041   -0.1092   +0.1202   -0.0013    yes
   A   12    3000  0.000   0       weightedtau_rankTrue      200   200   +0.2406   0.0453   0.0032   +0.1510   +0.3153   -0.0013     NO
   A   12    3000  0.500   1       kendalltau                200   200   +0.0095   0.0090   0.0006   -0.0051   +0.0297   +0.4996     NO
   A   12    3000  0.500   1       weightedtau_rankFalse     200   200   +0.0008   0.0543   0.0038   -0.0976   +0.1198   +0.4996    yes
   A   12    3000  0.500   1       weightedtau_rankTrue      200   200   +0.2425   0.0452   0.0032   +0.1640   +0.3317   +0.4996     NO
   A   12    3000  0.500   0       kendalltau                200   200   -0.0010   0.0127   0.0009   -0.0221   +0.0230   +0.5009    yes
   A   12    3000  0.500   0       weightedtau_rankFalse     200   200   +0.0002   0.0549   0.0039   -0.1054   +0.1049   +0.5009    yes
   A   12    3000  0.500   0       weightedtau_rankTrue      200   200   +0.2270   0.0455   0.0032   +0.1460   +0.3140   +0.5009     NO
   A   12    3000  0.900   1       kendalltau                200   200   +0.0044   0.0112   0.0008   -0.0180   +0.0273   +0.8994     NO
   A   12    3000  0.900   1       weightedtau_rankFalse     200   200   +0.0043   0.0516   0.0036   -0.0959   +0.1101   +0.8994    yes
   A   12    3000  0.900   1       weightedtau_rankTrue      200   200   +0.2436   0.0477   0.0034   +0.1596   +0.3295   +0.8994     NO
   A   12    3000  0.900   0       kendalltau                200   200   -0.0003   0.0130   0.0009   -0.0237   +0.0241   +0.8995    yes
   A   12    3000  0.900   0       weightedtau_rankFalse     200   200   +0.0042   0.0535   0.0038   -0.0947   +0.1105   +0.8995    yes
   A   12    3000  0.900   0       weightedtau_rankTrue      200   200   +0.2306   0.0482   0.0034   +0.1438   +0.3354   +0.8995     NO
   A   12    3000  0.930   1       kendalltau                200   200   +0.0039   0.0124   0.0009   -0.0187   +0.0289   +0.9293     NO
   A   12    3000  0.930   1       weightedtau_rankFalse     200   200   +0.0008   0.0476   0.0034   -0.0970   +0.0914   +0.9293    yes
   A   12    3000  0.930   1       weightedtau_rankTrue      200   200   +0.2432   0.0506   0.0036   +0.1489   +0.3306   +0.9293     NO
   A   12    3000  0.930   0       kendalltau                200   200   -0.0001   0.0119   0.0008   -0.0221   +0.0220   +0.9294    yes
   A   12    3000  0.930   0       weightedtau_rankFalse     200   200   +0.0047   0.0571   0.0040   -0.0986   +0.1208   +0.9294    yes
   A   12    3000  0.930   0       weightedtau_rankTrue      200   200   +0.2407   0.0483   0.0034   +0.1513   +0.3439   +0.9294     NO
   A   12    3000  0.998   1       kendalltau                200   200   +0.0007   0.0127   0.0009   -0.0273   +0.0212   +0.9980    yes
   A   12    3000  0.998   1       weightedtau_rankFalse     200   200   +0.0031   0.0500   0.0035   -0.1019   +0.0954   +0.9980    yes
   A   12    3000  0.998   1       weightedtau_rankTrue      200   200   +0.2313   0.0436   0.0031   +0.1506   +0.3168   +0.9980     NO
   A   12    3000  0.998   0       kendalltau                200   200   +0.0000   0.0119   0.0008   -0.0234   +0.0195   +0.9980    yes
   A   12    3000  0.998   0       weightedtau_rankFalse     200   200   +0.0066   0.0507   0.0036   -0.1002   +0.1023   +0.9980    yes
   A   12    3000  0.998   0       weightedtau_rankTrue      200   200   +0.2311   0.0471   0.0033   +0.1473   +0.3168   +0.9980     NO
   A   12    3000  1.000   1       kendalltau                200   194   +0.0006   0.0145   0.0010   -0.0290   +0.0256   +1.0000    yes
   A   12    3000  1.000   1       weightedtau_rankFalse     200   194   +0.0039   0.0568   0.0041   -0.0968   +0.1141   +1.0000    yes
   A   12    3000  1.000   1       weightedtau_rankTrue      200   194   +0.3905   0.1394   0.0100   +0.0562   +0.5099   +1.0000     NO
   A   12    3000  1.000   0       kendalltau                200   198   -0.0016   0.0149   0.0011   -0.0271   +0.0274   +1.0000    yes
   A   12    3000  1.000   0       weightedtau_rankFalse     200   198   -0.0080   0.0530   0.0038   -0.1267   +0.1011   +1.0000     NO
   A   12    3000  1.000   0       weightedtau_rankTrue      200   198   +0.3295   0.1523   0.0108   +0.0062   +0.4968   +1.0000     NO
   A   12   10000  0.000   1       kendalltau                200   200   +0.0055   0.0045   0.0003   +0.0003   +0.0180   -0.0002     NO
   A   12   10000  0.000   1       weightedtau_rankFalse     200   200   +0.0021   0.0444   0.0031   -0.0829   +0.0902   -0.0002    yes
   A   12   10000  0.000   1       weightedtau_rankTrue      200   200   +0.2700   0.0404   0.0029   +0.1938   +0.3436   -0.0002     NO
   A   12   10000  0.000   0       kendalltau                200   200   +0.0002   0.0065   0.0005   -0.0129   +0.0123   -0.0008    yes
   A   12   10000  0.000   0       weightedtau_rankFalse     200   200   +0.0042   0.0445   0.0031   -0.0906   +0.0876   -0.0008    yes
   A   12   10000  0.000   0       weightedtau_rankTrue      200   200   +0.2626   0.0380   0.0027   +0.1881   +0.3349   -0.0008     NO
   A   12   10000  0.500   1       kendalltau                200   200   +0.0053   0.0049   0.0003   -0.0041   +0.0153   +0.4999     NO
   A   12   10000  0.500   1       weightedtau_rankFalse     200   200   +0.0072   0.0489   0.0035   -0.0929   +0.0992   +0.4999     NO
   A   12   10000  0.500   1       weightedtau_rankTrue      200   200   +0.2697   0.0390   0.0028   +0.1945   +0.3411   +0.4999     NO
   A   12   10000  0.500   0       kendalltau                200   200   +0.0002   0.0068   0.0005   -0.0146   +0.0119   +0.4998    yes
   A   12   10000  0.500   0       weightedtau_rankFalse     200   200   -0.0038   0.0511   0.0036   -0.0977   +0.0886   +0.4998    yes
   A   12   10000  0.500   0       weightedtau_rankTrue      200   200   +0.2676   0.0395   0.0028   +0.1987   +0.3397   +0.4998     NO
   A   12   10000  0.900   1       kendalltau                200   200   +0.0029   0.0067   0.0005   -0.0114   +0.0149   +0.8998     NO
   A   12   10000  0.900   1       weightedtau_rankFalse     200   200   +0.0031   0.0417   0.0029   -0.0688   +0.0869   +0.8998    yes
   A   12   10000  0.900   1       weightedtau_rankTrue      200   200   +0.2691   0.0420   0.0030   +0.1912   +0.3539   +0.8998     NO
   A   12   10000  0.900   0       kendalltau                200   200   -0.0001   0.0069   0.0005   -0.0132   +0.0126   +0.9003    yes
   A   12   10000  0.900   0       weightedtau_rankFalse     200   200   +0.0014   0.0452   0.0032   -0.0779   +0.0917   +0.9003    yes
   A   12   10000  0.900   0       weightedtau_rankTrue      200   200   +0.2637   0.0397   0.0028   +0.1945   +0.3323   +0.9003     NO
   A   12   10000  0.930   1       kendalltau                200   200   +0.0028   0.0063   0.0004   -0.0089   +0.0143   +0.9301     NO
   A   12   10000  0.930   1       weightedtau_rankFalse     200   200   -0.0009   0.0506   0.0036   -0.0935   +0.1000   +0.9301    yes
   A   12   10000  0.930   1       weightedtau_rankTrue      200   200   +0.2699   0.0369   0.0026   +0.1994   +0.3418   +0.9301     NO
   A   12   10000  0.930   0       kendalltau                200   200   -0.0001   0.0069   0.0005   -0.0139   +0.0121   +0.9298    yes
   A   12   10000  0.930   0       weightedtau_rankFalse     200   200   -0.0026   0.0458   0.0032   -0.0948   +0.0767   +0.9298    yes
   A   12   10000  0.930   0       weightedtau_rankTrue      200   200   +0.2634   0.0390   0.0028   +0.1917   +0.3373   +0.9298     NO
   A   12   10000  0.998   1       kendalltau                200   200   +0.0003   0.0074   0.0005   -0.0134   +0.0149   +0.9980    yes
   A   12   10000  0.998   1       weightedtau_rankFalse     200   200   +0.0020   0.0487   0.0034   -0.0899   +0.0843   +0.9980    yes
   A   12   10000  0.998   1       weightedtau_rankTrue      200   200   +0.2657   0.0364   0.0026   +0.1966   +0.3273   +0.9980     NO
   A   12   10000  0.998   0       kendalltau                200   200   -0.0004   0.0074   0.0005   -0.0147   +0.0152   +0.9980    yes
   A   12   10000  0.998   0       weightedtau_rankFalse     200   200   -0.0011   0.0455   0.0032   -0.0920   +0.0951   +0.9980    yes
   A   12   10000  0.998   0       weightedtau_rankTrue      200   200   +0.2599   0.0406   0.0029   +0.1840   +0.3255   +0.9980     NO
   A   12   10000  1.000   1       kendalltau                200   189   +0.0023   0.0074   0.0005   -0.0115   +0.0149   +1.0000     NO
   A   12   10000  1.000   1       weightedtau_rankFalse     200   189   +0.0062   0.0431   0.0031   -0.0848   +0.0938   +1.0000    yes
   A   12   10000  1.000   1       weightedtau_rankTrue      200   189   +0.4730   0.1193   0.0087   +0.1043   +0.5500   +1.0000     NO
   A   12   10000  1.000   0       kendalltau                200   200   -0.0000   0.0081   0.0006   -0.0152   +0.0130   +1.0000    yes
   A   12   10000  1.000   0       weightedtau_rankFalse     200   200   +0.0031   0.0457   0.0032   -0.0840   +0.1036   +1.0000    yes
   A   12   10000  1.000   0       weightedtau_rankTrue      200   200   +0.4170   0.1688   0.0119   +0.0470   +0.5484   +1.0000     NO
   A   12   39505  0.000   1       kendalltau                200   200   +0.0028   0.0021   0.0002   +0.0002   +0.0079   +0.0001     NO
   A   12   39505  0.000   1       weightedtau_rankFalse     200   200   +0.0013   0.0357   0.0025   -0.0769   +0.0657   +0.0001    yes
   A   12   39505  0.000   1       weightedtau_rankTrue      200   200   +0.2945   0.0378   0.0027   +0.2201   +0.3575   +0.0001     NO
   A   12   39505  0.000   0       kendalltau                200   200   -0.0001   0.0038   0.0003   -0.0077   +0.0075   -0.0000    yes
   A   12   39505  0.000   0       weightedtau_rankFalse     200   200   +0.0005   0.0409   0.0029   -0.0811   +0.0799   -0.0000    yes
   A   12   39505  0.000   0       weightedtau_rankTrue      200   200   +0.2890   0.0342   0.0024   +0.2290   +0.3564   -0.0000     NO
   A   12   39505  0.500   1       kendalltau                200   200   +0.0026   0.0026   0.0002   -0.0017   +0.0084   +0.4998     NO
   A   12   39505  0.500   1       weightedtau_rankFalse     200   200   -0.0020   0.0398   0.0028   -0.0778   +0.0838   +0.4998    yes
   A   12   39505  0.500   1       weightedtau_rankTrue      200   200   +0.2898   0.0347   0.0025   +0.2199   +0.3535   +0.4998     NO
   A   12   39505  0.500   0       kendalltau                200   200   +0.0001   0.0039   0.0003   -0.0077   +0.0069   +0.4995    yes
   A   12   39505  0.500   0       weightedtau_rankFalse     200   200   -0.0001   0.0446   0.0032   -0.0881   +0.0900   +0.4995    yes
   A   12   39505  0.500   0       weightedtau_rankTrue      200   200   +0.2884   0.0322   0.0023   +0.2371   +0.3560   +0.4995     NO
   A   12   39505  0.900   1       kendalltau                200   200   +0.0014   0.0033   0.0002   -0.0050   +0.0076   +0.9002     NO
   A   12   39505  0.900   1       weightedtau_rankFalse     200   200   +0.0036   0.0416   0.0029   -0.0780   +0.0869   +0.9002    yes
   A   12   39505  0.900   1       weightedtau_rankTrue      200   200   +0.2897   0.0340   0.0024   +0.2320   +0.3545   +0.9002     NO
   A   12   39505  0.900   0       kendalltau                200   200   +0.0000   0.0032   0.0002   -0.0066   +0.0065   +0.9001    yes
   A   12   39505  0.900   0       weightedtau_rankFalse     200   200   -0.0080   0.0398   0.0028   -0.0764   +0.0711   +0.9001     NO
   A   12   39505  0.900   0       weightedtau_rankTrue      200   200   +0.2932   0.0327   0.0023   +0.2325   +0.3557   +0.9001     NO
   A   12   39505  0.930   1       kendalltau                200   200   +0.0014   0.0035   0.0002   -0.0048   +0.0084   +0.9299     NO
   A   12   39505  0.930   1       weightedtau_rankFalse     200   200   -0.0009   0.0407   0.0029   -0.0785   +0.0798   +0.9299    yes
   A   12   39505  0.930   1       weightedtau_rankTrue      200   200   +0.2908   0.0340   0.0024   +0.2245   +0.3524   +0.9299     NO
   A   12   39505  0.930   0       kendalltau                200   200   -0.0001   0.0035   0.0002   -0.0072   +0.0060   +0.9300    yes
   A   12   39505  0.930   0       weightedtau_rankFalse     200   200   -0.0044   0.0415   0.0029   -0.0849   +0.0806   +0.9300    yes
   A   12   39505  0.930   0       weightedtau_rankTrue      200   200   +0.2851   0.0345   0.0024   +0.2262   +0.3483   +0.9300     NO
   A   12   39505  0.998   1       kendalltau                200   200   +0.0003   0.0035   0.0002   -0.0069   +0.0066   +0.9980    yes
   A   12   39505  0.998   1       weightedtau_rankFalse     200   200   +0.0033   0.0381   0.0027   -0.0697   +0.0787   +0.9980    yes
   A   12   39505  0.998   1       weightedtau_rankTrue      200   200   +0.2913   0.0362   0.0026   +0.2266   +0.3541   +0.9980     NO
   A   12   39505  0.998   0       kendalltau                200   200   +0.0001   0.0038   0.0003   -0.0080   +0.0066   +0.9980    yes
   A   12   39505  0.998   0       weightedtau_rankFalse     200   200   +0.0016   0.0397   0.0028   -0.0694   +0.0864   +0.9980    yes
   A   12   39505  0.998   0       weightedtau_rankTrue      200   200   +0.2932   0.0344   0.0024   +0.2260   +0.3584   +0.9980     NO
   A   12   39505  1.000   1       kendalltau                200   193   -0.0007   0.0033   0.0002   -0.0071   +0.0064   +1.0000     NO
   A   12   39505  1.000   1       weightedtau_rankFalse     200   193   +0.0025   0.0428   0.0031   -0.0828   +0.0851   +1.0000    yes
   A   12   39505  1.000   1       weightedtau_rankTrue      200   193   +0.4614   0.1320   0.0095   +0.2073   +0.5840   +1.0000     NO
   A   12   39505  1.000   0       kendalltau                200   200   -0.0006   0.0036   0.0003   -0.0079   +0.0063   +1.0000     NO
   A   12   39505  1.000   0       weightedtau_rankFalse     200   200   -0.0009   0.0410   0.0029   -0.0793   +0.0762   +1.0000    yes
   A   12   39505  1.000   0       weightedtau_rankTrue      200   200   +0.3304   0.1118   0.0079   +0.0754   +0.5745   +1.0000     NO
   A   12  127607  0.000   1       kendalltau                200   200   +0.0016   0.0012   0.0001   +0.0001   +0.0039   -0.0001     NO
   A   12  127607  0.000   1       weightedtau_rankFalse     200   200   +0.0025   0.0344   0.0024   -0.0646   +0.0724   -0.0001    yes
   A   12  127607  0.000   1       weightedtau_rankTrue      200   200   +0.3094   0.0304   0.0021   +0.2543   +0.3663   -0.0001     NO
   A   12  127607  0.000   0       kendalltau                200   200   +0.0000   0.0019   0.0001   -0.0038   +0.0032   +0.0001    yes
   A   12  127607  0.000   0       weightedtau_rankFalse     200   200   +0.0003   0.0323   0.0023   -0.0631   +0.0645   +0.0001    yes
   A   12  127607  0.000   0       weightedtau_rankTrue      200   200   +0.3068   0.0305   0.0022   +0.2547   +0.3624   +0.0001     NO
   A   12  127607  0.500   1       kendalltau                200   200   +0.0014   0.0015   0.0001   -0.0010   +0.0048   +0.5000     NO
   A   12  127607  0.500   1       weightedtau_rankFalse     200   200   +0.0035   0.0331   0.0023   -0.0655   +0.0823   +0.5000    yes
   A   12  127607  0.500   1       weightedtau_rankTrue      200   200   +0.3082   0.0314   0.0022   +0.2503   +0.3653   +0.5000     NO
   A   12  127607  0.500   0       kendalltau                200   200   +0.0003   0.0018   0.0001   -0.0031   +0.0036   +0.5002     NO
   A   12  127607  0.500   0       weightedtau_rankFalse     200   200   +0.0013   0.0355   0.0025   -0.0666   +0.0820   +0.5002    yes
   A   12  127607  0.500   0       weightedtau_rankTrue      200   200   +0.3047   0.0329   0.0023   +0.2459   +0.3615   +0.5002     NO
   A   12  127607  0.900   1       kendalltau                200   200   +0.0006   0.0017   0.0001   -0.0026   +0.0035   +0.9000     NO
   A   12  127607  0.900   1       weightedtau_rankFalse     200   200   +0.0011   0.0359   0.0025   -0.0693   +0.0718   +0.9000    yes
   A   12  127607  0.900   1       weightedtau_rankTrue      200   200   +0.3086   0.0292   0.0021   +0.2490   +0.3582   +0.9000     NO
   A   12  127607  0.900   0       kendalltau                200   200   +0.0001   0.0020   0.0001   -0.0040   +0.0044   +0.8999    yes
   A   12  127607  0.900   0       weightedtau_rankFalse     200   200   +0.0034   0.0356   0.0025   -0.0673   +0.0680   +0.8999    yes
   A   12  127607  0.900   0       weightedtau_rankTrue      200   200   +0.3080   0.0302   0.0021   +0.2484   +0.3637   +0.8999     NO
   A   12  127607  0.930   1       kendalltau                200   200   +0.0007   0.0018   0.0001   -0.0027   +0.0046   +0.9300     NO
   A   12  127607  0.930   1       weightedtau_rankFalse     200   200   +0.0027   0.0357   0.0025   -0.0642   +0.0765   +0.9300    yes
   A   12  127607  0.930   1       weightedtau_rankTrue      200   200   +0.3071   0.0333   0.0024   +0.2370   +0.3741   +0.9300     NO
   A   12  127607  0.930   0       kendalltau                200   200   -0.0002   0.0018   0.0001   -0.0038   +0.0031   +0.9300    yes
   A   12  127607  0.930   0       weightedtau_rankFalse     200   200   -0.0012   0.0337   0.0024   -0.0776   +0.0594   +0.9300    yes
   A   12  127607  0.930   0       weightedtau_rankTrue      200   200   +0.3056   0.0318   0.0023   +0.2505   +0.3603   +0.9300     NO
   A   12  127607  0.998   1       kendalltau                200   200   +0.0001   0.0020   0.0001   -0.0037   +0.0041   +0.9980    yes
   A   12  127607  0.998   1       weightedtau_rankFalse     200   200   +0.0009   0.0382   0.0027   -0.0624   +0.0792   +0.9980    yes
   A   12  127607  0.998   1       weightedtau_rankTrue      200   200   +0.3091   0.0306   0.0022   +0.2579   +0.3614   +0.9980     NO
   A   12  127607  0.998   0       kendalltau                200   200   -0.0000   0.0020   0.0001   -0.0038   +0.0037   +0.9980    yes
   A   12  127607  0.998   0       weightedtau_rankFalse     200   200   -0.0025   0.0364   0.0026   -0.0728   +0.0660   +0.9980    yes
   A   12  127607  0.998   0       weightedtau_rankTrue      200   200   +0.3089   0.0311   0.0022   +0.2593   +0.3718   +0.9980     NO
   A   12  127607  1.000   1       kendalltau                200   197   -0.0003   0.0021   0.0001   -0.0046   +0.0033   +1.0000    yes
   A   12  127607  1.000   1       weightedtau_rankFalse     200   197   -0.0016   0.0360   0.0026   -0.0771   +0.0620   +1.0000    yes
   A   12  127607  1.000   1       weightedtau_rankTrue      200   197   +0.5239   0.1185   0.0084   +0.2725   +0.6191   +1.0000     NO
   A   12  127607  1.000   0       kendalltau                200   200   +0.0000   0.0021   0.0002   -0.0041   +0.0036   +1.0000    yes
   A   12  127607  1.000   0       weightedtau_rankFalse     200   200   +0.0037   0.0391   0.0028   -0.0837   +0.0765   +1.0000    yes
   A   12  127607  1.000   0       weightedtau_rankTrue      200   200   +0.4416   0.1496   0.0106   +0.0626   +0.6163   +1.0000     NO
   A   50    3000  0.000   1       kendalltau                200   200   +0.0100   0.0077   0.0005   +0.0003   +0.0285   +0.0000     NO
   A   50    3000  0.000   1       weightedtau_rankFalse     200   200   +0.0104   0.0482   0.0034   -0.0852   +0.1037   +0.0000     NO
   A   50    3000  0.000   1       weightedtau_rankTrue      200   200   +0.1733   0.0452   0.0032   +0.0954   +0.2541   +0.0000     NO
   A   50    3000  0.000   0       kendalltau                200   200   +0.0009   0.0114   0.0008   -0.0199   +0.0241   -0.0017    yes
   A   50    3000  0.000   0       weightedtau_rankFalse     200   200   -0.0052   0.0537   0.0038   -0.1187   +0.1019   -0.0017    yes
   A   50    3000  0.000   0       weightedtau_rankTrue      200   200   +0.1710   0.0463   0.0033   +0.0870   +0.2501   -0.0017     NO
   A   50    3000  0.500   1       kendalltau                200   200   +0.0084   0.0084   0.0006   -0.0046   +0.0277   +0.4994     NO
   A   50    3000  0.500   1       weightedtau_rankFalse     200   200   +0.0071   0.0500   0.0035   -0.0975   +0.0881   +0.4994     NO
   A   50    3000  0.500   1       weightedtau_rankTrue      200   200   +0.1725   0.0461   0.0033   +0.0869   +0.2682   +0.4994     NO
   A   50    3000  0.500   0       kendalltau                200   200   +0.0005   0.0128   0.0009   -0.0239   +0.0295   +0.4990    yes
   A   50    3000  0.500   0       weightedtau_rankFalse     200   200   +0.0066   0.0511   0.0036   -0.0930   +0.0994   +0.4990    yes
   A   50    3000  0.500   0       weightedtau_rankTrue      200   200   +0.1624   0.0439   0.0031   +0.0844   +0.2473   +0.4990     NO
   A   50    3000  0.900   1       kendalltau                200   200   +0.0060   0.0121   0.0009   -0.0169   +0.0313   +0.9000     NO
   A   50    3000  0.900   1       weightedtau_rankFalse     200   200   -0.0005   0.0508   0.0036   -0.1041   +0.0879   +0.9000    yes
   A   50    3000  0.900   1       weightedtau_rankTrue      200   200   +0.1703   0.0466   0.0033   +0.0843   +0.2646   +0.9000     NO
   A   50    3000  0.900   0       kendalltau                200   200   +0.0003   0.0109   0.0008   -0.0214   +0.0214   +0.9003    yes
   A   50    3000  0.900   0       weightedtau_rankFalse     200   200   +0.0009   0.0475   0.0034   -0.0915   +0.0876   +0.9003    yes
   A   50    3000  0.900   0       weightedtau_rankTrue      200   200   +0.1618   0.0453   0.0032   +0.0758   +0.2501   +0.9003     NO
   A   50    3000  0.930   1       kendalltau                200   200   +0.0068   0.0110   0.0008   -0.0110   +0.0288   +0.9298     NO
   A   50    3000  0.930   1       weightedtau_rankFalse     200   200   +0.0099   0.0496   0.0035   -0.0880   +0.1050   +0.9298     NO
   A   50    3000  0.930   1       weightedtau_rankTrue      200   200   +0.1716   0.0485   0.0034   +0.0798   +0.2576   +0.9298     NO
   A   50    3000  0.930   0       kendalltau                200   200   +0.0017   0.0118   0.0008   -0.0213   +0.0262   +0.9299     NO
   A   50    3000  0.930   0       weightedtau_rankFalse     200   200   +0.0026   0.0499   0.0035   -0.0938   +0.0983   +0.9299    yes
   A   50    3000  0.930   0       weightedtau_rankTrue      200   200   +0.1654   0.0434   0.0031   +0.0831   +0.2502   +0.9299     NO
   A   50    3000  0.998   1       kendalltau                200   200   +0.0007   0.0132   0.0009   -0.0248   +0.0237   +0.9980    yes
   A   50    3000  0.998   1       weightedtau_rankFalse     200   200   +0.0042   0.0505   0.0036   -0.0824   +0.0877   +0.9980    yes
   A   50    3000  0.998   1       weightedtau_rankTrue      200   200   +0.1642   0.0467   0.0033   +0.0782   +0.2495   +0.9980     NO
   A   50    3000  0.998   0       kendalltau                200   200   +0.0005   0.0131   0.0009   -0.0237   +0.0269   +0.9980    yes
   A   50    3000  0.998   0       weightedtau_rankFalse     200   200   +0.0009   0.0536   0.0038   -0.0959   +0.1073   +0.9980    yes
   A   50    3000  0.998   0       weightedtau_rankTrue      200   200   +0.1678   0.0500   0.0035   +0.0788   +0.2657   +0.9980     NO
   A   50    3000  1.000   1       kendalltau                200   195   +0.0017   0.0132   0.0009   -0.0227   +0.0276   +1.0000    yes
   A   50    3000  1.000   1       weightedtau_rankFalse     200   195   -0.0010   0.0541   0.0039   -0.1018   +0.1063   +1.0000    yes
   A   50    3000  1.000   1       weightedtau_rankTrue      200   195   +0.3323   0.1256   0.0090   +0.0526   +0.4487   +1.0000     NO
   A   50    3000  1.000   0       kendalltau                200   200   +0.0003   0.0146   0.0010   -0.0288   +0.0278   +1.0000    yes
   A   50    3000  1.000   0       weightedtau_rankFalse     200   200   +0.0038   0.0573   0.0041   -0.1106   +0.1055   +1.0000    yes
   A   50    3000  1.000   0       weightedtau_rankTrue      200   200   +0.2837   0.1341   0.0095   +0.0052   +0.4450   +1.0000     NO
   B    2    3000  0.000   1  0.55 kendalltau                200   200   +0.0081   0.0086   0.0006   -0.0068   +0.0264   -0.0009     NO
   B    2    3000  0.000   1  0.55 weightedtau_rankFalse     200   200   +0.0108   0.0607   0.0043   -0.1145   +0.1233   -0.0009     NO
   B    2    3000  0.000   1  0.55 weightedtau_rankTrue      200   200   +0.2214   0.0734   0.0052   +0.1149   +0.3581   -0.0009     NO
   B    2    3000  0.000   0  0.55 kendalltau                200   200   +0.0002   0.0127   0.0009   -0.0244   +0.0253   +0.0001    yes
   B    2    3000  0.000   0  0.55 weightedtau_rankFalse     200   200   -0.0009   0.0642   0.0045   -0.1143   +0.1272   +0.0001    yes
   B    2    3000  0.000   0  0.55 weightedtau_rankTrue      200   200   +0.2394   0.0822   0.0058   +0.1183   +0.3751   +0.0001     NO
   B    2    3000  0.500   1  0.55 kendalltau                200   200   +0.0160   0.0141   0.0010   -0.0100   +0.0420   +0.5000     NO
   B    2    3000  0.500   1  0.55 weightedtau_rankFalse     200   200   +0.0151   0.0642   0.0045   -0.1118   +0.1203   +0.5000     NO
   B    2    3000  0.500   1  0.55 weightedtau_rankTrue      200   200   +0.1334   0.0455   0.0032   +0.0648   +0.2393   +0.5000     NO
   B    2    3000  0.500   0  0.55 kendalltau                200   200   +0.0161   0.0131   0.0009   -0.0085   +0.0436   +0.5002     NO
   B    2    3000  0.500   0  0.55 weightedtau_rankFalse     200   200   +0.0175   0.0646   0.0046   -0.1180   +0.1280   +0.5002     NO
   B    2    3000  0.500   0  0.55 weightedtau_rankTrue      200   200   +0.1254   0.0451   0.0032   +0.0621   +0.2309   +0.5002     NO
   B    2    3000  0.900   1  0.55 kendalltau                200   200   +0.0255   0.0156   0.0011   -0.0069   +0.0545   +0.8996     NO
   B    2    3000  0.900   1  0.55 weightedtau_rankFalse     200   200   +0.0262   0.0665   0.0047   -0.1129   +0.1334   +0.8996     NO
   B    2    3000  0.900   1  0.55 weightedtau_rankTrue      200   200   +0.1874   0.0492   0.0035   +0.1131   +0.2916   +0.8996     NO
   B    2    3000  0.900   0  0.55 kendalltau                200   200   +0.0242   0.0147   0.0010   -0.0048   +0.0478   +0.8997     NO
   B    2    3000  0.900   0  0.55 weightedtau_rankFalse     200   200   +0.0254   0.0578   0.0041   -0.0867   +0.1230   +0.8997     NO
   B    2    3000  0.900   0  0.55 weightedtau_rankTrue      200   200   +0.1905   0.0525   0.0037   +0.1091   +0.2914   +0.8997     NO
   B    2    3000  0.930   1  0.55 kendalltau                200   200   +0.0248   0.0132   0.0009   -0.0007   +0.0520   +0.9298     NO
   B    2    3000  0.930   1  0.55 weightedtau_rankFalse     200   200   +0.0202   0.0644   0.0046   -0.0925   +0.1329   +0.9298     NO
   B    2    3000  0.930   1  0.55 weightedtau_rankTrue      200   200   +0.1998   0.0512   0.0036   +0.1160   +0.2923   +0.9298     NO
   B    2    3000  0.930   0  0.55 kendalltau                200   200   +0.0229   0.0140   0.0010   -0.0037   +0.0483   +0.9300     NO
   B    2    3000  0.930   0  0.55 weightedtau_rankFalse     200   200   +0.0254   0.0682   0.0048   -0.1072   +0.1411   +0.9300     NO
   B    2    3000  0.930   0  0.55 weightedtau_rankTrue      200   200   +0.1952   0.0514   0.0036   +0.1089   +0.3038   +0.9300     NO
   B    2    3000  0.998   1  0.55 kendalltau                200   200   +0.0060   0.0150   0.0011   -0.0230   +0.0330   +0.9980     NO
   B    2    3000  0.998   1  0.55 weightedtau_rankFalse     200   200   +0.0089   0.0608   0.0043   -0.1175   +0.1206   +0.9980     NO
   B    2    3000  0.998   1  0.55 weightedtau_rankTrue      200   200   +0.2317   0.0559   0.0040   +0.1264   +0.3296   +0.9980     NO
   B    2    3000  0.998   0  0.55 kendalltau                200   200   +0.0052   0.0134   0.0009   -0.0178   +0.0324   +0.9980     NO
   B    2    3000  0.998   0  0.55 weightedtau_rankFalse     200   200   +0.0047   0.0569   0.0040   -0.1050   +0.1129   +0.9980    yes
   B    2    3000  0.998   0  0.55 weightedtau_rankTrue      200   200   +0.2291   0.0552   0.0039   +0.1297   +0.3294   +0.9980     NO
   B    2    3000  1.000   1  0.55 kendalltau                200   199   +0.0296   0.3453   0.0245   -0.4091   +0.4177   +1.0000    yes
   B    2    3000  1.000   1  0.55 weightedtau_rankFalse     200   199   +0.0243   0.3488   0.0247   -0.4586   +0.4684   +1.0000    yes
   B    2    3000  1.000   1  0.55 weightedtau_rankTrue      200   199   +0.2267   0.3630   0.0257   -0.2346   +0.6530   +1.0000     NO
   B    2    3000  1.000   0  0.55 kendalltau                200   199   -0.0276   0.3570   0.0253   -0.4093   +0.4192   +1.0000    yes
   B    2    3000  1.000   0  0.55 weightedtau_rankFalse     200   199   -0.0327   0.3627   0.0257   -0.4624   +0.4642   +1.0000    yes
   B    2    3000  1.000   0  0.55 weightedtau_rankTrue      200   199   +0.1800   0.3666   0.0260   -0.2346   +0.6539   +1.0000     NO
   B    4    3000  0.000   1  0.55 kendalltau                200   200   +0.0086   0.0084   0.0006   -0.0053   +0.0244   +0.0000     NO
   B    4    3000  0.000   1  0.55 weightedtau_rankFalse     200   200   +0.0046   0.0524   0.0037   -0.0823   +0.1131   +0.0000    yes
   B    4    3000  0.000   1  0.55 weightedtau_rankTrue      200   200   +0.2631   0.0787   0.0056   +0.1190   +0.4016   +0.0000     NO
   B    4    3000  0.000   0  0.55 kendalltau                200   200   +0.0000   0.0117   0.0008   -0.0248   +0.0250   +0.0002    yes
   B    4    3000  0.000   0  0.55 weightedtau_rankFalse     200   200   -0.0074   0.0497   0.0035   -0.0901   +0.0810   +0.0002     NO
   B    4    3000  0.000   0  0.55 weightedtau_rankTrue      200   200   +0.2583   0.0779   0.0055   +0.1263   +0.3911   +0.0002     NO
   B    4    3000  0.500   1  0.55 kendalltau                200   200   +0.0179   0.0111   0.0008   -0.0027   +0.0403   +0.5006     NO
   B    4    3000  0.500   1  0.55 weightedtau_rankFalse     200   200   +0.0160   0.0599   0.0042   -0.1172   +0.1131   +0.5006     NO
   B    4    3000  0.500   1  0.55 weightedtau_rankTrue      200   200   +0.1403   0.0370   0.0026   +0.0764   +0.2176   +0.5006     NO
   B    4    3000  0.500   0  0.55 kendalltau                200   200   +0.0184   0.0115   0.0008   +0.0003   +0.0411   +0.4979     NO
   B    4    3000  0.500   0  0.55 weightedtau_rankFalse     200   200   +0.0196   0.0555   0.0039   -0.0960   +0.1232   +0.4979     NO
   B    4    3000  0.500   0  0.55 weightedtau_rankTrue      200   200   +0.1419   0.0362   0.0026   +0.0861   +0.2171   +0.4979     NO
   B    4    3000  0.900   1  0.55 kendalltau                200   200   +0.0259   0.0115   0.0008   +0.0046   +0.0481   +0.8995     NO
   B    4    3000  0.900   1  0.55 weightedtau_rankFalse     200   200   +0.0247   0.0568   0.0040   -0.0951   +0.1309   +0.8995     NO
   B    4    3000  0.900   1  0.55 weightedtau_rankTrue      200   200   +0.2065   0.0454   0.0032   +0.1214   +0.2978   +0.8995     NO
   B    4    3000  0.900   0  0.55 kendalltau                200   200   +0.0264   0.0119   0.0008   +0.0059   +0.0518   +0.8999     NO
   B    4    3000  0.900   0  0.55 weightedtau_rankFalse     200   200   +0.0251   0.0526   0.0037   -0.0815   +0.1153   +0.8999     NO
   B    4    3000  0.900   0  0.55 weightedtau_rankTrue      200   200   +0.2043   0.0447   0.0032   +0.1297   +0.3040   +0.8999     NO
   B    4    3000  0.930   1  0.55 kendalltau                200   200   +0.0245   0.0127   0.0009   -0.0008   +0.0476   +0.9299     NO
   B    4    3000  0.930   1  0.55 weightedtau_rankFalse     200   200   +0.0306   0.0588   0.0042   -0.0944   +0.1623   +0.9299     NO
   B    4    3000  0.930   1  0.55 weightedtau_rankTrue      200   200   +0.2166   0.0488   0.0034   +0.1356   +0.3250   +0.9299     NO
   B    4    3000  0.930   0  0.55 kendalltau                200   200   +0.0242   0.0121   0.0009   +0.0005   +0.0483   +0.9301     NO
   B    4    3000  0.930   0  0.55 weightedtau_rankFalse     200   200   +0.0250   0.0507   0.0036   -0.0862   +0.1219   +0.9301     NO
   B    4    3000  0.930   0  0.55 weightedtau_rankTrue      200   200   +0.2205   0.0422   0.0030   +0.1439   +0.2970   +0.9301     NO
   B    4    3000  0.998   1  0.55 kendalltau                200   200   +0.0055   0.0124   0.0009   -0.0162   +0.0327   +0.9980     NO
   B    4    3000  0.998   1  0.55 weightedtau_rankFalse     200   200   +0.0026   0.0541   0.0038   -0.1009   +0.1140   +0.9980    yes
   B    4    3000  0.998   1  0.55 weightedtau_rankTrue      200   200   +0.2481   0.0494   0.0035   +0.1613   +0.3433   +0.9980     NO
   B    4    3000  0.998   0  0.55 kendalltau                200   200   +0.0053   0.0119   0.0008   -0.0192   +0.0261   +0.9980     NO
   B    4    3000  0.998   0  0.55 weightedtau_rankFalse     200   200   +0.0086   0.0502   0.0036   -0.0816   +0.1063   +0.9980     NO
   B    4    3000  0.998   0  0.55 weightedtau_rankTrue      200   200   +0.2562   0.0439   0.0031   +0.1723   +0.3403   +0.9980     NO
   B    4    3000  1.000   1  0.55 kendalltau                200   200   +0.0146   0.3668   0.0259   -0.4324   +0.4428   +1.0000    yes
   B    4    3000  1.000   1  0.55 weightedtau_rankFalse     200   200   +0.0123   0.3743   0.0265   -0.4828   +0.4967   +1.0000    yes
   B    4    3000  1.000   1  0.55 weightedtau_rankTrue      200   200   +0.1869   0.4272   0.0302   -0.2660   +0.7171   +1.0000     NO
   B    4    3000  1.000   0  0.55 kendalltau                200   200   +0.0433   0.3722   0.0263   -0.4298   +0.4378   +1.0000    yes
   B    4    3000  1.000   0  0.55 weightedtau_rankFalse     200   200   +0.0485   0.3723   0.0263   -0.4759   +0.4808   +1.0000    yes
   B    4    3000  1.000   0  0.55 weightedtau_rankTrue      200   200   +0.2335   0.4300   0.0304   -0.2618   +0.7207   +1.0000     NO
   B   12     500  0.000   1  0.45 kendalltau                200   200   +0.0187   0.0183   0.0013   -0.0100   +0.0587   -0.0023     NO
   B   12     500  0.000   1  0.45 weightedtau_rankFalse     200   200   +0.0204   0.0707   0.0050   -0.1144   +0.1590   -0.0023     NO
   B   12     500  0.000   1  0.45 weightedtau_rankTrue      200   200   +0.1756   0.0775   0.0055   +0.0353   +0.3123   -0.0023     NO
   B   12     500  0.000   1  0.55 kendalltau                200   200   +0.0167   0.0188   0.0013   -0.0189   +0.0557   -0.0012     NO
   B   12     500  0.000   1  0.55 weightedtau_rankFalse     200   200   +0.0176   0.0674   0.0048   -0.1191   +0.1477   -0.0012     NO
   B   12     500  0.000   1  0.55 weightedtau_rankTrue      200   200   +0.1683   0.0831   0.0059   +0.0308   +0.3226   -0.0012     NO
   B   12     500  0.000   1  0.63 kendalltau                200   200   +0.0157   0.0185   0.0013   -0.0159   +0.0518   -0.0014     NO
   B   12     500  0.000   1  0.63 weightedtau_rankFalse     200   200   +0.0124   0.0650   0.0046   -0.1318   +0.1194   -0.0014     NO
   B   12     500  0.000   1  0.63 weightedtau_rankTrue      200   200   +0.1598   0.0772   0.0055   +0.0385   +0.3450   -0.0014     NO
   B   12     500  0.000   0  0.45 kendalltau                200   200   +0.0012   0.0271   0.0019   -0.0520   +0.0474   +0.0034    yes
   B   12     500  0.000   0  0.45 weightedtau_rankFalse     200   200   -0.0008   0.0739   0.0052   -0.1331   +0.1593   +0.0034    yes
   B   12     500  0.000   0  0.45 weightedtau_rankTrue      200   200   +0.1722   0.0794   0.0056   +0.0352   +0.3353   +0.0034     NO
   B   12     500  0.000   0  0.55 kendalltau                200   200   +0.0006   0.0279   0.0020   -0.0495   +0.0661   +0.0034    yes
   B   12     500  0.000   0  0.55 weightedtau_rankFalse     200   200   +0.0044   0.0703   0.0050   -0.1333   +0.1468   +0.0034    yes
   B   12     500  0.000   0  0.55 weightedtau_rankTrue      200   200   +0.1716   0.0847   0.0060   +0.0087   +0.3463   +0.0034     NO
   B   12     500  0.000   0  0.63 kendalltau                200   200   -0.0012   0.0222   0.0016   -0.0527   +0.0375   -0.0015    yes
   B   12     500  0.000   0  0.63 weightedtau_rankFalse     200   200   -0.0031   0.0733   0.0052   -0.1632   +0.1243   -0.0015    yes
   B   12     500  0.000   0  0.63 weightedtau_rankTrue      200   200   +0.1764   0.0832   0.0059   +0.0263   +0.3425   -0.0015     NO
   B   12     500  0.500   1  0.45 kendalltau                200   200   +0.0124   0.0286   0.0020   -0.0385   +0.0704   +0.5014     NO
   B   12     500  0.500   1  0.45 weightedtau_rankFalse     200   200   +0.0094   0.0633   0.0045   -0.1179   +0.1346   +0.5014     NO
   B   12     500  0.500   1  0.45 weightedtau_rankTrue      200   200   +0.1036   0.0571   0.0040   +0.0039   +0.2228   +0.5014     NO
   B   12     500  0.500   1  0.55 kendalltau                200   200   +0.0177   0.0273   0.0019   -0.0325   +0.0741   +0.5012     NO
   B   12     500  0.500   1  0.55 weightedtau_rankFalse     200   200   +0.0123   0.0731   0.0052   -0.1420   +0.1405   +0.5012     NO
   B   12     500  0.500   1  0.55 weightedtau_rankTrue      200   200   +0.0842   0.0555   0.0039   -0.0153   +0.1953   +0.5012     NO
   B   12     500  0.500   1  0.63 kendalltau                200   200   +0.0192   0.0241   0.0017   -0.0316   +0.0634   +0.5024     NO
   B   12     500  0.500   1  0.63 weightedtau_rankFalse     200   200   +0.0167   0.0671   0.0047   -0.1080   +0.1388   +0.5024     NO
   B   12     500  0.500   1  0.63 weightedtau_rankTrue      200   200   +0.0786   0.0519   0.0037   -0.0145   +0.1732   +0.5024     NO
   B   12     500  0.500   0  0.45 kendalltau                200   200   +0.0147   0.0298   0.0021   -0.0439   +0.0753   +0.4994     NO
   B   12     500  0.500   0  0.45 weightedtau_rankFalse     200   200   +0.0145   0.0730   0.0052   -0.1397   +0.1566   +0.4994     NO
   B   12     500  0.500   0  0.45 weightedtau_rankTrue      200   200   +0.1044   0.0630   0.0045   -0.0091   +0.2322   +0.4994     NO
   B   12     500  0.500   0  0.55 kendalltau                200   200   +0.0191   0.0273   0.0019   -0.0294   +0.0726   +0.5017     NO
   B   12     500  0.500   0  0.55 weightedtau_rankFalse     200   200   +0.0209   0.0648   0.0046   -0.1081   +0.1543   +0.5017     NO
   B   12     500  0.500   0  0.55 weightedtau_rankTrue      200   200   +0.0922   0.0561   0.0040   +0.0005   +0.2077   +0.5017     NO
   B   12     500  0.500   0  0.63 kendalltau                200   200   +0.0211   0.0247   0.0017   -0.0363   +0.0664   +0.4959     NO
   B   12     500  0.500   0  0.63 weightedtau_rankFalse     200   200   +0.0252   0.0645   0.0046   -0.1029   +0.1464   +0.4959     NO
   B   12     500  0.500   0  0.63 weightedtau_rankTrue      200   200   +0.0786   0.0567   0.0040   -0.0185   +0.1810   +0.4959     NO
   B   12     500  0.900   1  0.45 kendalltau                200   200   +0.0219   0.0284   0.0020   -0.0282   +0.0804   +0.9002     NO
   B   12     500  0.900   1  0.45 weightedtau_rankFalse     200   200   +0.0265   0.0671   0.0047   -0.1082   +0.1517   +0.9002     NO
   B   12     500  0.900   1  0.45 weightedtau_rankTrue      200   200   +0.1506   0.0660   0.0047   +0.0255   +0.2831   +0.9002     NO
   B   12     500  0.900   1  0.55 kendalltau                200   200   +0.0266   0.0276   0.0020   -0.0244   +0.0779   +0.8980     NO
   B   12     500  0.900   1  0.55 weightedtau_rankFalse     200   200   +0.0261   0.0677   0.0048   -0.1190   +0.1481   +0.8980     NO
   B   12     500  0.900   1  0.55 weightedtau_rankTrue      200   200   +0.1356   0.0616   0.0044   +0.0285   +0.2504   +0.8980     NO
   B   12     500  0.900   1  0.63 kendalltau                200   200   +0.0291   0.0251   0.0018   -0.0190   +0.0804   +0.8975     NO
   B   12     500  0.900   1  0.63 weightedtau_rankFalse     200   200   +0.0319   0.0619   0.0044   -0.1058   +0.1420   +0.8975     NO
   B   12     500  0.900   1  0.63 weightedtau_rankTrue      200   200   +0.1247   0.0630   0.0045   +0.0242   +0.2604   +0.8975     NO
   B   12     500  0.900   0  0.45 kendalltau                200   200   +0.0259   0.0291   0.0021   -0.0314   +0.0825   +0.8982     NO
   B   12     500  0.900   0  0.45 weightedtau_rankFalse     200   200   +0.0314   0.0655   0.0046   -0.0929   +0.1678   +0.8982     NO
   B   12     500  0.900   0  0.45 weightedtau_rankTrue      200   200   +0.1466   0.0652   0.0046   +0.0317   +0.2711   +0.8982     NO
   B   12     500  0.900   0  0.55 kendalltau                200   200   +0.0271   0.0274   0.0019   -0.0266   +0.0841   +0.8990     NO
   B   12     500  0.900   0  0.55 weightedtau_rankFalse     200   200   +0.0283   0.0632   0.0045   -0.1046   +0.1465   +0.8990     NO
   B   12     500  0.900   0  0.55 weightedtau_rankTrue      200   200   +0.1371   0.0611   0.0043   +0.0210   +0.2526   +0.8990     NO
   B   12     500  0.900   0  0.63 kendalltau                200   200   +0.0262   0.0242   0.0017   -0.0176   +0.0729   +0.8980     NO
   B   12     500  0.900   0  0.63 weightedtau_rankFalse     200   200   +0.0350   0.0657   0.0046   -0.0926   +0.1742   +0.8980     NO
   B   12     500  0.900   0  0.63 weightedtau_rankTrue      200   200   +0.1231   0.0580   0.0041   +0.0196   +0.2300   +0.8980     NO
   B   12     500  0.930   1  0.45 kendalltau                200   200   +0.0203   0.0292   0.0021   -0.0303   +0.0793   +0.9297     NO
   B   12     500  0.930   1  0.45 weightedtau_rankFalse     200   200   +0.0172   0.0709   0.0050   -0.1398   +0.1685   +0.9297     NO
   B   12     500  0.930   1  0.45 weightedtau_rankTrue      200   200   +0.1509   0.0696   0.0049   +0.0277   +0.2805   +0.9297     NO
   B   12     500  0.930   1  0.55 kendalltau                200   200   +0.0269   0.0267   0.0019   -0.0232   +0.0781   +0.9285     NO
   B   12     500  0.930   1  0.55 weightedtau_rankFalse     200   200   +0.0287   0.0672   0.0048   -0.1007   +0.1662   +0.9285     NO
   B   12     500  0.930   1  0.55 weightedtau_rankTrue      200   200   +0.1421   0.0682   0.0048   +0.0108   +0.2797   +0.9285     NO
   B   12     500  0.930   1  0.63 kendalltau                200   200   +0.0279   0.0235   0.0017   -0.0162   +0.0717   +0.9292     NO
   B   12     500  0.930   1  0.63 weightedtau_rankFalse     200   200   +0.0259   0.0645   0.0046   -0.1241   +0.1405   +0.9292     NO
   B   12     500  0.930   1  0.63 weightedtau_rankTrue      200   200   +0.1288   0.0606   0.0043   +0.0222   +0.2615   +0.9292     NO
   B   12     500  0.930   0  0.45 kendalltau                200   200   +0.0221   0.0278   0.0020   -0.0323   +0.0818   +0.9286     NO
   B   12     500  0.930   0  0.45 weightedtau_rankFalse     200   200   +0.0284   0.0720   0.0051   -0.0992   +0.1732   +0.9286     NO
   B   12     500  0.930   0  0.45 weightedtau_rankTrue      200   200   +0.1482   0.0562   0.0040   +0.0491   +0.2577   +0.9286     NO
   B   12     500  0.930   0  0.55 kendalltau                200   200   +0.0262   0.0266   0.0019   -0.0201   +0.0748   +0.9283     NO
   B   12     500  0.930   0  0.55 weightedtau_rankFalse     200   200   +0.0254   0.0601   0.0043   -0.0953   +0.1377   +0.9283     NO
   B   12     500  0.930   0  0.55 weightedtau_rankTrue      200   200   +0.1485   0.0623   0.0044   +0.0457   +0.2683   +0.9283     NO
   B   12     500  0.930   0  0.63 kendalltau                200   200   +0.0291   0.0243   0.0017   -0.0188   +0.0765   +0.9287     NO
   B   12     500  0.930   0  0.63 weightedtau_rankFalse     200   200   +0.0246   0.0609   0.0043   -0.1060   +0.1466   +0.9287     NO
   B   12     500  0.930   0  0.63 weightedtau_rankTrue      200   200   +0.1345   0.0604   0.0043   +0.0199   +0.2435   +0.9287     NO
   B   12     500  0.998   1  0.45 kendalltau                200   200   +0.0017   0.0283   0.0020   -0.0555   +0.0596   +0.9978    yes
   B   12     500  0.998   1  0.45 weightedtau_rankFalse     200   200   +0.0022   0.0666   0.0047   -0.1335   +0.1343   +0.9978    yes
   B   12     500  0.998   1  0.45 weightedtau_rankTrue      200   200   +0.1498   0.0645   0.0046   +0.0236   +0.2764   +0.9978     NO
   B   12     500  0.998   1  0.55 kendalltau                200   200   +0.0045   0.0269   0.0019   -0.0488   +0.0528   +0.9978     NO
   B   12     500  0.998   1  0.55 weightedtau_rankFalse     200   200   +0.0016   0.0696   0.0049   -0.1285   +0.1394   +0.9978    yes
   B   12     500  0.998   1  0.55 weightedtau_rankTrue      200   200   +0.1542   0.0696   0.0049   +0.0237   +0.3061   +0.9978     NO
   B   12     500  0.998   1  0.63 kendalltau                200   200   +0.0078   0.0245   0.0017   -0.0411   +0.0543   +0.9978     NO
   B   12     500  0.998   1  0.63 weightedtau_rankFalse     200   200   +0.0058   0.0670   0.0047   -0.1474   +0.1174   +0.9978    yes
   B   12     500  0.998   1  0.63 weightedtau_rankTrue      200   200   +0.1515   0.0657   0.0046   +0.0208   +0.2775   +0.9978     NO
   B   12     500  0.998   0  0.45 kendalltau                200   200   +0.0064   0.0266   0.0019   -0.0424   +0.0575   +0.9978     NO
   B   12     500  0.998   0  0.45 weightedtau_rankFalse     200   200   +0.0106   0.0715   0.0051   -0.1242   +0.1416   +0.9978     NO
   B   12     500  0.998   0  0.45 weightedtau_rankTrue      200   200   +0.1614   0.0617   0.0044   +0.0510   +0.2758   +0.9978     NO
   B   12     500  0.998   0  0.55 kendalltau                200   200   +0.0039   0.0256   0.0018   -0.0451   +0.0480   +0.9978     NO
   B   12     500  0.998   0  0.55 weightedtau_rankFalse     200   200   +0.0010   0.0614   0.0043   -0.1353   +0.1049   +0.9978    yes
   B   12     500  0.998   0  0.55 weightedtau_rankTrue      200   200   +0.1594   0.0652   0.0046   +0.0417   +0.2840   +0.9978     NO
   B   12     500  0.998   0  0.63 kendalltau                200   200   +0.0087   0.0285   0.0020   -0.0476   +0.0589   +0.9978     NO
   B   12     500  0.998   0  0.63 weightedtau_rankFalse     200   200   +0.0046   0.0677   0.0048   -0.1313   +0.1411   +0.9978    yes
   B   12     500  0.998   0  0.63 weightedtau_rankTrue      200   200   +0.1545   0.0584   0.0041   +0.0517   +0.2665   +0.9978     NO
   B   12     500  1.000   1  0.45 kendalltau                200   200   -0.0011   0.3094   0.0219   -0.3863   +0.3789   +1.0000    yes
   B   12     500  1.000   1  0.45 weightedtau_rankFalse     200   200   -0.0071   0.3136   0.0222   -0.4498   +0.4353   +1.0000    yes
   B   12     500  1.000   1  0.45 weightedtau_rankTrue      200   200   +0.1424   0.4202   0.0297   -0.3618   +0.6729   +1.0000     NO
   B   12     500  1.000   1  0.55 kendalltau                200   200   +0.0448   0.3716   0.0263   -0.4592   +0.4602   +1.0000    yes
   B   12     500  1.000   1  0.55 weightedtau_rankFalse     200   200   +0.0461   0.3795   0.0268   -0.5208   +0.5012   +1.0000    yes
   B   12     500  1.000   1  0.55 weightedtau_rankTrue      200   200   +0.1644   0.4879   0.0345   -0.4787   +0.7286   +1.0000     NO
   B   12     500  1.000   1  0.63 kendalltau                200   198   +0.0457   0.4238   0.0301   -0.5255   +0.5176   +1.0000    yes
   B   12     500  1.000   1  0.63 weightedtau_rankFalse     200   198   +0.0441   0.4231   0.0301   -0.5462   +0.5596   +1.0000    yes
   B   12     500  1.000   1  0.63 weightedtau_rankTrue      200   198   +0.1265   0.5366   0.0381   -0.5611   +0.7526   +1.0000     NO
   B   12     500  1.000   0  0.45 kendalltau                200   199   +0.0349   0.3019   0.0214   -0.3865   +0.3877   +1.0000    yes
   B   12     500  1.000   0  0.45 weightedtau_rankFalse     200   199   +0.0295   0.3026   0.0215   -0.4241   +0.4178   +1.0000    yes
   B   12     500  1.000   0  0.45 weightedtau_rankTrue      200   199   +0.1831   0.4111   0.0291   -0.3751   +0.6723   +1.0000     NO
   B   12     500  1.000   0  0.55 kendalltau                200   198   +0.0201   0.3677   0.0261   -0.4577   +0.4559   +1.0000    yes
   B   12     500  1.000   0  0.55 weightedtau_rankFalse     200   198   +0.0146   0.3686   0.0262   -0.5169   +0.4995   +1.0000    yes
   B   12     500  1.000   0  0.55 weightedtau_rankTrue      200   198   +0.1304   0.4823   0.0343   -0.4719   +0.7123   +1.0000     NO
   B   12     500  1.000   0  0.63 kendalltau                200   198   +0.0636   0.4182   0.0297   -0.5144   +0.5211   +1.0000     NO
   B   12     500  1.000   0  0.63 weightedtau_rankFalse     200   198   +0.0593   0.4211   0.0299   -0.5655   +0.5678   +1.0000    yes
   B   12     500  1.000   0  0.63 weightedtau_rankTrue      200   198   +0.1506   0.5293   0.0376   -0.5542   +0.7564   +1.0000     NO
   B   12    3000  0.000   1  0.45 kendalltau                200   200   +0.0073   0.0070   0.0005   -0.0056   +0.0211   -0.0006     NO
   B   12    3000  0.000   1  0.45 weightedtau_rankFalse     200   200   +0.0039   0.0533   0.0038   -0.0910   +0.1184   -0.0006    yes
   B   12    3000  0.000   1  0.45 weightedtau_rankTrue      200   200   +0.2239   0.0665   0.0047   +0.1175   +0.3521   -0.0006     NO
   B   12    3000  0.000   1  0.55 kendalltau                200   200   +0.0077   0.0080   0.0006   -0.0081   +0.0240   -0.0020     NO
   B   12    3000  0.000   1  0.55 weightedtau_rankFalse     200   200   +0.0086   0.0540   0.0038   -0.0948   +0.1305   -0.0020     NO
   B   12    3000  0.000   1  0.55 weightedtau_rankTrue      200   200   +0.2254   0.0732   0.0052   +0.1086   +0.3610   -0.0020     NO
   B   12    3000  0.000   1  0.63 kendalltau                200   200   +0.0064   0.0085   0.0006   -0.0088   +0.0235   +0.0003     NO
   B   12    3000  0.000   1  0.63 weightedtau_rankFalse     200   200   +0.0054   0.0508   0.0036   -0.0875   +0.0956   +0.0003    yes
   B   12    3000  0.000   1  0.63 weightedtau_rankTrue      200   200   +0.2113   0.0818   0.0058   +0.0937   +0.3682   +0.0003     NO
   B   12    3000  0.000   0  0.45 kendalltau                200   200   -0.0007   0.0121   0.0009   -0.0260   +0.0211   -0.0016    yes
   B   12    3000  0.000   0  0.45 weightedtau_rankFalse     200   200   -0.0057   0.0536   0.0038   -0.1065   +0.0856   -0.0016    yes
   B   12    3000  0.000   0  0.45 weightedtau_rankTrue      200   200   +0.2396   0.0655   0.0046   +0.1259   +0.3653   -0.0016     NO
   B   12    3000  0.000   0  0.55 kendalltau                200   200   -0.0005   0.0108   0.0008   -0.0208   +0.0202   +0.0005    yes
   B   12    3000  0.000   0  0.55 weightedtau_rankFalse     200   200   -0.0008   0.0507   0.0036   -0.1051   +0.1039   +0.0005    yes
   B   12    3000  0.000   0  0.55 weightedtau_rankTrue      200   200   +0.2334   0.0787   0.0056   +0.1063   +0.3724   +0.0005     NO
   B   12    3000  0.000   0  0.63 kendalltau                200   200   +0.0004   0.0096   0.0007   -0.0184   +0.0180   +0.0001    yes
   B   12    3000  0.000   0  0.63 weightedtau_rankFalse     200   200   -0.0006   0.0501   0.0035   -0.1010   +0.1127   +0.0001    yes
   B   12    3000  0.000   0  0.63 weightedtau_rankTrue      200   200   +0.2353   0.0828   0.0059   +0.1090   +0.3699   +0.0001     NO
   B   12    3000  0.500   1  0.45 kendalltau                200   200   +0.0154   0.0114   0.0008   -0.0065   +0.0395   +0.4995     NO
   B   12    3000  0.500   1  0.45 weightedtau_rankFalse     200   200   +0.0152   0.0527   0.0037   -0.0862   +0.1147   +0.4995     NO
   B   12    3000  0.500   1  0.45 weightedtau_rankTrue      200   200   +0.1437   0.0419   0.0030   +0.0808   +0.2417   +0.4995     NO
   B   12    3000  0.500   1  0.55 kendalltau                200   200   +0.0188   0.0108   0.0008   -0.0034   +0.0411   +0.4992     NO
   B   12    3000  0.500   1  0.55 weightedtau_rankFalse     200   200   +0.0200   0.0495   0.0035   -0.0752   +0.1010   +0.4992     NO
   B   12    3000  0.500   1  0.55 weightedtau_rankTrue      200   200   +0.1131   0.0376   0.0027   +0.0469   +0.1876   +0.4992     NO
   B   12    3000  0.500   1  0.63 kendalltau                200   200   +0.0198   0.0095   0.0007   +0.0025   +0.0381   +0.4998     NO
   B   12    3000  0.500   1  0.63 weightedtau_rankFalse     200   200   +0.0169   0.0501   0.0035   -0.0778   +0.1077   +0.4998     NO
   B   12    3000  0.500   1  0.63 weightedtau_rankTrue      200   200   +0.0925   0.0328   0.0023   +0.0372   +0.1646   +0.4998     NO
   B   12    3000  0.500   0  0.45 kendalltau                200   200   +0.0172   0.0099   0.0007   -0.0019   +0.0371   +0.5002     NO
   B   12    3000  0.500   0  0.45 weightedtau_rankFalse     200   200   +0.0215   0.0518   0.0037   -0.0826   +0.1172   +0.5002     NO
   B   12    3000  0.500   0  0.45 weightedtau_rankTrue      200   200   +0.1430   0.0442   0.0031   +0.0726   +0.2421   +0.5002     NO
   B   12    3000  0.500   0  0.55 kendalltau                200   200   +0.0184   0.0110   0.0008   -0.0015   +0.0382   +0.4999     NO
   B   12    3000  0.500   0  0.55 weightedtau_rankFalse     200   200   +0.0233   0.0537   0.0038   -0.0712   +0.1248   +0.4999     NO
   B   12    3000  0.500   0  0.55 weightedtau_rankTrue      200   200   +0.1147   0.0355   0.0025   +0.0516   +0.1943   +0.4999     NO
   B   12    3000  0.500   0  0.63 kendalltau                200   200   +0.0199   0.0100   0.0007   +0.0007   +0.0414   +0.4981     NO
   B   12    3000  0.500   0  0.63 weightedtau_rankFalse     200   200   +0.0239   0.0507   0.0036   -0.0787   +0.1228   +0.4981     NO
   B   12    3000  0.500   0  0.63 weightedtau_rankTrue      200   200   +0.0974   0.0368   0.0026   +0.0427   +0.1816   +0.4981     NO
   B   12    3000  0.900   1  0.45 kendalltau                200   200   +0.0232   0.0118   0.0008   +0.0008   +0.0447   +0.9001     NO
   B   12    3000  0.900   1  0.45 weightedtau_rankFalse     200   200   +0.0239   0.0528   0.0037   -0.0721   +0.1442   +0.9001     NO
   B   12    3000  0.900   1  0.45 weightedtau_rankTrue      200   200   +0.1947   0.0482   0.0034   +0.1119   +0.2914   +0.9001     NO
   B   12    3000  0.900   1  0.55 kendalltau                200   200   +0.0265   0.0120   0.0008   +0.0051   +0.0502   +0.9001     NO
   B   12    3000  0.900   1  0.55 weightedtau_rankFalse     200   200   +0.0280   0.0481   0.0034   -0.0714   +0.1294   +0.9001     NO
   B   12    3000  0.900   1  0.55 weightedtau_rankTrue      200   200   +0.1814   0.0416   0.0029   +0.1087   +0.2669   +0.9001     NO
   B   12    3000  0.900   1  0.63 kendalltau                200   200   +0.0283   0.0101   0.0007   +0.0078   +0.0469   +0.8997     NO
   B   12    3000  0.900   1  0.63 weightedtau_rankFalse     200   200   +0.0330   0.0446   0.0032   -0.0748   +0.1121   +0.8997     NO
   B   12    3000  0.900   1  0.63 weightedtau_rankTrue      200   200   +0.1675   0.0389   0.0028   +0.1081   +0.2525   +0.8997     NO
   B   12    3000  0.900   0  0.45 kendalltau                200   200   +0.0228   0.0121   0.0009   -0.0008   +0.0445   +0.8998     NO
   B   12    3000  0.900   0  0.45 weightedtau_rankFalse     200   200   +0.0183   0.0580   0.0041   -0.1014   +0.1225   +0.8998     NO
   B   12    3000  0.900   0  0.45 weightedtau_rankTrue      200   200   +0.1959   0.0426   0.0030   +0.1214   +0.2829   +0.8998     NO
   B   12    3000  0.900   0  0.55 kendalltau                200   200   +0.0256   0.0103   0.0007   +0.0046   +0.0456   +0.8998     NO
   B   12    3000  0.900   0  0.55 weightedtau_rankFalse     200   200   +0.0258   0.0481   0.0034   -0.0720   +0.1102   +0.8998     NO
   B   12    3000  0.900   0  0.55 weightedtau_rankTrue      200   200   +0.1741   0.0411   0.0029   +0.1078   +0.2549   +0.8998     NO
   B   12    3000  0.900   0  0.63 kendalltau                200   200   +0.0284   0.0104   0.0007   +0.0085   +0.0471   +0.8999     NO
   B   12    3000  0.900   0  0.63 weightedtau_rankFalse     200   200   +0.0296   0.0495   0.0035   -0.0717   +0.1151   +0.8999     NO
   B   12    3000  0.900   0  0.63 weightedtau_rankTrue      200   200   +0.1589   0.0418   0.0030   +0.0906   +0.2525   +0.8999     NO
   B   12    3000  0.930   1  0.45 kendalltau                200   200   +0.0198   0.0113   0.0008   +0.0001   +0.0388   +0.9298     NO
   B   12    3000  0.930   1  0.45 weightedtau_rankFalse     200   200   +0.0157   0.0551   0.0039   -0.1064   +0.1153   +0.9298     NO
   B   12    3000  0.930   1  0.45 weightedtau_rankTrue      200   200   +0.2002   0.0426   0.0030   +0.1305   +0.2822   +0.9298     NO
   B   12    3000  0.930   1  0.55 kendalltau                200   200   +0.0231   0.0111   0.0008   +0.0009   +0.0479   +0.9298     NO
   B   12    3000  0.930   1  0.55 weightedtau_rankFalse     200   200   +0.0222   0.0532   0.0038   -0.0830   +0.1300   +0.9298     NO
   B   12    3000  0.930   1  0.55 weightedtau_rankTrue      200   200   +0.1865   0.0395   0.0028   +0.1187   +0.2577   +0.9298     NO
   B   12    3000  0.930   1  0.63 kendalltau                200   200   +0.0268   0.0097   0.0007   +0.0079   +0.0454   +0.9301     NO
   B   12    3000  0.930   1  0.63 weightedtau_rankFalse     200   200   +0.0243   0.0494   0.0035   -0.0892   +0.1093   +0.9301     NO
   B   12    3000  0.930   1  0.63 weightedtau_rankTrue      200   200   +0.1785   0.0402   0.0028   +0.1097   +0.2596   +0.9301     NO
   B   12    3000  0.930   0  0.45 kendalltau                200   200   +0.0196   0.0120   0.0008   -0.0063   +0.0416   +0.9302     NO
   B   12    3000  0.930   0  0.45 weightedtau_rankFalse     200   200   +0.0203   0.0477   0.0034   -0.0772   +0.1060   +0.9302     NO
   B   12    3000  0.930   0  0.45 weightedtau_rankTrue      200   200   +0.1944   0.0424   0.0030   +0.1216   +0.2778   +0.9302     NO
   B   12    3000  0.930   0  0.55 kendalltau                200   200   +0.0248   0.0101   0.0007   +0.0061   +0.0438   +0.9296     NO
   B   12    3000  0.930   0  0.55 weightedtau_rankFalse     200   200   +0.0229   0.0472   0.0033   -0.0781   +0.1070   +0.9296     NO
   B   12    3000  0.930   0  0.55 weightedtau_rankTrue      200   200   +0.1926   0.0445   0.0031   +0.1171   +0.2826   +0.9296     NO
   B   12    3000  0.930   0  0.63 kendalltau                200   200   +0.0261   0.0098   0.0007   +0.0097   +0.0453   +0.9297     NO
   B   12    3000  0.930   0  0.63 weightedtau_rankFalse     200   200   +0.0301   0.0463   0.0033   -0.0506   +0.1264   +0.9297     NO
   B   12    3000  0.930   0  0.63 weightedtau_rankTrue      200   200   +0.1760   0.0377   0.0027   +0.1102   +0.2551   +0.9297     NO
   B   12    3000  0.998   1  0.45 kendalltau                200   200   +0.0056   0.0116   0.0008   -0.0183   +0.0264   +0.9980     NO
   B   12    3000  0.998   1  0.45 weightedtau_rankFalse     200   200   +0.0136   0.0548   0.0039   -0.1013   +0.1201   +0.9980     NO
   B   12    3000  0.998   1  0.45 weightedtau_rankTrue      200   200   +0.2224   0.0448   0.0032   +0.1345   +0.3243   +0.9980     NO
   B   12    3000  0.998   1  0.55 kendalltau                200   200   +0.0061   0.0107   0.0008   -0.0154   +0.0243   +0.9980     NO
   B   12    3000  0.998   1  0.55 weightedtau_rankFalse     200   200   +0.0085   0.0497   0.0035   -0.0937   +0.1228   +0.9980     NO
   B   12    3000  0.998   1  0.55 weightedtau_rankTrue      200   200   +0.2187   0.0415   0.0029   +0.1429   +0.2987   +0.9980     NO
   B   12    3000  0.998   1  0.63 kendalltau                200   200   +0.0070   0.0095   0.0007   -0.0113   +0.0236   +0.9980     NO
   B   12    3000  0.998   1  0.63 weightedtau_rankFalse     200   200   +0.0116   0.0472   0.0033   -0.0932   +0.0992   +0.9980     NO
   B   12    3000  0.998   1  0.63 weightedtau_rankTrue      200   200   +0.2131   0.0413   0.0029   +0.1381   +0.2907   +0.9980     NO
   B   12    3000  0.998   0  0.45 kendalltau                200   200   +0.0064   0.0104   0.0007   -0.0132   +0.0252   +0.9980     NO
   B   12    3000  0.998   0  0.45 weightedtau_rankFalse     200   200   +0.0007   0.0482   0.0034   -0.0917   +0.1025   +0.9980    yes
   B   12    3000  0.998   0  0.45 weightedtau_rankTrue      200   200   +0.2223   0.0431   0.0030   +0.1356   +0.3022   +0.9980     NO
   B   12    3000  0.998   0  0.55 kendalltau                200   200   +0.0054   0.0110   0.0008   -0.0156   +0.0253   +0.9980     NO
   B   12    3000  0.998   0  0.55 weightedtau_rankFalse     200   200   +0.0094   0.0478   0.0034   -0.0879   +0.0956   +0.9980     NO
   B   12    3000  0.998   0  0.55 weightedtau_rankTrue      200   200   +0.2159   0.0437   0.0031   +0.1344   +0.2936   +0.9980     NO
   B   12    3000  0.998   0  0.63 kendalltau                200   200   +0.0058   0.0086   0.0006   -0.0107   +0.0224   +0.9980     NO
   B   12    3000  0.998   0  0.63 weightedtau_rankFalse     200   200   +0.0061   0.0494   0.0035   -0.0883   +0.1068   +0.9980    yes
   B   12    3000  0.998   0  0.63 weightedtau_rankTrue      200   200   +0.2123   0.0414   0.0029   +0.1207   +0.2827   +0.9980     NO
   B   12    3000  1.000   1  0.45 kendalltau                200   199   +0.0065   0.2995   0.0212   -0.3457   +0.3509   +1.0000    yes
   B   12    3000  1.000   1  0.45 weightedtau_rankFalse     200   199   +0.0050   0.2986   0.0212   -0.3914   +0.3868   +1.0000    yes
   B   12    3000  1.000   1  0.45 weightedtau_rankTrue      200   199   +0.1984   0.4007   0.0284   -0.2389   +0.7016   +1.0000     NO
   B   12    3000  1.000   1  0.55 kendalltau                200   200   +0.0359   0.3605   0.0255   -0.4193   +0.4320   +1.0000    yes
   B   12    3000  1.000   1  0.55 weightedtau_rankFalse     200   200   +0.0314   0.3654   0.0258   -0.4853   +0.4813   +1.0000    yes
   B   12    3000  1.000   1  0.55 weightedtau_rankTrue      200   200   +0.1749   0.4676   0.0331   -0.3589   +0.7411   +1.0000     NO
   B   12    3000  1.000   1  0.63 kendalltau                200   199   +0.0011   0.4205   0.0298   -0.4870   +0.5018   +1.0000    yes
   B   12    3000  1.000   1  0.63 weightedtau_rankFalse     200   199   +0.0025   0.4224   0.0299   -0.5261   +0.5437   +1.0000    yes
   B   12    3000  1.000   1  0.63 weightedtau_rankTrue      200   199   +0.1013   0.5201   0.0369   -0.4762   +0.7414   +1.0000     NO
   B   12    3000  1.000   0  0.45 kendalltau                200   199   -0.0054   0.2958   0.0210   -0.3460   +0.3580   +1.0000    yes
   B   12    3000  1.000   0  0.45 weightedtau_rankFalse     200   199   -0.0020   0.2979   0.0211   -0.3837   +0.4187   +1.0000    yes
   B   12    3000  1.000   0  0.45 weightedtau_rankTrue      200   199   +0.1632   0.3990   0.0283   -0.2497   +0.6990   +1.0000     NO
   B   12    3000  1.000   0  0.55 kendalltau                200   200   -0.0665   0.3570   0.0252   -0.4222   +0.4259   +1.0000     NO
   B   12    3000  1.000   0  0.55 weightedtau_rankFalse     200   200   -0.0639   0.3621   0.0256   -0.4753   +0.4716   +1.0000     NO
   B   12    3000  1.000   0  0.55 weightedtau_rankTrue      200   200   +0.0587   0.4456   0.0315   -0.3530   +0.7304   +1.0000    yes
   B   12    3000  1.000   0  0.63 kendalltau                200   199   +0.0044   0.4358   0.0309   -0.4906   +0.4973   +1.0000    yes
   B   12    3000  1.000   0  0.63 weightedtau_rankFalse     200   199   +0.0015   0.4390   0.0311   -0.5328   +0.5385   +1.0000    yes
   B   12    3000  1.000   0  0.63 weightedtau_rankTrue      200   199   +0.1120   0.5378   0.0381   -0.4742   +0.7747   +1.0000     NO
   B   12   10000  0.000   1  0.45 kendalltau                200   200   +0.0044   0.0043   0.0003   -0.0030   +0.0129   +0.0004     NO
   B   12   10000  0.000   1  0.45 weightedtau_rankFalse     200   200   +0.0078   0.0428   0.0030   -0.0734   +0.0895   +0.0004     NO
   B   12   10000  0.000   1  0.45 weightedtau_rankTrue      200   200   +0.2481   0.0662   0.0047   +0.1445   +0.3852   +0.0004     NO
   B   12   10000  0.000   1  0.55 kendalltau                200   200   +0.0038   0.0045   0.0003   -0.0037   +0.0125   -0.0001     NO
   B   12   10000  0.000   1  0.55 weightedtau_rankFalse     200   200   +0.0041   0.0467   0.0033   -0.0802   +0.1044   -0.0001    yes
   B   12   10000  0.000   1  0.55 weightedtau_rankTrue      200   200   +0.2301   0.0772   0.0055   +0.1274   +0.3815   -0.0001     NO
   B   12   10000  0.000   1  0.63 kendalltau                200   200   +0.0038   0.0045   0.0003   -0.0053   +0.0125   -0.0006     NO
   B   12   10000  0.000   1  0.63 weightedtau_rankFalse     200   200   +0.0072   0.0422   0.0030   -0.0756   +0.0865   -0.0006     NO
   B   12   10000  0.000   1  0.63 weightedtau_rankTrue      200   200   +0.2299   0.0840   0.0059   +0.1149   +0.3917   -0.0006     NO
   B   12   10000  0.000   0  0.45 kendalltau                200   200   -0.0004   0.0065   0.0005   -0.0130   +0.0126   +0.0020    yes
   B   12   10000  0.000   0  0.45 weightedtau_rankFalse     200   200   +0.0013   0.0480   0.0034   -0.0893   +0.1061   +0.0020    yes
   B   12   10000  0.000   0  0.45 weightedtau_rankTrue      200   200   +0.2497   0.0667   0.0047   +0.1457   +0.3697   +0.0020     NO
   B   12   10000  0.000   0  0.55 kendalltau                200   200   -0.0002   0.0056   0.0004   -0.0114   +0.0108   +0.0006    yes
   B   12   10000  0.000   0  0.55 weightedtau_rankFalse     200   200   -0.0066   0.0456   0.0032   -0.0992   +0.0779   +0.0006     NO
   B   12   10000  0.000   0  0.55 weightedtau_rankTrue      200   200   +0.2597   0.0732   0.0052   +0.1556   +0.3777   +0.0006     NO
   B   12   10000  0.000   0  0.63 kendalltau                200   200   -0.0002   0.0055   0.0004   -0.0095   +0.0115   -0.0001    yes
   B   12   10000  0.000   0  0.63 weightedtau_rankFalse     200   200   +0.0035   0.0473   0.0033   -0.0899   +0.1073   -0.0001    yes
   B   12   10000  0.000   0  0.63 weightedtau_rankTrue      200   200   +0.2660   0.0878   0.0062   +0.1267   +0.3978   -0.0001     NO
   B   12   10000  0.500   1  0.45 kendalltau                200   200   +0.0157   0.0065   0.0005   +0.0039   +0.0296   +0.4994     NO
   B   12   10000  0.500   1  0.45 weightedtau_rankFalse     200   200   +0.0147   0.0479   0.0034   -0.0827   +0.0951   +0.4994     NO
   B   12   10000  0.500   1  0.45 weightedtau_rankTrue      200   200   +0.1545   0.0391   0.0028   +0.0918   +0.2297   +0.4994     NO
   B   12   10000  0.500   1  0.55 kendalltau                200   200   +0.0182   0.0055   0.0004   +0.0064   +0.0284   +0.5004     NO
   B   12   10000  0.500   1  0.55 weightedtau_rankFalse     200   200   +0.0185   0.0446   0.0032   -0.0800   +0.0962   +0.5004     NO
   B   12   10000  0.500   1  0.55 weightedtau_rankTrue      200   200   +0.1284   0.0361   0.0026   +0.0751   +0.2037   +0.5004     NO
   B   12   10000  0.500   1  0.63 kendalltau                200   200   +0.0194   0.0057   0.0004   +0.0087   +0.0300   +0.5001     NO
   B   12   10000  0.500   1  0.63 weightedtau_rankFalse     200   200   +0.0217   0.0450   0.0032   -0.0754   +0.1065   +0.5001     NO
   B   12   10000  0.500   1  0.63 weightedtau_rankTrue      200   200   +0.1068   0.0283   0.0020   +0.0596   +0.1759   +0.5001     NO
   B   12   10000  0.500   0  0.45 kendalltau                200   200   +0.0158   0.0060   0.0004   +0.0038   +0.0272   +0.5003     NO
   B   12   10000  0.500   0  0.45 weightedtau_rankFalse     200   200   +0.0181   0.0439   0.0031   -0.0657   +0.0994   +0.5003     NO
   B   12   10000  0.500   0  0.45 weightedtau_rankTrue      200   200   +0.1521   0.0328   0.0023   +0.1011   +0.2210   +0.5003     NO
   B   12   10000  0.500   0  0.55 kendalltau                200   200   +0.0174   0.0059   0.0004   +0.0060   +0.0287   +0.5004     NO
   B   12   10000  0.500   0  0.55 weightedtau_rankFalse     200   200   +0.0203   0.0421   0.0030   -0.0666   +0.0970   +0.5004     NO
   B   12   10000  0.500   0  0.55 weightedtau_rankTrue      200   200   +0.1252   0.0292   0.0021   +0.0757   +0.1796   +0.5004     NO
   B   12   10000  0.500   0  0.63 kendalltau                200   200   +0.0189   0.0048   0.0003   +0.0099   +0.0282   +0.4994     NO
   B   12   10000  0.500   0  0.63 weightedtau_rankFalse     200   200   +0.0126   0.0451   0.0032   -0.0701   +0.1012   +0.4994     NO
   B   12   10000  0.500   0  0.63 weightedtau_rankTrue      200   200   +0.1041   0.0279   0.0020   +0.0628   +0.1666   +0.4994     NO
   B   12   10000  0.900   1  0.45 kendalltau                200   200   +0.0212   0.0065   0.0005   +0.0103   +0.0352   +0.8998     NO
   B   12   10000  0.900   1  0.45 weightedtau_rankFalse     200   200   +0.0225   0.0422   0.0030   -0.0704   +0.0940   +0.8998     NO
   B   12   10000  0.900   1  0.45 weightedtau_rankTrue      200   200   +0.2116   0.0366   0.0026   +0.1424   +0.2824   +0.8998     NO
   B   12   10000  0.900   1  0.55 kendalltau                200   200   +0.0257   0.0063   0.0004   +0.0131   +0.0377   +0.8999     NO
   B   12   10000  0.900   1  0.55 weightedtau_rankFalse     200   200   +0.0241   0.0430   0.0030   -0.0638   +0.1079   +0.8999     NO
   B   12   10000  0.900   1  0.55 weightedtau_rankTrue      200   200   +0.1987   0.0322   0.0023   +0.1427   +0.2591   +0.8999     NO
   B   12   10000  0.900   1  0.63 kendalltau                200   200   +0.0282   0.0056   0.0004   +0.0166   +0.0387   +0.9000     NO
   B   12   10000  0.900   1  0.63 weightedtau_rankFalse     200   200   +0.0293   0.0400   0.0028   -0.0520   +0.1035   +0.9000     NO
   B   12   10000  0.900   1  0.63 weightedtau_rankTrue      200   200   +0.1872   0.0336   0.0024   +0.1325   +0.2571   +0.9000     NO
   B   12   10000  0.900   0  0.45 kendalltau                200   200   +0.0220   0.0063   0.0004   +0.0093   +0.0340   +0.8998     NO
   B   12   10000  0.900   0  0.45 weightedtau_rankFalse     200   200   +0.0197   0.0480   0.0034   -0.0861   +0.1050   +0.8998     NO
   B   12   10000  0.900   0  0.45 weightedtau_rankTrue      200   200   +0.2149   0.0384   0.0027   +0.1503   +0.2912   +0.8998     NO
   B   12   10000  0.900   0  0.55 kendalltau                200   200   +0.0270   0.0057   0.0004   +0.0159   +0.0377   +0.8999     NO
   B   12   10000  0.900   0  0.55 weightedtau_rankFalse     200   200   +0.0266   0.0444   0.0031   -0.0674   +0.1029   +0.8999     NO
   B   12   10000  0.900   0  0.55 weightedtau_rankTrue      200   200   +0.2009   0.0328   0.0023   +0.1490   +0.2662   +0.8999     NO
   B   12   10000  0.900   0  0.63 kendalltau                200   200   +0.0280   0.0051   0.0004   +0.0185   +0.0379   +0.8999     NO
   B   12   10000  0.900   0  0.63 weightedtau_rankFalse     200   200   +0.0280   0.0432   0.0031   -0.0618   +0.1013   +0.8999     NO
   B   12   10000  0.900   0  0.63 weightedtau_rankTrue      200   200   +0.1854   0.0337   0.0024   +0.1275   +0.2512   +0.8999     NO
   B   12   10000  0.930   1  0.45 kendalltau                200   200   +0.0206   0.0067   0.0005   +0.0076   +0.0336   +0.9299     NO
   B   12   10000  0.930   1  0.45 weightedtau_rankFalse     200   200   +0.0205   0.0443   0.0031   -0.0720   +0.1036   +0.9299     NO
   B   12   10000  0.930   1  0.45 weightedtau_rankTrue      200   200   +0.2217   0.0349   0.0025   +0.1566   +0.2904   +0.9299     NO
   B   12   10000  0.930   1  0.55 kendalltau                200   200   +0.0238   0.0054   0.0004   +0.0139   +0.0344   +0.9302     NO
   B   12   10000  0.930   1  0.55 weightedtau_rankFalse     200   200   +0.0260   0.0429   0.0030   -0.0620   +0.0945   +0.9302     NO
   B   12   10000  0.930   1  0.55 weightedtau_rankTrue      200   200   +0.2092   0.0346   0.0024   +0.1490   +0.2761   +0.9302     NO
   B   12   10000  0.930   1  0.63 kendalltau                200   200   +0.0259   0.0057   0.0004   +0.0154   +0.0379   +0.9302     NO
   B   12   10000  0.930   1  0.63 weightedtau_rankFalse     200   200   +0.0251   0.0389   0.0027   -0.0603   +0.0987   +0.9302     NO
   B   12   10000  0.930   1  0.63 weightedtau_rankTrue      200   200   +0.1983   0.0314   0.0022   +0.1428   +0.2575   +0.9302     NO
   B   12   10000  0.930   0  0.45 kendalltau                200   200   +0.0199   0.0057   0.0004   +0.0069   +0.0306   +0.9297     NO
   B   12   10000  0.930   0  0.45 weightedtau_rankFalse     200   200   +0.0238   0.0465   0.0033   -0.0621   +0.1086   +0.9297     NO
   B   12   10000  0.930   0  0.45 weightedtau_rankTrue      200   200   +0.2225   0.0377   0.0027   +0.1639   +0.3017   +0.9297     NO
   B   12   10000  0.930   0  0.55 kendalltau                200   200   +0.0236   0.0062   0.0004   +0.0108   +0.0357   +0.9298     NO
   B   12   10000  0.930   0  0.55 weightedtau_rankFalse     200   200   +0.0238   0.0400   0.0028   -0.0588   +0.0919   +0.9298     NO
   B   12   10000  0.930   0  0.55 weightedtau_rankTrue      200   200   +0.2135   0.0361   0.0026   +0.1427   +0.2842   +0.9298     NO
   B   12   10000  0.930   0  0.63 kendalltau                200   200   +0.0262   0.0059   0.0004   +0.0157   +0.0372   +0.9300     NO
   B   12   10000  0.930   0  0.63 weightedtau_rankFalse     200   200   +0.0259   0.0434   0.0031   -0.0625   +0.1021   +0.9300     NO
   B   12   10000  0.930   0  0.63 weightedtau_rankTrue      200   200   +0.1985   0.0315   0.0022   +0.1419   +0.2634   +0.9300     NO
   B   12   10000  0.998   1  0.45 kendalltau                200   200   +0.0046   0.0068   0.0005   -0.0078   +0.0178   +0.9980     NO
   B   12   10000  0.998   1  0.45 weightedtau_rankFalse     200   200   +0.0055   0.0466   0.0033   -0.0797   +0.1026   +0.9980    yes
   B   12   10000  0.998   1  0.45 weightedtau_rankTrue      200   200   +0.2502   0.0365   0.0026   +0.1849   +0.3176   +0.9980     NO
   B   12   10000  0.998   1  0.55 kendalltau                200   200   +0.0059   0.0056   0.0004   -0.0046   +0.0175   +0.9980     NO
   B   12   10000  0.998   1  0.55 weightedtau_rankFalse     200   200   +0.0042   0.0447   0.0032   -0.0805   +0.0907   +0.9980    yes
   B   12   10000  0.998   1  0.55 weightedtau_rankTrue      200   200   +0.2458   0.0354   0.0025   +0.1731   +0.3091   +0.9980     NO
   B   12   10000  0.998   1  0.63 kendalltau                200   200   +0.0067   0.0060   0.0004   -0.0045   +0.0166   +0.9980     NO
   B   12   10000  0.998   1  0.63 weightedtau_rankFalse     200   200   +0.0122   0.0401   0.0028   -0.0635   +0.0848   +0.9980     NO
   B   12   10000  0.998   1  0.63 weightedtau_rankTrue      200   200   +0.2397   0.0361   0.0025   +0.1666   +0.3074   +0.9980     NO
   B   12   10000  0.998   0  0.45 kendalltau                200   200   +0.0049   0.0064   0.0005   -0.0069   +0.0171   +0.9980     NO
   B   12   10000  0.998   0  0.45 weightedtau_rankFalse     200   200   +0.0075   0.0444   0.0031   -0.0836   +0.0997   +0.9980     NO
   B   12   10000  0.998   0  0.45 weightedtau_rankTrue      200   200   +0.2472   0.0412   0.0029   +0.1730   +0.3293   +0.9980     NO
   B   12   10000  0.998   0  0.55 kendalltau                200   200   +0.0059   0.0061   0.0004   -0.0049   +0.0183   +0.9980     NO
   B   12   10000  0.998   0  0.55 weightedtau_rankFalse     200   200   +0.0102   0.0396   0.0028   -0.0806   +0.0806   +0.9980     NO
   B   12   10000  0.998   0  0.55 weightedtau_rankTrue      200   200   +0.2452   0.0361   0.0026   +0.1765   +0.3089   +0.9980     NO
   B   12   10000  0.998   0  0.63 kendalltau                200   200   +0.0060   0.0055   0.0004   -0.0043   +0.0167   +0.9980     NO
   B   12   10000  0.998   0  0.63 weightedtau_rankFalse     200   200   +0.0052   0.0362   0.0026   -0.0735   +0.0730   +0.9980     NO
   B   12   10000  0.998   0  0.63 weightedtau_rankTrue      200   200   +0.2389   0.0348   0.0025   +0.1712   +0.3171   +0.9980     NO
   B   12   10000  1.000   1  0.45 kendalltau                200   200   +0.1815   0.2343   0.0166   -0.3372   +0.3443   +1.0000     NO
   B   12   10000  1.000   1  0.45 weightedtau_rankFalse     200   200   +0.1841   0.2378   0.0168   -0.3654   +0.4095   +1.0000     NO
   B   12   10000  1.000   1  0.45 weightedtau_rankTrue      200   200   +0.4379   0.3547   0.0251   -0.1903   +0.7245   +1.0000     NO
   B   12   10000  1.000   1  0.55 kendalltau                200   200   +0.2169   0.2995   0.0212   -0.4156   +0.4267   +1.0000     NO
   B   12   10000  1.000   1  0.55 weightedtau_rankFalse     200   200   +0.2165   0.2995   0.0212   -0.4485   +0.4864   +1.0000     NO
   B   12   10000  1.000   1  0.55 weightedtau_rankTrue      200   200   +0.4355   0.4116   0.0291   -0.2938   +0.7621   +1.0000     NO
   B   12   10000  1.000   1  0.63 kendalltau                200   200   +0.2085   0.3729   0.0264   -0.4824   +0.4911   +1.0000     NO
   B   12   10000  1.000   1  0.63 weightedtau_rankFalse     200   200   +0.2104   0.3744   0.0265   -0.5140   +0.5450   +1.0000     NO
   B   12   10000  1.000   1  0.63 weightedtau_rankTrue      200   200   +0.3846   0.4771   0.0337   -0.3922   +0.7905   +1.0000     NO
   B   12   10000  1.000   0  0.45 kendalltau                200   200   +0.1529   0.2578   0.0182   -0.3413   +0.3452   +1.0000     NO
   B   12   10000  1.000   0  0.45 weightedtau_rankFalse     200   200   +0.1546   0.2682   0.0190   -0.3894   +0.4119   +1.0000     NO
   B   12   10000  1.000   0  0.45 weightedtau_rankTrue      200   200   +0.4056   0.3710   0.0262   -0.1956   +0.7247   +1.0000     NO
   B   12   10000  1.000   0  0.55 kendalltau                200   199   +0.1833   0.3157   0.0224   -0.4199   +0.4241   +1.0000     NO
   B   12   10000  1.000   0  0.55 weightedtau_rankFalse     200   199   +0.1801   0.3173   0.0225   -0.4478   +0.4807   +1.0000     NO
   B   12   10000  1.000   0  0.55 weightedtau_rankTrue      200   199   +0.3881   0.4280   0.0303   -0.3009   +0.7619   +1.0000     NO
   B   12   10000  1.000   0  0.63 kendalltau                200   200   +0.2571   0.3434   0.0243   -0.4826   +0.4959   +1.0000     NO
   B   12   10000  1.000   0  0.63 weightedtau_rankFalse     200   200   +0.2611   0.3504   0.0248   -0.5097   +0.5486   +1.0000     NO
   B   12   10000  1.000   0  0.63 weightedtau_rankTrue      200   200   +0.4422   0.4480   0.0317   -0.3946   +0.7929   +1.0000     NO
   B   12   39505  0.000   1  0.45 kendalltau                200   200   +0.0022   0.0023   0.0002   -0.0014   +0.0071   +0.0004     NO
   B   12   39505  0.000   1  0.45 weightedtau_rankFalse     200   200   +0.0033   0.0367   0.0026   -0.0656   +0.0826   +0.0004    yes
   B   12   39505  0.000   1  0.45 weightedtau_rankTrue      200   200   +0.2682   0.0680   0.0048   +0.1633   +0.3914   +0.0004     NO
   B   12   39505  0.000   1  0.55 kendalltau                200   200   +0.0018   0.0021   0.0001   -0.0019   +0.0066   +0.0004     NO
   B   12   39505  0.000   1  0.55 weightedtau_rankFalse     200   200   -0.0011   0.0393   0.0028   -0.0809   +0.0755   +0.0004    yes
   B   12   39505  0.000   1  0.55 weightedtau_rankTrue      200   200   +0.2524   0.0761   0.0054   +0.1589   +0.4052   +0.0004     NO
   B   12   39505  0.000   1  0.63 kendalltau                200   200   +0.0018   0.0022   0.0002   -0.0024   +0.0060   -0.0004     NO
   B   12   39505  0.000   1  0.63 weightedtau_rankFalse     200   200   +0.0008   0.0404   0.0029   -0.0803   +0.0677   -0.0004    yes
   B   12   39505  0.000   1  0.63 weightedtau_rankTrue      200   200   +0.2437   0.0808   0.0057   +0.1382   +0.4069   -0.0004     NO
   B   12   39505  0.000   0  0.45 kendalltau                200   200   -0.0000   0.0032   0.0002   -0.0059   +0.0063   -0.0003    yes
   B   12   39505  0.000   0  0.45 weightedtau_rankFalse     200   200   -0.0015   0.0387   0.0027   -0.0815   +0.0762   -0.0003    yes
   B   12   39505  0.000   0  0.45 weightedtau_rankTrue      200   200   +0.2935   0.0678   0.0048   +0.1773   +0.3982   -0.0003     NO
   B   12   39505  0.000   0  0.55 kendalltau                200   200   -0.0002   0.0030   0.0002   -0.0053   +0.0055   +0.0005    yes
   B   12   39505  0.000   0  0.55 weightedtau_rankFalse     200   200   -0.0012   0.0394   0.0028   -0.0700   +0.0775   +0.0005    yes
   B   12   39505  0.000   0  0.55 weightedtau_rankTrue      200   200   +0.2851   0.0827   0.0058   +0.1619   +0.4159   +0.0005     NO
   B   12   39505  0.000   0  0.63 kendalltau                200   200   +0.0001   0.0024   0.0002   -0.0051   +0.0049   +0.0002    yes
   B   12   39505  0.000   0  0.63 weightedtau_rankFalse     200   200   -0.0008   0.0412   0.0029   -0.0848   +0.0715   +0.0002    yes
   B   12   39505  0.000   0  0.63 weightedtau_rankTrue      200   200   +0.2830   0.0934   0.0066   +0.1488   +0.4284   +0.0002     NO
   B   12   39505  0.500   1  0.45 kendalltau                200   200   +0.0154   0.0033   0.0002   +0.0092   +0.0220   +0.5003     NO
   B   12   39505  0.500   1  0.45 weightedtau_rankFalse     200   200   +0.0143   0.0404   0.0029   -0.0625   +0.0998   +0.5003     NO
   B   12   39505  0.500   1  0.45 weightedtau_rankTrue      200   200   +0.1661   0.0280   0.0020   +0.1202   +0.2238   +0.5003     NO
   B   12   39505  0.500   1  0.55 kendalltau                200   200   +0.0178   0.0029   0.0002   +0.0123   +0.0232   +0.4995     NO
   B   12   39505  0.500   1  0.55 weightedtau_rankFalse     200   200   +0.0160   0.0404   0.0029   -0.0621   +0.0902   +0.4995     NO
   B   12   39505  0.500   1  0.55 weightedtau_rankTrue      200   200   +0.1345   0.0248   0.0018   +0.0956   +0.1856   +0.4995     NO
   B   12   39505  0.500   1  0.63 kendalltau                200   200   +0.0195   0.0028   0.0002   +0.0139   +0.0247   +0.4997     NO
   B   12   39505  0.500   1  0.63 weightedtau_rankFalse     200   200   +0.0216   0.0389   0.0028   -0.0576   +0.0839   +0.4997     NO
   B   12   39505  0.500   1  0.63 weightedtau_rankTrue      200   200   +0.1130   0.0228   0.0016   +0.0774   +0.1627   +0.4997     NO
   B   12   39505  0.500   0  0.45 kendalltau                200   200   +0.0150   0.0030   0.0002   +0.0090   +0.0203   +0.4999     NO
   B   12   39505  0.500   0  0.45 weightedtau_rankFalse     200   200   +0.0187   0.0406   0.0029   -0.0584   +0.0934   +0.4999     NO
   B   12   39505  0.500   0  0.45 weightedtau_rankTrue      200   200   +0.1669   0.0268   0.0019   +0.1232   +0.2208   +0.4999     NO
   B   12   39505  0.500   0  0.55 kendalltau                200   200   +0.0179   0.0030   0.0002   +0.0127   +0.0243   +0.4999     NO
   B   12   39505  0.500   0  0.55 weightedtau_rankFalse     200   200   +0.0204   0.0372   0.0026   -0.0494   +0.0890   +0.4999     NO
   B   12   39505  0.500   0  0.55 weightedtau_rankTrue      200   200   +0.1372   0.0257   0.0018   +0.0950   +0.1921   +0.4999     NO
   B   12   39505  0.500   0  0.63 kendalltau                200   200   +0.0196   0.0026   0.0002   +0.0148   +0.0249   +0.5003     NO
   B   12   39505  0.500   0  0.63 weightedtau_rankFalse     200   200   +0.0190   0.0417   0.0029   -0.0747   +0.0916   +0.5003     NO
   B   12   39505  0.500   0  0.63 weightedtau_rankTrue      200   200   +0.1114   0.0216   0.0015   +0.0754   +0.1583   +0.5003     NO
   B   12   39505  0.900   1  0.45 kendalltau                200   200   +0.0222   0.0031   0.0002   +0.0159   +0.0278   +0.9000     NO
   B   12   39505  0.900   1  0.45 weightedtau_rankFalse     200   200   +0.0237   0.0369   0.0026   -0.0437   +0.0924   +0.9000     NO
   B   12   39505  0.900   1  0.45 weightedtau_rankTrue      200   200   +0.2323   0.0310   0.0022   +0.1746   +0.2959   +0.9000     NO
   B   12   39505  0.900   1  0.55 kendalltau                200   200   +0.0259   0.0030   0.0002   +0.0194   +0.0313   +0.8998     NO
   B   12   39505  0.900   1  0.55 weightedtau_rankFalse     200   200   +0.0304   0.0347   0.0025   -0.0368   +0.1038   +0.8998     NO
   B   12   39505  0.900   1  0.55 weightedtau_rankTrue      200   200   +0.2162   0.0306   0.0022   +0.1647   +0.2734   +0.8998     NO
   B   12   39505  0.900   1  0.63 kendalltau                200   200   +0.0278   0.0027   0.0002   +0.0227   +0.0325   +0.9000     NO
   B   12   39505  0.900   1  0.63 weightedtau_rankFalse     200   200   +0.0234   0.0352   0.0025   -0.0540   +0.0830   +0.9000     NO
   B   12   39505  0.900   1  0.63 weightedtau_rankTrue      200   200   +0.2000   0.0291   0.0021   +0.1534   +0.2643   +0.9000     NO
   B   12   39505  0.900   0  0.45 kendalltau                200   200   +0.0219   0.0034   0.0002   +0.0155   +0.0281   +0.9000     NO
   B   12   39505  0.900   0  0.45 weightedtau_rankFalse     200   200   +0.0167   0.0384   0.0027   -0.0551   +0.0906   +0.9000     NO
   B   12   39505  0.900   0  0.45 weightedtau_rankTrue      200   200   +0.2362   0.0319   0.0023   +0.1810   +0.2934   +0.9000     NO
   B   12   39505  0.900   0  0.55 kendalltau                200   200   +0.0258   0.0031   0.0002   +0.0198   +0.0312   +0.9000     NO
   B   12   39505  0.900   0  0.55 weightedtau_rankFalse     200   200   +0.0251   0.0418   0.0030   -0.0682   +0.0968   +0.9000     NO
   B   12   39505  0.900   0  0.55 weightedtau_rankTrue      200   200   +0.2176   0.0301   0.0021   +0.1612   +0.2811   +0.9000     NO
   B   12   39505  0.900   0  0.63 kendalltau                200   200   +0.0283   0.0029   0.0002   +0.0227   +0.0342   +0.8999     NO
   B   12   39505  0.900   0  0.63 weightedtau_rankFalse     200   200   +0.0301   0.0359   0.0025   -0.0488   +0.0831   +0.8999     NO
   B   12   39505  0.900   0  0.63 weightedtau_rankTrue      200   200   +0.2036   0.0282   0.0020   +0.1547   +0.2560   +0.8999     NO
   B   12   39505  0.930   1  0.45 kendalltau                200   200   +0.0204   0.0029   0.0002   +0.0148   +0.0257   +0.9299     NO
   B   12   39505  0.930   1  0.45 weightedtau_rankFalse     200   200   +0.0215   0.0410   0.0029   -0.0549   +0.1001   +0.9299     NO
   B   12   39505  0.930   1  0.45 weightedtau_rankTrue      200   200   +0.2408   0.0289   0.0020   +0.1836   +0.2971   +0.9299     NO
   B   12   39505  0.930   1  0.55 kendalltau                200   200   +0.0239   0.0028   0.0002   +0.0183   +0.0290   +0.9299     NO
   B   12   39505  0.930   1  0.55 weightedtau_rankFalse     200   200   +0.0290   0.0393   0.0028   -0.0518   +0.1075   +0.9299     NO
   B   12   39505  0.930   1  0.55 weightedtau_rankTrue      200   200   +0.2294   0.0323   0.0023   +0.1766   +0.2947   +0.9299     NO
   B   12   39505  0.930   1  0.63 kendalltau                200   200   +0.0258   0.0029   0.0002   +0.0200   +0.0311   +0.9301     NO
   B   12   39505  0.930   1  0.63 weightedtau_rankFalse     200   200   +0.0339   0.0395   0.0028   -0.0487   +0.1053   +0.9301     NO
   B   12   39505  0.930   1  0.63 weightedtau_rankTrue      200   200   +0.2147   0.0294   0.0021   +0.1580   +0.2704   +0.9301     NO
   B   12   39505  0.930   0  0.45 kendalltau                200   200   +0.0204   0.0033   0.0002   +0.0145   +0.0264   +0.9300     NO
   B   12   39505  0.930   0  0.45 weightedtau_rankFalse     200   200   +0.0172   0.0383   0.0027   -0.0659   +0.0796   +0.9300     NO
   B   12   39505  0.930   0  0.45 weightedtau_rankTrue      200   200   +0.2424   0.0317   0.0022   +0.1874   +0.3107   +0.9300     NO
   B   12   39505  0.930   0  0.55 kendalltau                200   200   +0.0237   0.0030   0.0002   +0.0179   +0.0293   +0.9300     NO
   B   12   39505  0.930   0  0.55 weightedtau_rankFalse     200   200   +0.0233   0.0383   0.0027   -0.0578   +0.0952   +0.9300     NO
   B   12   39505  0.930   0  0.55 weightedtau_rankTrue      200   200   +0.2311   0.0290   0.0020   +0.1853   +0.2907   +0.9300     NO
   B   12   39505  0.930   0  0.63 kendalltau                200   200   +0.0260   0.0030   0.0002   +0.0208   +0.0326   +0.9299     NO
   B   12   39505  0.930   0  0.63 weightedtau_rankFalse     200   200   +0.0276   0.0384   0.0027   -0.0456   +0.0955   +0.9299     NO
   B   12   39505  0.930   0  0.63 weightedtau_rankTrue      200   200   +0.2100   0.0276   0.0020   +0.1531   +0.2632   +0.9299     NO
   B   12   39505  0.998   1  0.45 kendalltau                200   200   +0.0049   0.0031   0.0002   -0.0011   +0.0106   +0.9980     NO
   B   12   39505  0.998   1  0.45 weightedtau_rankFalse     200   200   +0.0032   0.0389   0.0028   -0.0823   +0.0698   +0.9980    yes
   B   12   39505  0.998   1  0.45 weightedtau_rankTrue      200   200   +0.2783   0.0335   0.0024   +0.2151   +0.3432   +0.9980     NO
   B   12   39505  0.998   1  0.55 kendalltau                200   200   +0.0055   0.0030   0.0002   -0.0006   +0.0111   +0.9980     NO
   B   12   39505  0.998   1  0.55 weightedtau_rankFalse     200   200   +0.0036   0.0366   0.0026   -0.0710   +0.0781   +0.9980    yes
   B   12   39505  0.998   1  0.55 weightedtau_rankTrue      200   200   +0.2703   0.0306   0.0022   +0.2164   +0.3274   +0.9980     NO
   B   12   39505  0.998   1  0.63 kendalltau                200   200   +0.0059   0.0030   0.0002   +0.0001   +0.0115   +0.9980     NO
   B   12   39505  0.998   1  0.63 weightedtau_rankFalse     200   200   +0.0031   0.0360   0.0025   -0.0744   +0.0652   +0.9980    yes
   B   12   39505  0.998   1  0.63 weightedtau_rankTrue      200   200   +0.2670   0.0313   0.0022   +0.2069   +0.3296   +0.9980     NO
   B   12   39505  0.998   0  0.45 kendalltau                200   200   +0.0047   0.0035   0.0002   -0.0024   +0.0104   +0.9980     NO
   B   12   39505  0.998   0  0.45 weightedtau_rankFalse     200   200   +0.0053   0.0385   0.0027   -0.0748   +0.0779   +0.9980    yes
   B   12   39505  0.998   0  0.45 weightedtau_rankTrue      200   200   +0.2777   0.0328   0.0023   +0.2177   +0.3388   +0.9980     NO
   B   12   39505  0.998   0  0.55 kendalltau                200   200   +0.0055   0.0031   0.0002   -0.0008   +0.0120   +0.9980     NO
   B   12   39505  0.998   0  0.55 weightedtau_rankFalse     200   200   +0.0021   0.0364   0.0026   -0.0751   +0.0713   +0.9980    yes
   B   12   39505  0.998   0  0.55 weightedtau_rankTrue      200   200   +0.2724   0.0313   0.0022   +0.2134   +0.3348   +0.9980     NO
   B   12   39505  0.998   0  0.63 kendalltau                200   200   +0.0059   0.0026   0.0002   +0.0013   +0.0111   +0.9980     NO
   B   12   39505  0.998   0  0.63 weightedtau_rankFalse     200   200   +0.0091   0.0371   0.0026   -0.0619   +0.0838   +0.9980     NO
   B   12   39505  0.998   0  0.63 weightedtau_rankTrue      200   200   +0.2665   0.0295   0.0021   +0.2139   +0.3215   +0.9980     NO
   B   12   39505  1.000   1  0.45 kendalltau                200   200   -0.2352   0.2057   0.0145   -0.3387   +0.3332   +1.0000     NO
   B   12   39505  1.000   1  0.45 weightedtau_rankFalse     200   200   -0.2342   0.2104   0.0149   -0.3927   +0.3585   +1.0000     NO
   B   12   39505  1.000   1  0.45 weightedtau_rankTrue      200   200   -0.0332   0.2550   0.0180   -0.1751   +0.7089   +1.0000    yes
   B   12   39505  1.000   1  0.55 kendalltau                200   200   -0.2856   0.2699   0.0191   -0.4167   +0.4133   +1.0000     NO
   B   12   39505  1.000   1  0.55 weightedtau_rankFalse     200   200   -0.2841   0.2706   0.0191   -0.4690   +0.4380   +1.0000     NO
   B   12   39505  1.000   1  0.55 weightedtau_rankTrue      200   200   -0.1168   0.3098   0.0219   -0.2735   +0.7404   +1.0000     NO
   B   12   39505  1.000   1  0.63 kendalltau                200   200   -0.3158   0.3312   0.0234   -0.4833   +0.4803   +1.0000     NO
   B   12   39505  1.000   1  0.63 weightedtau_rankFalse     200   200   -0.3162   0.3351   0.0237   -0.5362   +0.5168   +1.0000     NO
   B   12   39505  1.000   1  0.63 weightedtau_rankTrue      200   200   -0.1686   0.3746   0.0265   -0.3646   +0.8002   +1.0000     NO
   B   12   39505  1.000   0  0.45 kendalltau                200   200   -0.2304   0.2169   0.0153   -0.3390   +0.3377   +1.0000     NO
   B   12   39505  1.000   0  0.45 weightedtau_rankFalse     200   200   -0.2292   0.2206   0.0156   -0.3913   +0.3679   +1.0000     NO
   B   12   39505  1.000   0  0.45 weightedtau_rankTrue      200   200   -0.0158   0.2782   0.0197   -0.1758   +0.7111   +1.0000    yes
   B   12   39505  1.000   0  0.55 kendalltau                200   200   -0.3128   0.2389   0.0169   -0.4170   +0.4134   +1.0000     NO
   B   12   39505  1.000   0  0.55 weightedtau_rankFalse     200   200   -0.3122   0.2431   0.0172   -0.4709   +0.4470   +1.0000     NO
   B   12   39505  1.000   0  0.55 weightedtau_rankTrue      200   200   -0.1463   0.2746   0.0194   -0.2750   +0.7436   +1.0000     NO
   B   12   39505  1.000   0  0.63 kendalltau                200   200   -0.3146   0.3148   0.0223   -0.4842   +0.4809   +1.0000     NO
   B   12   39505  1.000   0  0.63 weightedtau_rankFalse     200   200   -0.3160   0.3191   0.0226   -0.5289   +0.5025   +1.0000     NO
   B   12   39505  1.000   0  0.63 weightedtau_rankTrue      200   200   -0.1762   0.3428   0.0242   -0.3617   +0.7290   +1.0000     NO
   B   12  127607  0.000   1  0.45 kendalltau                200   200   +0.0012   0.0012   0.0001   -0.0010   +0.0035   +0.0001     NO
   B   12  127607  0.000   1  0.45 weightedtau_rankFalse     200   200   +0.0000   0.0350   0.0025   -0.0679   +0.0690   +0.0001    yes
   B   12  127607  0.000   1  0.45 weightedtau_rankTrue      200   200   +0.2841   0.0720   0.0051   +0.1854   +0.4248   +0.0001     NO
   B   12  127607  0.000   1  0.55 kendalltau                200   200   +0.0011   0.0013   0.0001   -0.0014   +0.0038   +0.0000     NO
   B   12  127607  0.000   1  0.55 weightedtau_rankFalse     200   200   -0.0005   0.0372   0.0026   -0.0737   +0.0768   +0.0000    yes
   B   12  127607  0.000   1  0.55 weightedtau_rankTrue      200   200   +0.2744   0.0829   0.0059   +0.1737   +0.4277   +0.0000     NO
   B   12  127607  0.000   1  0.63 kendalltau                200   200   +0.0010   0.0012   0.0001   -0.0010   +0.0035   -0.0001     NO
   B   12  127607  0.000   1  0.63 weightedtau_rankFalse     200   200   -0.0004   0.0365   0.0026   -0.0697   +0.0706   -0.0001    yes
   B   12  127607  0.000   1  0.63 weightedtau_rankTrue      200   200   +0.2617   0.0881   0.0062   +0.1613   +0.4376   -0.0001     NO
   B   12  127607  0.000   0  0.45 kendalltau                200   200   +0.0000   0.0018   0.0001   -0.0037   +0.0035   +0.0006    yes
   B   12  127607  0.000   0  0.45 weightedtau_rankFalse     200   200   -0.0021   0.0364   0.0026   -0.0684   +0.0739   +0.0006    yes
   B   12  127607  0.000   0  0.45 weightedtau_rankTrue      200   200   +0.2924   0.0717   0.0051   +0.1956   +0.4141   +0.0006     NO
   B   12  127607  0.000   0  0.55 kendalltau                200   200   -0.0001   0.0016   0.0001   -0.0031   +0.0029   +0.0000    yes
   B   12  127607  0.000   0  0.55 weightedtau_rankFalse     200   200   +0.0020   0.0362   0.0026   -0.0664   +0.0624   +0.0000    yes
   B   12  127607  0.000   0  0.55 weightedtau_rankTrue      200   200   +0.3100   0.0840   0.0059   +0.1755   +0.4320   +0.0000     NO
   B   12  127607  0.000   0  0.63 kendalltau                200   200   -0.0000   0.0017   0.0001   -0.0031   +0.0032   -0.0001    yes
   B   12  127607  0.000   0  0.63 weightedtau_rankFalse     200   200   +0.0001   0.0389   0.0028   -0.0781   +0.0791   -0.0001    yes
   B   12  127607  0.000   0  0.63 weightedtau_rankTrue      200   200   +0.3090   0.0963   0.0068   +0.1749   +0.4426   -0.0001     NO
   B   12  127607  0.500   1  0.45 kendalltau                200   200   +0.0156   0.0017   0.0001   +0.0125   +0.0189   +0.5000     NO
   B   12  127607  0.500   1  0.45 weightedtau_rankFalse     200   200   +0.0116   0.0336   0.0024   -0.0554   +0.0754   +0.5000     NO
   B   12  127607  0.500   1  0.45 weightedtau_rankTrue      200   200   +0.1718   0.0247   0.0017   +0.1296   +0.2300   +0.5000     NO
   B   12  127607  0.500   1  0.55 kendalltau                200   200   +0.0179   0.0017   0.0001   +0.0147   +0.0208   +0.5003     NO
   B   12  127607  0.500   1  0.55 weightedtau_rankFalse     200   200   +0.0229   0.0362   0.0026   -0.0465   +0.0845   +0.5003     NO
   B   12  127607  0.500   1  0.55 weightedtau_rankTrue      200   200   +0.1414   0.0230   0.0016   +0.1078   +0.1972   +0.5003     NO
   B   12  127607  0.500   1  0.63 kendalltau                200   200   +0.0197   0.0017   0.0001   +0.0162   +0.0228   +0.5000     NO
   B   12  127607  0.500   1  0.63 weightedtau_rankFalse     200   200   +0.0143   0.0389   0.0028   -0.0658   +0.0861   +0.5000     NO
   B   12  127607  0.500   1  0.63 weightedtau_rankTrue      200   200   +0.1143   0.0182   0.0013   +0.0864   +0.1552   +0.5000     NO
   B   12  127607  0.500   0  0.45 kendalltau                200   200   +0.0156   0.0019   0.0001   +0.0119   +0.0194   +0.5000     NO
   B   12  127607  0.500   0  0.45 weightedtau_rankFalse     200   200   +0.0185   0.0365   0.0026   -0.0540   +0.0899   +0.5000     NO
   B   12  127607  0.500   0  0.45 weightedtau_rankTrue      200   200   +0.1707   0.0241   0.0017   +0.1360   +0.2199   +0.5000     NO
   B   12  127607  0.500   0  0.55 kendalltau                200   200   +0.0180   0.0016   0.0001   +0.0145   +0.0206   +0.4999     NO
   B   12  127607  0.500   0  0.55 weightedtau_rankFalse     200   200   +0.0176   0.0331   0.0023   -0.0613   +0.0797   +0.4999     NO
   B   12  127607  0.500   0  0.55 weightedtau_rankTrue      200   200   +0.1396   0.0224   0.0016   +0.1073   +0.1908   +0.4999     NO
   B   12  127607  0.500   0  0.63 kendalltau                200   200   +0.0193   0.0015   0.0001   +0.0165   +0.0220   +0.5000     NO
   B   12  127607  0.500   0  0.63 weightedtau_rankFalse     200   200   +0.0227   0.0358   0.0025   -0.0508   +0.0910   +0.5000     NO
   B   12  127607  0.500   0  0.63 weightedtau_rankTrue      200   200   +0.1141   0.0181   0.0013   +0.0874   +0.1496   +0.5000     NO
   B   12  127607  0.900   1  0.45 kendalltau                200   200   +0.0222   0.0019   0.0001   +0.0186   +0.0261   +0.9000     NO
   B   12  127607  0.900   1  0.45 weightedtau_rankFalse     200   200   +0.0184   0.0378   0.0027   -0.0529   +0.0913   +0.9000     NO
   B   12  127607  0.900   1  0.45 weightedtau_rankTrue      200   200   +0.2450   0.0296   0.0021   +0.1925   +0.3010   +0.9000     NO
   B   12  127607  0.900   1  0.55 kendalltau                200   200   +0.0257   0.0018   0.0001   +0.0222   +0.0291   +0.9000     NO
   B   12  127607  0.900   1  0.55 weightedtau_rankFalse     200   200   +0.0257   0.0338   0.0024   -0.0467   +0.0848   +0.9000     NO
   B   12  127607  0.900   1  0.55 weightedtau_rankTrue      200   200   +0.2284   0.0253   0.0018   +0.1829   +0.2816   +0.9000     NO
   B   12  127607  0.900   1  0.63 kendalltau                200   200   +0.0279   0.0015   0.0001   +0.0250   +0.0308   +0.9001     NO
   B   12  127607  0.900   1  0.63 weightedtau_rankFalse     200   200   +0.0289   0.0333   0.0024   -0.0381   +0.0894   +0.9001     NO
   B   12  127607  0.900   1  0.63 weightedtau_rankTrue      200   200   +0.2138   0.0246   0.0017   +0.1701   +0.2683   +0.9001     NO
   B   12  127607  0.900   0  0.45 kendalltau                200   200   +0.0222   0.0017   0.0001   +0.0192   +0.0251   +0.9000     NO
   B   12  127607  0.900   0  0.45 weightedtau_rankFalse     200   200   +0.0215   0.0350   0.0025   -0.0622   +0.0850   +0.9000     NO
   B   12  127607  0.900   0  0.45 weightedtau_rankTrue      200   200   +0.2424   0.0283   0.0020   +0.1934   +0.2993   +0.9000     NO
   B   12  127607  0.900   0  0.55 kendalltau                200   200   +0.0257   0.0017   0.0001   +0.0227   +0.0294   +0.9000     NO
   B   12  127607  0.900   0  0.55 weightedtau_rankFalse     200   200   +0.0269   0.0323   0.0023   -0.0352   +0.0893   +0.9000     NO
   B   12  127607  0.900   0  0.55 weightedtau_rankTrue      200   200   +0.2271   0.0267   0.0019   +0.1827   +0.2810   +0.9000     NO
   B   12  127607  0.900   0  0.63 kendalltau                200   200   +0.0280   0.0016   0.0001   +0.0254   +0.0313   +0.8999     NO
   B   12  127607  0.900   0  0.63 weightedtau_rankFalse     200   200   +0.0264   0.0309   0.0022   -0.0378   +0.0872   +0.8999     NO
   B   12  127607  0.900   0  0.63 weightedtau_rankTrue      200   200   +0.2135   0.0264   0.0019   +0.1651   +0.2666   +0.8999     NO
   B   12  127607  0.930   1  0.45 kendalltau                200   200   +0.0205   0.0016   0.0001   +0.0173   +0.0235   +0.9300     NO
   B   12  127607  0.930   1  0.45 weightedtau_rankFalse     200   200   +0.0189   0.0342   0.0024   -0.0527   +0.0811   +0.9300     NO
   B   12  127607  0.930   1  0.45 weightedtau_rankTrue      200   200   +0.2591   0.0287   0.0020   +0.2114   +0.3192   +0.9300     NO
   B   12  127607  0.930   1  0.55 kendalltau                200   200   +0.0238   0.0016   0.0001   +0.0211   +0.0271   +0.9300     NO
   B   12  127607  0.930   1  0.55 weightedtau_rankFalse     200   200   +0.0275   0.0360   0.0025   -0.0467   +0.0936   +0.9300     NO
   B   12  127607  0.930   1  0.55 weightedtau_rankTrue      200   200   +0.2435   0.0281   0.0020   +0.1990   +0.2996   +0.9300     NO
   B   12  127607  0.930   1  0.63 kendalltau                200   200   +0.0258   0.0015   0.0001   +0.0230   +0.0289   +0.9300     NO
   B   12  127607  0.930   1  0.63 weightedtau_rankFalse     200   200   +0.0213   0.0329   0.0023   -0.0469   +0.0816   +0.9300     NO
   B   12  127607  0.930   1  0.63 weightedtau_rankTrue      200   200   +0.2263   0.0255   0.0018   +0.1805   +0.2810   +0.9300     NO
   B   12  127607  0.930   0  0.45 kendalltau                200   200   +0.0203   0.0016   0.0001   +0.0175   +0.0239   +0.9300     NO
   B   12  127607  0.930   0  0.45 weightedtau_rankFalse     200   200   +0.0226   0.0302   0.0021   -0.0392   +0.0767   +0.9300     NO
   B   12  127607  0.930   0  0.45 weightedtau_rankTrue      200   200   +0.2549   0.0282   0.0020   +0.2079   +0.3154   +0.9300     NO
   B   12  127607  0.930   0  0.55 kendalltau                200   200   +0.0239   0.0017   0.0001   +0.0208   +0.0274   +0.9301     NO
   B   12  127607  0.930   0  0.55 weightedtau_rankFalse     200   200   +0.0215   0.0380   0.0027   -0.0561   +0.0925   +0.9301     NO
   B   12  127607  0.930   0  0.55 weightedtau_rankTrue      200   200   +0.2397   0.0272   0.0019   +0.1919   +0.2983   +0.9301     NO
   B   12  127607  0.930   0  0.63 kendalltau                200   200   +0.0261   0.0014   0.0001   +0.0234   +0.0287   +0.9300     NO
   B   12  127607  0.930   0  0.63 weightedtau_rankFalse     200   200   +0.0308   0.0324   0.0023   -0.0357   +0.0878   +0.9300     NO
   B   12  127607  0.930   0  0.63 weightedtau_rankTrue      200   200   +0.2253   0.0249   0.0018   +0.1834   +0.2770   +0.9300     NO
   B   12  127607  0.998   1  0.45 kendalltau                200   200   +0.0048   0.0017   0.0001   +0.0013   +0.0083   +0.9980     NO
   B   12  127607  0.998   1  0.45 weightedtau_rankFalse     200   200   +0.0057   0.0317   0.0022   -0.0481   +0.0703   +0.9980     NO
   B   12  127607  0.998   1  0.45 weightedtau_rankTrue      200   200   +0.2954   0.0295   0.0021   +0.2414   +0.3544   +0.9980     NO
   B   12  127607  0.998   1  0.55 kendalltau                200   200   +0.0055   0.0017   0.0001   +0.0023   +0.0091   +0.9980     NO
   B   12  127607  0.998   1  0.55 weightedtau_rankFalse     200   200   +0.0040   0.0344   0.0024   -0.0572   +0.0689   +0.9980    yes
   B   12  127607  0.998   1  0.55 weightedtau_rankTrue      200   200   +0.2927   0.0267   0.0019   +0.2412   +0.3399   +0.9980     NO
   B   12  127607  0.998   1  0.63 kendalltau                200   200   +0.0059   0.0016   0.0001   +0.0027   +0.0092   +0.9980     NO
   B   12  127607  0.998   1  0.63 weightedtau_rankFalse     200   200   +0.0058   0.0321   0.0023   -0.0671   +0.0664   +0.9980     NO
   B   12  127607  0.998   1  0.63 weightedtau_rankTrue      200   200   +0.2852   0.0260   0.0018   +0.2373   +0.3344   +0.9980     NO
   B   12  127607  0.998   0  0.45 kendalltau                200   200   +0.0049   0.0019   0.0001   +0.0018   +0.0084   +0.9980     NO
   B   12  127607  0.998   0  0.45 weightedtau_rankFalse     200   200   +0.0097   0.0313   0.0022   -0.0422   +0.0687   +0.9980     NO
   B   12  127607  0.998   0  0.45 weightedtau_rankTrue      200   200   +0.2965   0.0320   0.0023   +0.2331   +0.3500   +0.9980     NO
   B   12  127607  0.998   0  0.55 kendalltau                200   200   +0.0056   0.0015   0.0001   +0.0028   +0.0085   +0.9980     NO
   B   12  127607  0.998   0  0.55 weightedtau_rankFalse     200   200   +0.0047   0.0341   0.0024   -0.0645   +0.0629   +0.9980    yes
   B   12  127607  0.998   0  0.55 weightedtau_rankTrue      200   200   +0.2872   0.0284   0.0020   +0.2399   +0.3423   +0.9980     NO
   B   12  127607  0.998   0  0.63 kendalltau                200   200   +0.0059   0.0015   0.0001   +0.0028   +0.0090   +0.9980     NO
   B   12  127607  0.998   0  0.63 weightedtau_rankFalse     200   200   +0.0076   0.0309   0.0022   -0.0514   +0.0637   +0.9980     NO
   B   12  127607  0.998   0  0.63 weightedtau_rankTrue      200   200   +0.2840   0.0273   0.0019   +0.2370   +0.3377   +0.9980     NO
   B   12  127607  1.000   1  0.45 kendalltau                200   200   -0.0242   0.3198   0.0226   -0.3400   +0.3403   +1.0000    yes
   B   12  127607  1.000   1  0.45 weightedtau_rankFalse     200   200   -0.0249   0.3164   0.0224   -0.3763   +0.3715   +1.0000    yes
   B   12  127607  1.000   1  0.45 weightedtau_rankTrue      200   200   +0.2497   0.4267   0.0302   -0.1530   +0.7776   +1.0000     NO
   B   12  127607  1.000   1  0.55 kendalltau                200   200   -0.0315   0.3912   0.0277   -0.4203   +0.4200   +1.0000    yes
   B   12  127607  1.000   1  0.55 weightedtau_rankFalse     200   200   -0.0358   0.3939   0.0279   -0.4588   +0.4563   +1.0000    yes
   B   12  127607  1.000   1  0.55 weightedtau_rankTrue      200   200   +0.1983   0.4825   0.0341   -0.2425   +0.8097   +1.0000     NO
   B   12  127607  1.000   1  0.63 kendalltau                200   199   +0.0042   0.4502   0.0319   -0.4878   +0.4886   +1.0000    yes
   B   12  127607  1.000   1  0.63 weightedtau_rankFalse     200   199   +0.0037   0.4449   0.0315   -0.5101   +0.5130   +1.0000    yes
   B   12  127607  1.000   1  0.63 weightedtau_rankTrue      200   199   +0.2068   0.5403   0.0383   -0.3246   +0.8356   +1.0000     NO
   B   12  127607  1.000   0  0.45 kendalltau                200   200   -0.0509   0.3175   0.0225   -0.3388   +0.3390   +1.0000     NO
   B   12  127607  1.000   0  0.45 weightedtau_rankFalse     200   200   -0.0521   0.3198   0.0226   -0.3948   +0.3779   +1.0000     NO
   B   12  127607  1.000   0  0.45 weightedtau_rankTrue      200   200   +0.2218   0.4312   0.0305   -0.1514   +0.7778   +1.0000     NO
   B   12  127607  1.000   0  0.55 kendalltau                200   200   -0.0088   0.3971   0.0281   -0.4199   +0.4206   +1.0000    yes
   B   12  127607  1.000   0  0.55 weightedtau_rankFalse     200   200   -0.0088   0.3974   0.0281   -0.4590   +0.4582   +1.0000    yes
   B   12  127607  1.000   0  0.55 weightedtau_rankTrue      200   200   +0.2335   0.4930   0.0349   -0.2435   +0.8095   +1.0000     NO
   B   12  127607  1.000   0  0.63 kendalltau                200   200   -0.0197   0.4569   0.0323   -0.4886   +0.4880   +1.0000    yes
   B   12  127607  1.000   0  0.63 weightedtau_rankFalse     200   200   -0.0187   0.4567   0.0323   -0.5251   +0.5190   +1.0000    yes
   B   12  127607  1.000   0  0.63 weightedtau_rankTrue      200   200   +0.1946   0.5440   0.0385   -0.3263   +0.8350   +1.0000     NO
   B   50    3000  0.000   1  0.55 kendalltau                200   200   +0.0067   0.0086   0.0006   -0.0104   +0.0249   +0.0033     NO
   B   50    3000  0.000   1  0.55 weightedtau_rankFalse     200   200   +0.0118   0.0462   0.0033   -0.0866   +0.1077   +0.0033     NO
   B   50    3000  0.000   1  0.55 weightedtau_rankTrue      200   200   +0.1356   0.0704   0.0050   +0.0302   +0.2880   +0.0033     NO
   B   50    3000  0.000   0  0.55 kendalltau                200   200   -0.0004   0.0103   0.0007   -0.0181   +0.0190   -0.0019    yes
   B   50    3000  0.000   0  0.55 weightedtau_rankFalse     200   200   -0.0052   0.0535   0.0038   -0.1039   +0.0908   -0.0019    yes
   B   50    3000  0.000   0  0.55 weightedtau_rankTrue      200   200   +0.1732   0.0744   0.0053   +0.0404   +0.2938   -0.0019     NO
   B   50    3000  0.500   1  0.55 kendalltau                200   200   +0.0171   0.0107   0.0008   -0.0039   +0.0383   +0.5007     NO
   B   50    3000  0.500   1  0.55 weightedtau_rankFalse     200   200   +0.0177   0.0443   0.0031   -0.0788   +0.0975   +0.5007     NO
   B   50    3000  0.500   1  0.55 weightedtau_rankTrue      200   200   +0.0553   0.0402   0.0028   -0.0136   +0.1385   +0.5007     NO
   B   50    3000  0.500   0  0.55 kendalltau                200   200   +0.0180   0.0105   0.0007   -0.0011   +0.0356   +0.5010     NO
   B   50    3000  0.500   0  0.55 weightedtau_rankFalse     200   200   +0.0221   0.0483   0.0034   -0.0744   +0.1070   +0.5010     NO
   B   50    3000  0.500   0  0.55 weightedtau_rankTrue      200   200   +0.0543   0.0386   0.0027   -0.0137   +0.1320   +0.5010     NO
   B   50    3000  0.900   1  0.55 kendalltau                200   200   +0.0254   0.0108   0.0008   +0.0040   +0.0492   +0.9005     NO
   B   50    3000  0.900   1  0.55 weightedtau_rankFalse     200   200   +0.0241   0.0483   0.0034   -0.0710   +0.1146   +0.9005     NO
   B   50    3000  0.900   1  0.55 weightedtau_rankTrue      200   200   +0.1082   0.0434   0.0031   +0.0377   +0.1902   +0.9005     NO
   B   50    3000  0.900   0  0.55 kendalltau                200   200   +0.0250   0.0110   0.0008   +0.0065   +0.0471   +0.8998     NO
   B   50    3000  0.900   0  0.55 weightedtau_rankFalse     200   200   +0.0201   0.0454   0.0032   -0.0759   +0.1057   +0.8998     NO
   B   50    3000  0.900   0  0.55 weightedtau_rankTrue      200   200   +0.1107   0.0417   0.0029   +0.0286   +0.1936   +0.8998     NO
   B   50    3000  0.930   1  0.55 kendalltau                200   200   +0.0233   0.0105   0.0007   +0.0020   +0.0437   +0.9297     NO
   B   50    3000  0.930   1  0.55 weightedtau_rankFalse     200   200   +0.0240   0.0510   0.0036   -0.0725   +0.1199   +0.9297     NO
   B   50    3000  0.930   1  0.55 weightedtau_rankTrue      200   200   +0.1108   0.0428   0.0030   +0.0332   +0.1866   +0.9297     NO
   B   50    3000  0.930   0  0.55 kendalltau                200   200   +0.0235   0.0112   0.0008   +0.0008   +0.0424   +0.9299     NO
   B   50    3000  0.930   0  0.55 weightedtau_rankFalse     200   200   +0.0212   0.0523   0.0037   -0.0915   +0.1153   +0.9299     NO
   B   50    3000  0.930   0  0.55 weightedtau_rankTrue      200   200   +0.1130   0.0415   0.0029   +0.0366   +0.1950   +0.9299     NO
   B   50    3000  0.998   1  0.55 kendalltau                200   200   +0.0057   0.0099   0.0007   -0.0119   +0.0237   +0.9980     NO
   B   50    3000  0.998   1  0.55 weightedtau_rankFalse     200   200   +0.0070   0.0489   0.0035   -0.0949   +0.1136   +0.9980     NO
   B   50    3000  0.998   1  0.55 weightedtau_rankTrue      200   200   +0.1428   0.0429   0.0030   +0.0546   +0.2149   +0.9980     NO
   B   50    3000  0.998   0  0.55 kendalltau                200   200   +0.0053   0.0106   0.0007   -0.0142   +0.0274   +0.9980     NO
   B   50    3000  0.998   0  0.55 weightedtau_rankFalse     200   200   +0.0055   0.0451   0.0032   -0.0878   +0.0935   +0.9980    yes
   B   50    3000  0.998   0  0.55 weightedtau_rankTrue      200   200   +0.1387   0.0428   0.0030   +0.0640   +0.2262   +0.9980     NO
   B   50    3000  1.000   1  0.55 kendalltau                200   199   -0.0256   0.3583   0.0254   -0.4151   +0.4248   +1.0000    yes
   B   50    3000  1.000   1  0.55 weightedtau_rankFalse     200   199   -0.0296   0.3631   0.0257   -0.4706   +0.4798   +1.0000    yes
   B   50    3000  1.000   1  0.55 weightedtau_rankTrue      200   199   +0.0387   0.5138   0.0364   -0.5296   +0.7234   +1.0000    yes
   B   50    3000  1.000   0  0.55 kendalltau                200   200   +0.0027   0.3651   0.0258   -0.4090   +0.4231   +1.0000    yes
   B   50    3000  1.000   0  0.55 weightedtau_rankFalse     200   200   -0.0005   0.3618   0.0256   -0.4669   +0.4670   +1.0000    yes
   B   50    3000  1.000   0  0.55 weightedtau_rankTrue      200   200   +0.0736   0.5285   0.0374   -0.5638   +0.7185   +1.0000    yes

====================================================================================================
2. THE DELIVERABLE TABLE — every manuscript value against ITS OWN null
====================================================================================================

--- tau_b   [kendalltau] ---
  row                            atlas            n     rho  k     value  null mean  null 97.5%  null cell used                     verdict
  CytoTRACE_v1 | gene_count      zebrafish    39505 +0.4844  1   +0.6531    +0.0175     +0.0247  Null B, n=39505, rho=0.5           ABOVE ITS NULL
  SR | PCC(x,degree)             zebrafish    39505 +0.9305  1   +0.4300    +0.0234     +0.0311  Null B, n=39505, rho=0.93          ABOVE ITS NULL
  SR | CCAT                      zebrafish    39505 +0.9267  1   +0.4678    +0.0234     +0.0311  Null B, n=39505, rho=0.93          ABOVE ITS NULL
  CCAT | PCC(x,degree)           zebrafish    39505 +0.9982  1   -0.2209    +0.0054     +0.0115  Null B, n=39505, rho=0.998         not above (value is negative; the threshold is positive)
  ORIGINS | gene_count           zebrafish    39505 +0.3576  1   +0.4546    +0.0175     +0.0247  Null B, n=39505, rho=0.5           ABOVE ITS NULL
  ORIGINS | PCC(x,degree)        zebrafish    39505 +0.4339  1   +0.4019    +0.0175     +0.0247  Null B, n=39505, rho=0.5           ABOVE ITS NULL
  NCG | PCC(x,degree)            zebrafish     3000 +0.3778  1   +0.4015    +0.0180     +0.0411  Null B, n=3000, rho=0.5            ABOVE ITS NULL
  dpath | Shannon_H              zebrafish     3000 +0.4769  1   +0.1202    +0.0180     +0.0411  Null B, n=3000, rho=0.5            ABOVE ITS NULL
  SLICE | Shannon_H              zebrafish     3000 +0.9317  1   -0.1132    +0.0232     +0.0479  Null B, n=3000, rho=0.93           not above (value is negative; the threshold is positive)
  CytoTRACE_v1 | gc + loglib     zebrafish    39505 +0.4844  2   +0.4574    +0.0139     +0.0189  covariate arm, n=39505, k=2, rho=0.5 ABOVE ITS NULL
  SR | PCC + loglib              zebrafish    39505 +0.9305  2   +0.2340    +0.0193     +0.0257  covariate arm, n=39505, k=2, rho=0.93 ABOVE ITS NULL
  SR | CCAT + loglib             zebrafish    39505 +0.9267  2   +0.2533    +0.0193     +0.0257  covariate arm, n=39505, k=2, rho=0.93 ABOVE ITS NULL
  CCAT | PCC + loglib            zebrafish    39505 +0.9982  2   -0.0610    +0.0046     +0.0099  covariate arm, n=39505, k=2, rho=0.998 not above (value is negative; the threshold is positive)
  NCG | PCC + loglib             zebrafish     3000 +0.3778  2   +0.1740    +0.0163     +0.0358  covariate arm, n=3000, k=2, rho=0.5 ABOVE ITS NULL
  CytoTRACE_v1 | joint-4         zebrafish    39505 +0.4844  4   +0.2880    +0.0113     +0.0171  covariate arm, n=39505, k=4, rho=0.5 ABOVE ITS NULL
  SR | joint-4                   zebrafish    39505 +0.9305  4   +0.1830    +0.0165     +0.0227  covariate arm, n=39505, k=4, rho=0.93 ABOVE ITS NULL
  ORIGINS | joint-4              zebrafish    39505 +0.4339  4   +0.1560    +0.0113     +0.0171  covariate arm, n=39505, k=4, rho=0.5 ABOVE ITS NULL
  dpath | joint-4                zebrafish     3000 +0.4769  4   +0.1340    +0.0108     +0.0325  covariate arm, n=3000, k=4, rho=0.5 ABOVE ITS NULL
  CytoTRACE_v1 | gene_count      Xenopus     127607 +0.6360  1   +0.2680    +0.0177     +0.0228  Null B, n=127607, rho=0.5          ABOVE ITS NULL
  SR | PCC(x,degree)             Xenopus     127607 +0.9750  1   +0.2080    +0.0054     +0.0092  Null B, n=127607, rho=0.998        ABOVE ITS NULL
  SR | CCAT                      Xenopus     127607 +0.9290  1   +0.2370    +0.0234     +0.0289  Null B, n=127607, rho=0.93         ABOVE ITS NULL
  CCAT | PCC(x,degree)           Xenopus     127607 +0.9990  1   -0.2000    +0.0054     +0.0092  Null B, n=127607, rho=0.998        not above (value is negative; the threshold is positive)
  ORIGINS | gene_count           Xenopus     127607 +0.1400  1   +0.1760    +0.0011     +0.0038  Null B, n=127607, rho=0.0          ABOVE ITS NULL
  ORIGINS | PCC(x,degree)        Xenopus     127607 +0.1500  1   +0.1040    +0.0011     +0.0038  Null B, n=127607, rho=0.0          ABOVE ITS NULL
  SLICE | Shannon_H              Xenopus       3000 +0.8840  1   +0.2160    +0.0260     +0.0502  Null B, n=3000, rho=0.9            ABOVE ITS NULL
  dpath | Shannon_H              Xenopus       3000 +0.3200  1   +0.1890    +0.0180     +0.0411  Null B, n=3000, rho=0.5            ABOVE ITS NULL
  CytoTRACE_v1 | joint-4         Xenopus     127607 +0.6360  4   +0.1090    +0.0113     +0.0171  covariate arm, n=39505, k=4, rho=0.5 ABOVE ITS NULL
  SR | joint-4                   Xenopus     127607 +0.9750  4   +0.1240    +0.0036     +0.0104  covariate arm, n=39505, k=4, rho=0.998 ABOVE ITS NULL
  ORIGINS | joint-4              Xenopus     127607 +0.1500  4   +0.0380    +0.0020     +0.0069  covariate arm, n=39505, k=4, rho=0.0 ABOVE ITS NULL
  dpath | joint-4                Xenopus       3000 +0.3200  4   +0.0880    +0.0108     +0.0325  covariate arm, n=3000, k=4, rho=0.5 ABOVE ITS NULL

--- wtau   [weightedtau_rankTrue] ---
  row                            atlas            n     rho  k     value  null mean  null 97.5%  null cell used                     verdict
  CytoTRACE_v1 | gene_count      zebrafish    39505 +0.4844  1   +0.7901    +0.1379     +0.2238  Null B, n=39505, rho=0.5           ABOVE ITS NULL
  SR | PCC(x,degree)             zebrafish    39505 +0.9305  1   +0.7366    +0.2283     +0.2971  Null B, n=39505, rho=0.93          ABOVE ITS NULL
  SR | CCAT                      zebrafish    39505 +0.9267  1   +0.7522    +0.2283     +0.2971  Null B, n=39505, rho=0.93          ABOVE ITS NULL
  CCAT | PCC(x,degree)           zebrafish    39505 +0.9982  1   +0.1716    +0.2719     +0.3432  Null B, n=39505, rho=0.998         at or below its null mean
  ORIGINS | gene_count           zebrafish    39505 +0.3576  1   +0.4772    +0.1379     +0.2238  Null B, n=39505, rho=0.5           ABOVE ITS NULL
  ORIGINS | PCC(x,degree)        zebrafish    39505 +0.4339  1   +0.5272    +0.1379     +0.2238  Null B, n=39505, rho=0.5           ABOVE ITS NULL
  NCG | PCC(x,degree)            zebrafish     3000 +0.3778  1   +0.7199    +0.1165     +0.2417  Null B, n=3000, rho=0.5            ABOVE ITS NULL
  dpath | Shannon_H              zebrafish     3000 +0.4769  1   +0.1914    +0.1165     +0.2417  Null B, n=3000, rho=0.5            above the null mean only -- NOT above its null
  SLICE | Shannon_H              zebrafish     3000 +0.9317  1   -0.0522    +0.1884     +0.2822  Null B, n=3000, rho=0.93           not above (value is negative; the threshold is positive)
  CytoTRACE_v1 | gc + loglib     zebrafish    39505 +0.4844  2   +0.7398    +0.1657     +0.2349  covariate arm, n=39505, k=2, rho=0.5 ABOVE ITS NULL
  SR | PCC + loglib              zebrafish    39505 +0.9305  2   +0.6575    +0.2399     +0.2957  covariate arm, n=39505, k=2, rho=0.93 ABOVE ITS NULL
  SR | CCAT + loglib             zebrafish    39505 +0.9267  2   +0.6618    +0.2399     +0.2957  covariate arm, n=39505, k=2, rho=0.93 ABOVE ITS NULL
  CCAT | PCC + loglib            zebrafish    39505 +0.9982  2   +0.3837    +0.2767     +0.3442  covariate arm, n=39505, k=2, rho=0.998 ABOVE ITS NULL
  NCG | PCC + loglib             zebrafish     3000 +0.3778  2   +0.4010    +0.1373     +0.2190  covariate arm, n=3000, k=2, rho=0.5 ABOVE ITS NULL
  CytoTRACE_v1 | joint-4         zebrafish    39505 +0.4844  4   +0.7000    +0.1753     +0.2417  covariate arm, n=39505, k=4, rho=0.5 ABOVE ITS NULL
  SR | joint-4                   zebrafish    39505 +0.9305  4   +0.6560    +0.2531     +0.3234  covariate arm, n=39505, k=4, rho=0.93 ABOVE ITS NULL
  ORIGINS | joint-4              zebrafish    39505 +0.4339  4   +0.1550    +0.1753     +0.2417  covariate arm, n=39505, k=4, rho=0.5 at or below its null mean
  dpath | joint-4                zebrafish     3000 +0.4769  4   +0.2410    +0.1482     +0.2329  covariate arm, n=3000, k=4, rho=0.5 ABOVE ITS NULL
  CytoTRACE_v1 | gene_count      Xenopus     127607 +0.6360  1   +0.5310    +0.1425     +0.2300  Null B, n=127607, rho=0.5          ABOVE ITS NULL
  SR | PCC(x,degree)             Xenopus     127607 +0.9750  1   +0.5380    +0.2911     +0.3544  Null B, n=127607, rho=0.998        ABOVE ITS NULL
  SR | CCAT                      Xenopus     127607 +0.9290  1   +0.5660    +0.2430     +0.3192  Null B, n=127607, rho=0.93         ABOVE ITS NULL
  CCAT | PCC(x,degree)           Xenopus     127607 +0.9990  1   +0.2130    +0.2911     +0.3544  Null B, n=127607, rho=0.998        at or below its null mean
  ORIGINS | gene_count           Xenopus     127607 +0.1400  1   +0.4250    +0.2734     +0.4376  Null B, n=127607, rho=0.0          above the null mean only -- NOT above its null
  ORIGINS | PCC(x,degree)        Xenopus     127607 +0.1500  1   +0.2880    +0.2734     +0.4376  Null B, n=127607, rho=0.0          above the null mean only -- NOT above its null
  SLICE | Shannon_H              Xenopus       3000 +0.8840  1   +0.3850    +0.1812     +0.2914  Null B, n=3000, rho=0.9            ABOVE ITS NULL
  dpath | Shannon_H              Xenopus       3000 +0.3200  1   +0.1390    +0.1165     +0.2417  Null B, n=3000, rho=0.5            above the null mean only -- NOT above its null
  CytoTRACE_v1 | joint-4         Xenopus     127607 +0.6360  4   +0.4400    +0.1753     +0.2417  covariate arm, n=39505, k=4, rho=0.5 ABOVE ITS NULL
  SR | joint-4                   Xenopus     127607 +0.9750  4   +0.5200    +0.2742     +0.3388  covariate arm, n=39505, k=4, rho=0.998 ABOVE ITS NULL
  ORIGINS | joint-4              Xenopus     127607 +0.1500  4   +0.3670    +0.2665     +0.3571  covariate arm, n=39505, k=4, rho=0.0 ABOVE ITS NULL
  dpath | joint-4                Xenopus       3000 +0.3200  4   +0.0180    +0.1482     +0.2329  covariate arm, n=3000, k=4, rho=0.5 at or below its null mean

  Reported by the manuscript but NOT placeable against this grid:
   - StemID | transcriptome entropy  [zebrafish]
       not a measurement: figures/make_paper_a_figures.py plots rho 0.990 / skill 0.000 as a literal with no run behind it (reproduction/table.md says so explicitly). There is no measured value to test.
   - cmEntropy | transcriptome entropy  [zebrafish]
       same: a literal, not a run.
   - CytoTRACE_v1 | gene_count (HSC/GMP depth cell)  [sorted haematopoietic]
       different estimator and a different ordinal. The +0.190 [+0.138,+0.221] comes from the w4 single-covariate residual, which has no align step, on GSE117498 sorted progenitors with a binary-to-few-level ordering, not on the 12-level developmental ordinal this grid simulates. The manuscript flags the estimator mismatch itself. The nearest thing this grid offers is the levels=2 secondary sweep, which is reported separately and is not a substitute.
   - CytoTRACE_v1 marginal gap over gene_count  [sorted haematopoietic]
       a marginal weighted-tau gap, not a conditional-skill residual. The grid measures the residual estimator only.
   - CT2 margin over gene counts  [23-dataset probe]
       a median margin across datasets from a different probe (Kang 2025 replication), not a residual against a primitive on a staged ordinal.

====================================================================================================
3. PRE-REGISTERED PREDICTIONS P1 .. P5
====================================================================================================

P1  weightedtau(rank=True) carries a positive null bias near +0.3 that does NOT shrink with n.

  P1 under Null A   [weightedtau_rankTrue, Null A, align on, rho < 1 only]
           n  cells      mean       sd     mcse  min 2.5%  max 97.5%  zero?
         500      5   +0.1883   0.0666   0.0021   +0.0536    +0.3227  NO
        3000      5   +0.2407   0.0461   0.0015   +0.1489    +0.3317  NO
       10000      5   +0.2689   0.0389   0.0012   +0.1912    +0.3539  NO
       39505      5   +0.2912   0.0353   0.0011   +0.2199    +0.3575  NO
      127607      5   +0.3085   0.0310   0.0010   +0.2370    +0.3741  NO
    across n: +0.1883 .. +0.3085   ratio max/min = 1.64

  P1 under Null B   [weightedtau_rankTrue, Null B, align on, rho < 1 only]
           n  cells      mean       sd     mcse  min 2.5%  max 97.5%  zero?
         500     15   +0.1372   0.0661   0.0012   -0.0153    +0.3450  NO
        3000     15   +0.1849   0.0475   0.0009   +0.0372    +0.3682  NO
       10000     15   +0.2040   0.0428   0.0008   +0.0596    +0.3917  NO
       39505     15   +0.2218   0.0385   0.0008   +0.0774    +0.4069  NO
      127607     15   +0.2358   0.0369   0.0008   +0.0864    +0.4376  NO
    across n: +0.1372 .. +0.2358   ratio max/min = 1.72

P2  Kendall tau_b's null mean is within Monte Carlo error of 0 at every n.

  P2 under Null A   [kendalltau, Null A, align on, rho < 1 only]
           n  cells      mean       sd     mcse  min 2.5%  max 97.5%  zero?
         500      5   +0.0159   0.0265   0.0009   -0.0518    +0.0768  NO
        3000      5   +0.0057   0.0106   0.0003   -0.0273    +0.0297  NO
       10000      5   +0.0034   0.0060   0.0002   -0.0134    +0.0180  NO
       39505      5   +0.0017   0.0030   0.0001   -0.0069    +0.0084  NO
      127607      5   +0.0008   0.0016   0.0001   -0.0037    +0.0048  NO
    across n: +0.0008 .. +0.0159   ratio max/min = 18.78

  P2 under Null B  (P2 was stated for the kernel, not for this null; shown for completeness)   [kendalltau, Null B, align on, rho < 1 only]
           n  cells      mean       sd     mcse  min 2.5%  max 97.5%  zero?
         500     15   +0.0178   0.0251   0.0005   -0.0555    +0.0804  NO
        3000     15   +0.0161   0.0102   0.0002   -0.0183    +0.0502  NO
       10000     15   +0.0152   0.0057   0.0001   -0.0078    +0.0387  NO
       39505     15   +0.0147   0.0028   0.0001   -0.0024    +0.0325  NO
      127607     15   +0.0146   0.0016   0.0000   -0.0014    +0.0308  NO
    across n: +0.0146 .. +0.0178   ratio max/min = 1.22

P3  Under Null B the residual carries a positive floor near +0.03, flat in n, with sd falling as n grows.

  P3, Null B, tau_b   [kendalltau, Null B, align on, rho < 1 only]
           n  cells      mean       sd     mcse  min 2.5%  max 97.5%  zero?
         500     15   +0.0178   0.0251   0.0005   -0.0555    +0.0804  NO
        3000     15   +0.0161   0.0102   0.0002   -0.0183    +0.0502  NO
       10000     15   +0.0152   0.0057   0.0001   -0.0078    +0.0387  NO
       39505     15   +0.0147   0.0028   0.0001   -0.0024    +0.0325  NO
      127607     15   +0.0146   0.0016   0.0000   -0.0014    +0.0308  NO
    across n: +0.0146 .. +0.0178   ratio max/min = 1.22

    sd by n, Null B, tau_b, align on, rho < 1 (P3's second half):
      n=    500  sd = 0.0251   fraction of cells whose 2.5th percentile is > 0: 0/15
      n=   3000  sd = 0.0102   fraction of cells whose 2.5th percentile is > 0: 7/15
      n=  10000  sd = 0.0057   fraction of cells whose 2.5th percentile is > 0: 9/15
      n=  39505  sd = 0.0028   fraction of cells whose 2.5th percentile is > 0: 10/15
      n= 127607  sd = 0.0016   fraction of cells whose 2.5th percentile is > 0: 12/15

P4  weightedtau(rank=False) has a null mean near 0.

  P4 under Null A   [weightedtau_rankFalse, Null A, align on, rho < 1 only]
           n  cells      mean       sd     mcse  min 2.5%  max 97.5%  zero?
         500      5   +0.0170   0.0706   0.0022   -0.1487    +0.1683  NO
        3000      5   +0.0025   0.0514   0.0016   -0.1019    +0.1198  yes
       10000      5   +0.0027   0.0469   0.0015   -0.0935    +0.1000  yes
       39505      5   +0.0011   0.0392   0.0012   -0.0785    +0.0869  yes
      127607      5   +0.0021   0.0355   0.0011   -0.0693    +0.0823  yes
    across n: +0.0011 .. +0.0170   ratio max/min = 16.09

  P4 under Null B   [weightedtau_rankFalse, Null B, align on, rho < 1 only]
           n  cells      mean       sd     mcse  min 2.5%  max 97.5%  zero?
         500     15   +0.0170   0.0673   0.0012   -0.1474    +0.1685  NO
        3000     15   +0.0167   0.0510   0.0009   -0.1064    +0.1442  NO
       10000     15   +0.0162   0.0435   0.0008   -0.0827    +0.1079  NO
       39505     15   +0.0151   0.0383   0.0007   -0.0823    +0.1075  NO
      127607     15   +0.0136   0.0349   0.0006   -0.0737    +0.0936  NO
    across n: +0.0136 .. +0.0170   ratio max/min = 1.25

P5  null mean with align ON exceeds null mean with align OFF, under every kernel.

    Null A   (rho < 1 only)
    kernel                        n   align on  align off  difference  2*mcse(diff)  P5 holds?
    weightedtau_rankTrue        500    +0.1883    +0.1736     +0.0147        0.0061  yes
    weightedtau_rankTrue       3000    +0.2407    +0.2340     +0.0067        0.0042  yes
    weightedtau_rankTrue      10000    +0.2689    +0.2634     +0.0054        0.0035  yes
    weightedtau_rankTrue      39505    +0.2912    +0.2898     +0.0014        0.0031  NO
    weightedtau_rankTrue     127607    +0.3085    +0.3068     +0.0017        0.0028  NO
    weightedtau_rankFalse       500    +0.0170    -0.0027     +0.0196        0.0064  yes
    weightedtau_rankFalse      3000    +0.0025    +0.0031     -0.0005        0.0048  NO
    weightedtau_rankFalse     10000    +0.0027    -0.0004     +0.0031        0.0042  NO
    weightedtau_rankFalse     39505    +0.0011    -0.0021     +0.0031        0.0036  NO
    weightedtau_rankFalse    127607    +0.0021    +0.0002     +0.0019        0.0031  NO
    kendalltau                  500    +0.0159    -0.0005     +0.0164        0.0026  yes
    kendalltau                 3000    +0.0057    -0.0003     +0.0060        0.0010  yes
    kendalltau                10000    +0.0034    -0.0000     +0.0034        0.0006  yes
    kendalltau                39505    +0.0017    -0.0000     +0.0017        0.0003  yes
    kendalltau               127607    +0.0008    +0.0000     +0.0008        0.0002  yes

    Null B   (rho < 1 only)
    kernel                        n   align on  align off  difference  2*mcse(diff)  P5 holds?
    weightedtau_rankTrue        500    +0.1372    +0.1406     -0.0034        0.0034  NO
    weightedtau_rankTrue       3000    +0.1849    +0.1871     -0.0022        0.0026  NO
    weightedtau_rankTrue      10000    +0.2040    +0.2083     -0.0042        0.0024  NO
    weightedtau_rankTrue      39505    +0.2218    +0.2290     -0.0072        0.0023  NO
    weightedtau_rankTrue     127607    +0.2358    +0.2404     -0.0046        0.0023  NO
    weightedtau_rankFalse       500    +0.0170    +0.0167     +0.0003        0.0035  NO
    weightedtau_rankFalse      3000    +0.0167    +0.0150     +0.0017        0.0026  NO
    weightedtau_rankFalse     10000    +0.0162    +0.0146     +0.0016        0.0023  NO
    weightedtau_rankFalse     39505    +0.0151    +0.0141     +0.0010        0.0020  NO
    weightedtau_rankFalse    127607    +0.0136    +0.0154     -0.0018        0.0018  NO
    kendalltau                  500    +0.0178    +0.0154     +0.0024        0.0013  yes
    kendalltau                 3000    +0.0161    +0.0147     +0.0015        0.0005  yes
    kendalltau                10000    +0.0152    +0.0143     +0.0009        0.0003  yes
    kendalltau                39505    +0.0147    +0.0143     +0.0004        0.0002  yes
    kendalltau               127607    +0.0146    +0.0144     +0.0002        0.0001  yes

====================================================================================================
4. PRE-REGISTRATION SECTION 5 — THE ddof DELIVERABLE, PER ROW
====================================================================================================
  atlas      row                           n  k      rho basis           |shift| wtau  |shift| tau_b  implementation / note
  zebrafish  SLICE | Shannon_H          3000  1  +0.9317 real vectors        2.43e-04       4.03e-04  rank_resid_multi (lstsq, intercept)
  zebrafish  dpath | Shannon_H          3000  1  +0.4769 real vectors        5.95e-05       7.16e-05  rank_resid_multi (lstsq, intercept)
  zebrafish  NCG | PCC(x,degree)        3000  1  +0.3778 real vectors        1.90e-05       5.59e-05  rank_resid_multi (lstsq, intercept)
  zebrafish  NCG | PCC + loglib         3000  2       -- real vectors             n/a            n/a  the cov/var form takes exactly one covariate; a k=2 residual is only expressible as rank_resid_multi, so the ddof mismatch cannot arise on this row
  zebrafish  dpath | joint-4            3000  4       -- real vectors             n/a            n/a  the cov/var form takes exactly one covariate; a k=4 residual is only expressible as rank_resid_multi, so the ddof mismatch cannot arise on this row
  Xenopus    SLICE | Shannon_H          3000  1  +0.8840 real vectors        1.27e-05       1.11e-05  rank_resid_multi (lstsq, intercept)
  Xenopus    dpath | Shannon_H          3000  1  +0.3232 real vectors        4.93e-05       2.91e-06  rank_resid_multi (lstsq, intercept)
  Xenopus    dpath | joint-4            3000  4       -- real vectors             n/a            n/a  the cov/var form takes exactly one covariate; a k=4 residual is only expressible as rank_resid_multi, so the ddof mismatch cannot arise on this row

  matched-synthetic comparison at the same n and rho (200 seeds), for the k=1 rows:
  atlas      row                        synth mean |d| wtau  synth max  synth mean |d| tau_b  synth max
  zebrafish  SLICE | Shannon_H                     1.53e-04   3.84e-04              3.29e-04   3.96e-04
  zebrafish  dpath | Shannon_H                     7.53e-05   8.08e-04              1.04e-04   1.36e-04
  zebrafish  NCG | PCC(x,degree)                   7.03e-05   1.59e-03              8.57e-05   1.14e-04
  Xenopus    SLICE | Shannon_H                     1.38e-04   9.45e-04              2.74e-04   3.34e-04
  Xenopus    dpath | Shannon_H                     6.47e-05   6.55e-04              7.92e-05   1.62e-04

====================================================================================================
5. THE SHIPPED DECISION RULE UNDER THE NULL
====================================================================================================
  null_decision_rule.csv absent — not run.

====================================================================================================
6. THE rho = 1.0 REGIME  (rank(score) == rank(primitive) identically)
====================================================================================================

  weightedtau_rankTrue, Null B, align on, all three strengths
           n   str      mean       sd     mcse      2.5%     97.5%       min       max   fin
         500  0.45   +0.1424   0.4202   0.0297   -0.3618   +0.6729   -0.3946   +0.6874   200
         500  0.55   +0.1644   0.4879   0.0345   -0.4787   +0.7286   -0.5395   +0.7464   200
         500  0.63   +0.1265   0.5366   0.0381   -0.5611   +0.7526   -0.6168   +0.7626   198
        3000  0.45   +0.1984   0.4007   0.0284   -0.2389   +0.7016   -0.2565   +0.7127   199
        3000  0.55   +0.1749   0.4676   0.0331   -0.3589   +0.7411   -0.4072   +0.7626   200
        3000  0.63   +0.1013   0.5201   0.0369   -0.4762   +0.7414   -0.4980   +0.7968   199
       10000  0.45   +0.4379   0.3547   0.0251   -0.1903   +0.7245   -0.2228   +0.7299   200
       10000  0.55   +0.4355   0.4116   0.0291   -0.2938   +0.7621   -0.3179   +0.7716   200
       10000  0.63   +0.3846   0.4771   0.0337   -0.3922   +0.7905   -0.4242   +0.7935   200
       39505  0.45   -0.0332   0.2550   0.0180   -0.1751   +0.7089   -0.1900   +0.7644   200
       39505  0.55   -0.1168   0.3098   0.0219   -0.2735   +0.7404   -0.2888   +0.7983   200
       39505  0.63   -0.1686   0.3746   0.0265   -0.3646   +0.8002   -0.3729   +0.8256   200
      127607  0.45   +0.2497   0.4267   0.0302   -0.1530   +0.7776   -0.1824   +0.7786   200
      127607  0.55   +0.1983   0.4825   0.0341   -0.2425   +0.8097   -0.2567   +0.8113   200
      127607  0.63   +0.2068   0.5403   0.0383   -0.3246   +0.8356   -0.3323   +0.8366   199
    across all rho=1.0 cells: min -0.1686 max +0.4379   sign changes: yes
    Null A, align on, rho = 1.0:  n=500: +0.3119  n=3000: +0.3905  n=10000: +0.4730  n=39505: +0.4614  n=127607: +0.5239

  weightedtau_rankFalse, Null B, align on, all three strengths
           n   str      mean       sd     mcse      2.5%     97.5%       min       max   fin
         500  0.45   -0.0071   0.3136   0.0222   -0.4498   +0.4353   -0.5096   +0.4860   200
         500  0.55   +0.0461   0.3795   0.0268   -0.5208   +0.5012   -0.5798   +0.5523   200
         500  0.63   +0.0441   0.4231   0.0301   -0.5462   +0.5596   -0.5876   +0.5806   198
        3000  0.45   +0.0050   0.2986   0.0212   -0.3914   +0.3868   -0.4271   +0.4286   199
        3000  0.55   +0.0314   0.3654   0.0258   -0.4853   +0.4813   -0.5312   +0.5248   200
        3000  0.63   +0.0025   0.4224   0.0299   -0.5261   +0.5437   -0.5932   +0.5629   199
       10000  0.45   +0.1841   0.2378   0.0168   -0.3654   +0.4095   -0.4094   +0.4401   200
       10000  0.55   +0.2165   0.2995   0.0212   -0.4485   +0.4864   -0.5220   +0.4958   200
       10000  0.63   +0.2104   0.3744   0.0265   -0.5140   +0.5450   -0.5422   +0.5633   200
       39505  0.45   -0.2342   0.2104   0.0149   -0.3927   +0.3585   -0.4115   +0.3910   200
       39505  0.55   -0.2841   0.2706   0.0191   -0.4690   +0.4380   -0.4766   +0.5102   200
       39505  0.63   -0.3162   0.3351   0.0237   -0.5362   +0.5168   -0.5486   +0.5395   200
      127607  0.45   -0.0249   0.3164   0.0224   -0.3763   +0.3715   -0.4361   +0.4047   200
      127607  0.55   -0.0358   0.3939   0.0279   -0.4588   +0.4563   -0.4813   +0.4685   200
      127607  0.63   +0.0037   0.4449   0.0315   -0.5101   +0.5130   -0.5356   +0.5394   199
    across all rho=1.0 cells: min -0.3162 max +0.2165   sign changes: yes
    Null A, align on, rho = 1.0:  n=500: -0.0064  n=3000: +0.0039  n=10000: +0.0062  n=39505: +0.0025  n=127607: -0.0016

  kendalltau, Null B, align on, all three strengths
           n   str      mean       sd     mcse      2.5%     97.5%       min       max   fin
         500  0.45   -0.0011   0.3094   0.0219   -0.3863   +0.3789   -0.3992   +0.4107   200
         500  0.55   +0.0448   0.3716   0.0263   -0.4592   +0.4602   -0.4776   +0.4913   200
         500  0.63   +0.0457   0.4238   0.0301   -0.5255   +0.5176   -0.5510   +0.5402   198
        3000  0.45   +0.0065   0.2995   0.0212   -0.3457   +0.3509   -0.3588   +0.3608   199
        3000  0.55   +0.0359   0.3605   0.0255   -0.4193   +0.4320   -0.4425   +0.4436   200
        3000  0.63   +0.0011   0.4205   0.0298   -0.4870   +0.5018   -0.4969   +0.5074   199
       10000  0.45   +0.1815   0.2343   0.0166   -0.3372   +0.3443   -0.3391   +0.3504   200
       10000  0.55   +0.2169   0.2995   0.0212   -0.4156   +0.4267   -0.4230   +0.4354   200
       10000  0.63   +0.2085   0.3729   0.0264   -0.4824   +0.4911   -0.4876   +0.4931   200
       39505  0.45   -0.2352   0.2057   0.0145   -0.3387   +0.3332   -0.3456   +0.3384   200
       39505  0.55   -0.2856   0.2699   0.0191   -0.4167   +0.4133   -0.4212   +0.4177   200
       39505  0.63   -0.3158   0.3312   0.0234   -0.4833   +0.4803   -0.4861   +0.4825   200
      127607  0.45   -0.0242   0.3198   0.0226   -0.3400   +0.3403   -0.3417   +0.3412   200
      127607  0.55   -0.0315   0.3912   0.0277   -0.4203   +0.4200   -0.4234   +0.4235   200
      127607  0.63   +0.0042   0.4502   0.0319   -0.4878   +0.4886   -0.4889   +0.4897   199
    across all rho=1.0 cells: min -0.3158 max +0.2169   sign changes: yes
    Null A, align on, rho = 1.0:  n=500: +0.0047  n=3000: +0.0006  n=10000: +0.0023  n=39505: -0.0007  n=127607: -0.0003
